accession,accession_base,sequence_length,molecule_type,topology,deposited_name,accepted_name,found_via_name,marker_raw,marker_normalized,marker_category,normalization_status,geo_loc_name,country,locality,lat_lon,collection_date,collected_by,identified_by,voucher_raw,voucher_present,isolate,strain,clone,isolation_source,source_note,db_xref,reference_title,reference_journal,reference_authors,name_relationship,reconciliation_status
LC906024.1,LC906024,356,DNA,linear,Ficopomatus enigmaticus,Ficopomatus enigmaticus,Ficopomatus enigmaticus; Mercierella enigmatica,16S ribosomal RNA,16S,mitochondrial_rRNA,NORMALIZED,"Japan: Fukushima, Matsukawa-ura lagoon, Isobe",,,,2020-06-24,,,,False,mtk_fe9,,,,,taxon:283780,DNA barcoding of annelids from tidal flats of the Japanese Archipelago,"Plankton Benthos Res. 21 (3), 194-208 (2026)","Kobayashi,G., Kan,K., Soma,R., Tanaka,M., Jimi,N. and Abe,H.",ACCEPTED_NAME,RECONCILED
LC906023.1,LC906023,421,DNA,linear,Ficopomatus enigmaticus,Ficopomatus enigmaticus,Ficopomatus enigmaticus; Mercierella enigmatica,16S ribosomal RNA,16S,mitochondrial_rRNA,NORMALIZED,"Japan: Fukushima, Matsukawa-ura lagoon, Isobe",,,,2020-06-24,,,,False,mtk_fe8,,,,,taxon:283780,DNA barcoding of annelids from tidal flats of the Japanese Archipelago,"Plankton Benthos Res. 21 (3), 194-208 (2026)","Kobayashi,G., Kan,K., Soma,R., Tanaka,M., Jimi,N. and Abe,H.",ACCEPTED_NAME,RECONCILED
LC906022.1,LC906022,355,DNA,linear,Ficopomatus enigmaticus,Ficopomatus enigmaticus,Ficopomatus enigmaticus; Mercierella enigmatica,16S ribosomal RNA,16S,mitochondrial_rRNA,NORMALIZED,"Japan: Fukushima, Matsukawa-ura lagoon, Isobe",,,,2020-06-24,,,,False,mtk_fe7,,,,,taxon:283780,DNA barcoding of annelids from tidal flats of the Japanese Archipelago,"Plankton Benthos Res. 21 (3), 194-208 (2026)","Kobayashi,G., Kan,K., Soma,R., Tanaka,M., Jimi,N. and Abe,H.",ACCEPTED_NAME,RECONCILED
LC906021.1,LC906021,421,DNA,linear,Ficopomatus enigmaticus,Ficopomatus enigmaticus,Ficopomatus enigmaticus; Mercierella enigmatica,16S ribosomal RNA,16S,mitochondrial_rRNA,NORMALIZED,"Japan: Fukushima, Matsukawa-ura lagoon, Isobe",,,,2020-06-24,,,,False,mtk_fe6,,,,,taxon:283780,DNA barcoding of annelids from tidal flats of the Japanese Archipelago,"Plankton Benthos Res. 21 (3), 194-208 (2026)","Kobayashi,G., Kan,K., Soma,R., Tanaka,M., Jimi,N. and Abe,H.",ACCEPTED_NAME,RECONCILED
LC906020.1,LC906020,356,DNA,linear,Ficopomatus enigmaticus,Ficopomatus enigmaticus,Ficopomatus enigmaticus; Mercierella enigmatica,16S ribosomal RNA,16S,mitochondrial_rRNA,NORMALIZED,"Japan: Fukushima, Matsukawa-ura lagoon, Isobe",,,,2020-06-24,,,,False,mtk_fe5,,,,,taxon:283780,DNA barcoding of annelids from tidal flats of the Japanese Archipelago,"Plankton Benthos Res. 21 (3), 194-208 (2026)","Kobayashi,G., Kan,K., Soma,R., Tanaka,M., Jimi,N. and Abe,H.",ACCEPTED_NAME,RECONCILED
LC906019.1,LC906019,421,DNA,linear,Ficopomatus enigmaticus,Ficopomatus enigmaticus,Ficopomatus enigmaticus; Mercierella enigmatica,16S ribosomal RNA,16S,mitochondrial_rRNA,NORMALIZED,"Japan: Fukushima, Matsukawa-ura lagoon, Isobe",,,,2020-06-24,,,,False,MTK_Fe4,,,,,taxon:283780,DNA barcoding of annelids from tidal flats of the Japanese Archipelago,"Plankton Benthos Res. 21 (3), 194-208 (2026)","Kobayashi,G., Kan,K., Soma,R., Tanaka,M., Jimi,N. and Abe,H.",ACCEPTED_NAME,RECONCILED
LC906018.1,LC906018,788,DNA,linear,Ficopomatus enigmaticus,Ficopomatus enigmaticus,Ficopomatus enigmaticus; Mercierella enigmatica,28S ribosomal RNA,28S,nuclear_rRNA,NORMALIZED,"Japan: Fukushima, Matsukawa-ura lagoon, Isobe",,,,2020-06-24,,,,False,MTK_FE4,,,,,taxon:283780,DNA barcoding of annelids from tidal flats of the Japanese Archipelago,"Plankton Benthos Res. 21 (3), 194-208 (2026)","Kobayashi,G., Kan,K., Soma,R., Tanaka,M., Jimi,N. and Abe,H.",ACCEPTED_NAME,RECONCILED
LC906017.1,LC906017,421,DNA,linear,Ficopomatus enigmaticus,Ficopomatus enigmaticus,Ficopomatus enigmaticus; Mercierella enigmatica,16S ribosomal RNA,16S,mitochondrial_rRNA,NORMALIZED,"Japan: Fukushima, Matsukawa-ura lagoon, Isobe",,,,2020-06-24,,,,False,MTK_Fe3,,,,,taxon:283780,DNA barcoding of annelids from tidal flats of the Japanese Archipelago,"Plankton Benthos Res. 21 (3), 194-208 (2026)","Kobayashi,G., Kan,K., Soma,R., Tanaka,M., Jimi,N. and Abe,H.",ACCEPTED_NAME,RECONCILED
LC906016.1,LC906016,788,DNA,linear,Ficopomatus enigmaticus,Ficopomatus enigmaticus,Ficopomatus enigmaticus; Mercierella enigmatica,28S ribosomal RNA,28S,nuclear_rRNA,NORMALIZED,"Japan: Fukushima, Matsukawa-ura lagoon, Isobe",,,,2020-06-24,,,,False,MTK_FE3,,,,,taxon:283780,DNA barcoding of annelids from tidal flats of the Japanese Archipelago,"Plankton Benthos Res. 21 (3), 194-208 (2026)","Kobayashi,G., Kan,K., Soma,R., Tanaka,M., Jimi,N. and Abe,H.",ACCEPTED_NAME,RECONCILED
LC906015.1,LC906015,421,DNA,linear,Ficopomatus enigmaticus,Ficopomatus enigmaticus,Ficopomatus enigmaticus; Mercierella enigmatica,16S ribosomal RNA,16S,mitochondrial_rRNA,NORMALIZED,"Japan: Fukushima, Matsukawa-ura lagoon, Isobe",,,,2020-06-24,,,,False,mtk_fe2,,,,,taxon:283780,DNA barcoding of annelids from tidal flats of the Japanese Archipelago,"Plankton Benthos Res. 21 (3), 194-208 (2026)","Kobayashi,G., Kan,K., Soma,R., Tanaka,M., Jimi,N. and Abe,H.",ACCEPTED_NAME,RECONCILED
LC906014.1,LC906014,421,DNA,linear,Ficopomatus enigmaticus,Ficopomatus enigmaticus,Ficopomatus enigmaticus; Mercierella enigmatica,16S ribosomal RNA,16S,mitochondrial_rRNA,NORMALIZED,"Japan: Fukushima, Matsukawa-ura lagoon, Isobe",,,,2020-06-24,,,,False,mtk_fe12,,,,,taxon:283780,DNA barcoding of annelids from tidal flats of the Japanese Archipelago,"Plankton Benthos Res. 21 (3), 194-208 (2026)","Kobayashi,G., Kan,K., Soma,R., Tanaka,M., Jimi,N. and Abe,H.",ACCEPTED_NAME,RECONCILED
LC906013.1,LC906013,421,DNA,linear,Ficopomatus enigmaticus,Ficopomatus enigmaticus,Ficopomatus enigmaticus; Mercierella enigmatica,16S ribosomal RNA,16S,mitochondrial_rRNA,NORMALIZED,"Japan: Fukushima, Matsukawa-ura lagoon, Isobe",,,,2020-06-24,,,,False,mtk_fe11,,,,,taxon:283780,DNA barcoding of annelids from tidal flats of the Japanese Archipelago,"Plankton Benthos Res. 21 (3), 194-208 (2026)","Kobayashi,G., Kan,K., Soma,R., Tanaka,M., Jimi,N. and Abe,H.",ACCEPTED_NAME,RECONCILED
LC906012.1,LC906012,421,DNA,linear,Ficopomatus enigmaticus,Ficopomatus enigmaticus,Ficopomatus enigmaticus; Mercierella enigmatica,16S ribosomal RNA,16S,mitochondrial_rRNA,NORMALIZED,"Japan: Fukushima, Matsukawa-ura lagoon, Isobe",,,,2020-06-24,,,,False,mtk_fe10,,,,,taxon:283780,DNA barcoding of annelids from tidal flats of the Japanese Archipelago,"Plankton Benthos Res. 21 (3), 194-208 (2026)","Kobayashi,G., Kan,K., Soma,R., Tanaka,M., Jimi,N. and Abe,H.",ACCEPTED_NAME,RECONCILED
LC906011.1,LC906011,420,DNA,linear,Ficopomatus enigmaticus,Ficopomatus enigmaticus,Ficopomatus enigmaticus; Mercierella enigmatica,16S ribosomal RNA,16S,mitochondrial_rRNA,NORMALIZED,"Japan: Fukushima, Matsukawa-ura lagoon, Isobe",,,,2020-06-24,,,,False,mtk_fe1,,,,,taxon:283780,DNA barcoding of annelids from tidal flats of the Japanese Archipelago,"Plankton Benthos Res. 21 (3), 194-208 (2026)","Kobayashi,G., Kan,K., Soma,R., Tanaka,M., Jimi,N. and Abe,H.",ACCEPTED_NAME,RECONCILED
PV983840.1,PV983840,375,DNA,linear,Ficopomatus enigmaticus,Ficopomatus enigmaticus,Ficopomatus enigmaticus; Mercierella enigmatica,cytochrome b,CytB,mitochondrial_protein_coding,NORMALIZED,Netherlands: Noordzeekanaal Amsterdam,,,,,,,W49369,True,,,,,,taxon:283780,The population structure of Ficopomatus enigmaticus in Galveston Bay,Unpublished,"Fernandez Rodriguez,V. and Schulze,A.",ACCEPTED_NAME,RECONCILED
PV983839.1,PV983839,390,DNA,linear,Ficopomatus enigmaticus,Ficopomatus enigmaticus,Ficopomatus enigmaticus; Mercierella enigmatica,cytochrome b,CytB,mitochondrial_protein_coding,NORMALIZED,"Japan: Tokyo Bay, Odaiba",,,,,,,W48413,True,,,,,,taxon:283780,The population structure of Ficopomatus enigmaticus in Galveston Bay,Unpublished,"Fernandez Rodriguez,V. and Schulze,A.",ACCEPTED_NAME,RECONCILED
PV983838.1,PV983838,390,DNA,linear,Ficopomatus enigmaticus,Ficopomatus enigmaticus,Ficopomatus enigmaticus; Mercierella enigmatica,cytochrome b,CytB,mitochondrial_protein_coding,NORMALIZED,"Japan: Tokyo Bay, Odaiba",,,,,,,W48415,True,,,,,,taxon:283780,The population structure of Ficopomatus enigmaticus in Galveston Bay,Unpublished,"Fernandez Rodriguez,V. and Schulze,A.",ACCEPTED_NAME,RECONCILED
PV983837.1,PV983837,390,DNA,linear,Ficopomatus enigmaticus,Ficopomatus enigmaticus,Ficopomatus enigmaticus; Mercierella enigmatica,cytochrome b,CytB,mitochondrial_protein_coding,NORMALIZED,"Japan: Tokyo Bay, Odaiba",,,,,,,W48414,True,,,,,,taxon:283780,The population structure of Ficopomatus enigmaticus in Galveston Bay,Unpublished,"Fernandez Rodriguez,V. and Schulze,A.",ACCEPTED_NAME,RECONCILED
PV983836.1,PV983836,370,DNA,linear,Ficopomatus enigmaticus,Ficopomatus enigmaticus,Ficopomatus enigmaticus; Mercierella enigmatica,cytochrome b,CytB,mitochondrial_protein_coding,NORMALIZED,"Japan: Tokyo Bay, Odaiba",,,,,,,W48412,True,,,,,,taxon:283780,The population structure of Ficopomatus enigmaticus in Galveston Bay,Unpublished,"Fernandez Rodriguez,V. and Schulze,A.",ACCEPTED_NAME,RECONCILED
PV983835.1,PV983835,274,DNA,linear,Ficopomatus enigmaticus,Ficopomatus enigmaticus,Ficopomatus enigmaticus; Mercierella enigmatica,cytochrome b,CytB,mitochondrial_protein_coding,NORMALIZED,Turkey: Mugla Provence,,,,,,,W50135,True,,,,,,taxon:283780,The population structure of Ficopomatus enigmaticus in Galveston Bay,Unpublished,"Fernandez Rodriguez,V. and Schulze,A.",ACCEPTED_NAME,RECONCILED
PV983834.1,PV983834,387,DNA,linear,Ficopomatus enigmaticus,Ficopomatus enigmaticus,Ficopomatus enigmaticus; Mercierella enigmatica,cytochrome b,CytB,mitochondrial_protein_coding,NORMALIZED,"Japan: Tokyo Bay, Odaiba",,,,,,,W48411,True,,,,,,taxon:283780,The population structure of Ficopomatus enigmaticus in Galveston Bay,Unpublished,"Fernandez Rodriguez,V. and Schulze,A.",ACCEPTED_NAME,RECONCILED
PV983833.1,PV983833,277,DNA,linear,Ficopomatus enigmaticus,Ficopomatus enigmaticus,Ficopomatus enigmaticus; Mercierella enigmatica,cytochrome b,CytB,mitochondrial_protein_coding,NORMALIZED,New Zealand: Hawkes Bay,,,,,,,W52032,True,,,,,,taxon:283780,The population structure of Ficopomatus enigmaticus in Galveston Bay,Unpublished,"Fernandez Rodriguez,V. and Schulze,A.",ACCEPTED_NAME,RECONCILED
PV983832.1,PV983832,292,DNA,linear,Ficopomatus enigmaticus,Ficopomatus enigmaticus,Ficopomatus enigmaticus; Mercierella enigmatica,cytochrome b,CytB,mitochondrial_protein_coding,NORMALIZED,France: Arcachon Bay,,,,,,,W52793,True,,,,,,taxon:283780,The population structure of Ficopomatus enigmaticus in Galveston Bay,Unpublished,"Fernandez Rodriguez,V. and Schulze,A.",ACCEPTED_NAME,RECONCILED
PV983831.1,PV983831,356,DNA,linear,Ficopomatus enigmaticus,Ficopomatus enigmaticus,Ficopomatus enigmaticus; Mercierella enigmatica,cytochrome b,CytB,mitochondrial_protein_coding,NORMALIZED,"South Africa: KwaZulu-Natal, St Lucia Estuary",,,,,,,W46602,True,,,,,,taxon:283780,The population structure of Ficopomatus enigmaticus in Galveston Bay,Unpublished,"Fernandez Rodriguez,V. and Schulze,A.",ACCEPTED_NAME,RECONCILED
PV747738.1,PV747738,665,DNA,linear,Ficopomatus enigmaticus,Ficopomatus enigmaticus,Ficopomatus enigmaticus; Mercierella enigmatica,large subunit ribosomal RNA,,ribosomal_RNA,AMBIGUOUS,USA,,,,04-Aug-2023,,,KBM25-August2023,True,,,,,,taxon:283780,Direct Submission,"Submitted (04-JUN-2025) Marine Biology Department, Texas AM University Galveston, 200 Seawolf Parkway, OCSB Building 3029, Office 280, Galveston, TX 77554-2888, USA","Fernandez-Rodriguez,V. and Schulze,A.",ACCEPTED_NAME,RECONCILED
PV747737.1,PV747737,618,DNA,linear,Ficopomatus enigmaticus,Ficopomatus enigmaticus,Ficopomatus enigmaticus; Mercierella enigmatica,large subunit ribosomal RNA,,ribosomal_RNA,AMBIGUOUS,USA,,,,04-Aug-2023,,,KBM24-August2023,True,,,,,,taxon:283780,Direct Submission,"Submitted (04-JUN-2025) Marine Biology Department, Texas AM University Galveston, 200 Seawolf Parkway, OCSB Building 3029, Office 280, Galveston, TX 77554-2888, USA","Fernandez-Rodriguez,V. and Schulze,A.",ACCEPTED_NAME,RECONCILED
PV747736.1,PV747736,787,DNA,linear,Ficopomatus enigmaticus,Ficopomatus enigmaticus,Ficopomatus enigmaticus; Mercierella enigmatica,large subunit ribosomal RNA,,ribosomal_RNA,AMBIGUOUS,USA,,,,04-May-2023,,,HYC22-May2023,True,,,,,,taxon:283780,Direct Submission,"Submitted (04-JUN-2025) Marine Biology Department, Texas AM University Galveston, 200 Seawolf Parkway, OCSB Building 3029, Office 280, Galveston, TX 77554-2888, USA","Fernandez-Rodriguez,V. and Schulze,A.",ACCEPTED_NAME,RECONCILED
PV747735.1,PV747735,769,DNA,linear,Ficopomatus enigmaticus,Ficopomatus enigmaticus,Ficopomatus enigmaticus; Mercierella enigmatica,large subunit ribosomal RNA,,ribosomal_RNA,AMBIGUOUS,USA,,,,04-May-2023,,,HYC21-May2023,True,,,,,,taxon:283780,Direct Submission,"Submitted (04-JUN-2025) Marine Biology Department, Texas AM University Galveston, 200 Seawolf Parkway, OCSB Building 3029, Office 280, Galveston, TX 77554-2888, USA","Fernandez-Rodriguez,V. and Schulze,A.",ACCEPTED_NAME,RECONCILED
PV747734.1,PV747734,814,DNA,linear,Ficopomatus enigmaticus,Ficopomatus enigmaticus,Ficopomatus enigmaticus; Mercierella enigmatica,large subunit ribosomal RNA,,ribosomal_RNA,AMBIGUOUS,USA,,,,04-May-2023,,,WEM16-May2023,True,,,,,,taxon:283780,Direct Submission,"Submitted (04-JUN-2025) Marine Biology Department, Texas AM University Galveston, 200 Seawolf Parkway, OCSB Building 3029, Office 280, Galveston, TX 77554-2888, USA","Fernandez-Rodriguez,V. and Schulze,A.",ACCEPTED_NAME,RECONCILED
PV747733.1,PV747733,907,DNA,linear,Ficopomatus enigmaticus,Ficopomatus enigmaticus,Ficopomatus enigmaticus; Mercierella enigmatica,large subunit ribosomal RNA,,ribosomal_RNA,AMBIGUOUS,USA,,,,30-Jan-2023,,,HYC-15-J-23,True,,,,,,taxon:283780,Direct Submission,"Submitted (04-JUN-2025) Marine Biology Department, Texas AM University Galveston, 200 Seawolf Parkway, OCSB Building 3029, Office 280, Galveston, TX 77554-2888, USA","Fernandez-Rodriguez,V. and Schulze,A.",ACCEPTED_NAME,RECONCILED
PV747732.1,PV747732,983,DNA,linear,Ficopomatus enigmaticus,Ficopomatus enigmaticus,Ficopomatus enigmaticus; Mercierella enigmatica,large subunit ribosomal RNA,,ribosomal_RNA,AMBIGUOUS,USA,,,,30-Jan-2023,,,HYC-14-J-23,True,,,,,,taxon:283780,Direct Submission,"Submitted (04-JUN-2025) Marine Biology Department, Texas AM University Galveston, 200 Seawolf Parkway, OCSB Building 3029, Office 280, Galveston, TX 77554-2888, USA","Fernandez-Rodriguez,V. and Schulze,A.",ACCEPTED_NAME,RECONCILED
PV747731.1,PV747731,975,DNA,linear,Ficopomatus enigmaticus,Ficopomatus enigmaticus,Ficopomatus enigmaticus; Mercierella enigmatica,large subunit ribosomal RNA,,ribosomal_RNA,AMBIGUOUS,USA,,,,30-Jan-2023,,,HYC-13-J-23,True,,,,,,taxon:283780,Direct Submission,"Submitted (04-JUN-2025) Marine Biology Department, Texas AM University Galveston, 200 Seawolf Parkway, OCSB Building 3029, Office 280, Galveston, TX 77554-2888, USA","Fernandez-Rodriguez,V. and Schulze,A.",ACCEPTED_NAME,RECONCILED
PV747730.1,PV747730,953,DNA,linear,Ficopomatus enigmaticus,Ficopomatus enigmaticus,Ficopomatus enigmaticus; Mercierella enigmatica,large subunit ribosomal RNA,,ribosomal_RNA,AMBIGUOUS,USA,,,,30-Jan-2023,,,HYC-12-J-23,True,,,,,,taxon:283780,Direct Submission,"Submitted (04-JUN-2025) Marine Biology Department, Texas AM University Galveston, 200 Seawolf Parkway, OCSB Building 3029, Office 280, Galveston, TX 77554-2888, USA","Fernandez-Rodriguez,V. and Schulze,A.",ACCEPTED_NAME,RECONCILED
PV747729.1,PV747729,983,DNA,linear,Ficopomatus enigmaticus,Ficopomatus enigmaticus,Ficopomatus enigmaticus; Mercierella enigmatica,large subunit ribosomal RNA,,ribosomal_RNA,AMBIGUOUS,USA,,,,30-Jan-2023,,,HYC-11-J-23,True,,,,,,taxon:283780,Direct Submission,"Submitted (04-JUN-2025) Marine Biology Department, Texas AM University Galveston, 200 Seawolf Parkway, OCSB Building 3029, Office 280, Galveston, TX 77554-2888, USA","Fernandez-Rodriguez,V. and Schulze,A.",ACCEPTED_NAME,RECONCILED
PV747728.1,PV747728,888,DNA,linear,Ficopomatus enigmaticus,Ficopomatus enigmaticus,Ficopomatus enigmaticus; Mercierella enigmatica,large subunit ribosomal RNA,,ribosomal_RNA,AMBIGUOUS,USA,,,,04-May-2023,,,KBM10-M-23,True,,,,,,taxon:283780,Direct Submission,"Submitted (04-JUN-2025) Marine Biology Department, Texas AM University Galveston, 200 Seawolf Parkway, OCSB Building 3029, Office 280, Galveston, TX 77554-2888, USA","Fernandez-Rodriguez,V. and Schulze,A.",ACCEPTED_NAME,RECONCILED
PV747727.1,PV747727,975,DNA,linear,Ficopomatus enigmaticus,Ficopomatus enigmaticus,Ficopomatus enigmaticus; Mercierella enigmatica,large subunit ribosomal RNA,,ribosomal_RNA,AMBIGUOUS,USA,,,,04-May-2023,,,KBM9-M-23,True,,,,,,taxon:283780,Direct Submission,"Submitted (04-JUN-2025) Marine Biology Department, Texas AM University Galveston, 200 Seawolf Parkway, OCSB Building 3029, Office 280, Galveston, TX 77554-2888, USA","Fernandez-Rodriguez,V. and Schulze,A.",ACCEPTED_NAME,RECONCILED
PV747726.1,PV747726,804,DNA,linear,Ficopomatus enigmaticus,Ficopomatus enigmaticus,Ficopomatus enigmaticus; Mercierella enigmatica,large subunit ribosomal RNA,,ribosomal_RNA,AMBIGUOUS,USA,,,,04-May-2023,,,KBM8-M-23,True,,,,,,taxon:283780,Direct Submission,"Submitted (04-JUN-2025) Marine Biology Department, Texas AM University Galveston, 200 Seawolf Parkway, OCSB Building 3029, Office 280, Galveston, TX 77554-2888, USA","Fernandez-Rodriguez,V. and Schulze,A.",ACCEPTED_NAME,RECONCILED
PV747725.1,PV747725,791,DNA,linear,Ficopomatus enigmaticus,Ficopomatus enigmaticus,Ficopomatus enigmaticus; Mercierella enigmatica,large subunit ribosomal RNA,,ribosomal_RNA,AMBIGUOUS,USA,,,,04-May-2023,,,KMB7-M-23,True,,,,,,taxon:283780,Direct Submission,"Submitted (04-JUN-2025) Marine Biology Department, Texas AM University Galveston, 200 Seawolf Parkway, OCSB Building 3029, Office 280, Galveston, TX 77554-2888, USA","Fernandez-Rodriguez,V. and Schulze,A.",ACCEPTED_NAME,RECONCILED
PV747724.1,PV747724,923,DNA,linear,Ficopomatus enigmaticus,Ficopomatus enigmaticus,Ficopomatus enigmaticus; Mercierella enigmatica,large subunit ribosomal RNA,,ribosomal_RNA,AMBIGUOUS,USA,,,,04-May-2023,,,KBM6-M-23,True,,,,,,taxon:283780,Direct Submission,"Submitted (04-JUN-2025) Marine Biology Department, Texas AM University Galveston, 200 Seawolf Parkway, OCSB Building 3029, Office 280, Galveston, TX 77554-2888, USA","Fernandez-Rodriguez,V. and Schulze,A.",ACCEPTED_NAME,RECONCILED
PV747723.1,PV747723,982,DNA,linear,Ficopomatus enigmaticus,Ficopomatus enigmaticus,Ficopomatus enigmaticus; Mercierella enigmatica,large subunit ribosomal RNA,,ribosomal_RNA,AMBIGUOUS,USA,,,,04-May-2023,,,KBM5-M-23,True,,,,,,taxon:283780,Direct Submission,"Submitted (04-JUN-2025) Marine Biology Department, Texas AM University Galveston, 200 Seawolf Parkway, OCSB Building 3029, Office 280, Galveston, TX 77554-2888, USA","Fernandez-Rodriguez,V. and Schulze,A.",ACCEPTED_NAME,RECONCILED
PV747722.1,PV747722,980,DNA,linear,Ficopomatus enigmaticus,Ficopomatus enigmaticus,Ficopomatus enigmaticus; Mercierella enigmatica,large subunit ribosomal RNA,,ribosomal_RNA,AMBIGUOUS,USA,,,,04-May-2023,,,KBM4-M-23,True,,,,,,taxon:283780,Direct Submission,"Submitted (04-JUN-2025) Marine Biology Department, Texas AM University Galveston, 200 Seawolf Parkway, OCSB Building 3029, Office 280, Galveston, TX 77554-2888, USA","Fernandez-Rodriguez,V. and Schulze,A.",ACCEPTED_NAME,RECONCILED
PV747721.1,PV747721,987,DNA,linear,Ficopomatus enigmaticus,Ficopomatus enigmaticus,Ficopomatus enigmaticus; Mercierella enigmatica,large subunit ribosomal RNA,,ribosomal_RNA,AMBIGUOUS,USA,,,,04-May-2023,,,KBM3-M-23,True,,,,,,taxon:283780,Direct Submission,"Submitted (04-JUN-2025) Marine Biology Department, Texas AM University Galveston, 200 Seawolf Parkway, OCSB Building 3029, Office 280, Galveston, TX 77554-2888, USA","Fernandez-Rodriguez,V. and Schulze,A.",ACCEPTED_NAME,RECONCILED
PV747720.1,PV747720,914,DNA,linear,Ficopomatus enigmaticus,Ficopomatus enigmaticus,Ficopomatus enigmaticus; Mercierella enigmatica,large subunit ribosomal RNA,,ribosomal_RNA,AMBIGUOUS,USA,,,,04-May-2023,,,KBM2-M-23,True,,,,,,taxon:283780,Direct Submission,"Submitted (04-JUN-2025) Marine Biology Department, Texas AM University Galveston, 200 Seawolf Parkway, OCSB Building 3029, Office 280, Galveston, TX 77554-2888, USA","Fernandez-Rodriguez,V. and Schulze,A.",ACCEPTED_NAME,RECONCILED
PV747719.1,PV747719,799,DNA,linear,Ficopomatus enigmaticus,Ficopomatus enigmaticus,Ficopomatus enigmaticus; Mercierella enigmatica,large subunit ribosomal RNA,,ribosomal_RNA,AMBIGUOUS,USA,,,,04-May-2023,,,KBM1_M-23,True,,,,,,taxon:283780,Direct Submission,"Submitted (04-JUN-2025) Marine Biology Department, Texas AM University Galveston, 200 Seawolf Parkway, OCSB Building 3029, Office 280, Galveston, TX 77554-2888, USA","Fernandez-Rodriguez,V. and Schulze,A.",ACCEPTED_NAME,RECONCILED
PV737681.1,PV737681,288,DNA,linear,Ficopomatus enigmaticus,Ficopomatus enigmaticus,Ficopomatus enigmaticus; Mercierella enigmatica,cytb,CytB,mitochondrial_protein_coding,NORMALIZED,USA,,,29.5684977 N 94.93532 W,02-May-2024,V. Fernandez-Rodriguez,,,False,TAMUG46_May2024_P,,,,,taxon:283780,"Opercular dimorphism in Ficopomatus enigmaticus (Annelida: Serpulidae): cytochrome b genotype, sex, or size do not explain opercular spine arrangement",Mar Biodivers 55 (6) (2025) In press,"Fernandez-Rodriguez,V., Ponce,R., Haines,M., Schulze,A., Kupriyanova,E. and Pernet,B.",ACCEPTED_NAME,RECONCILED
PV737680.1,PV737680,294,DNA,linear,Ficopomatus enigmaticus,Ficopomatus enigmaticus,Ficopomatus enigmaticus; Mercierella enigmatica,cytb,CytB,mitochondrial_protein_coding,NORMALIZED,USA,,,29.5684977 N 94.93532 W,02-May-2024,V. Fernandez-Rodriguez,,,False,HYC45_May2024_P,,,,,taxon:283780,"Opercular dimorphism in Ficopomatus enigmaticus (Annelida: Serpulidae): cytochrome b genotype, sex, or size do not explain opercular spine arrangement",Mar Biodivers 55 (6) (2025) In press,"Fernandez-Rodriguez,V., Ponce,R., Haines,M., Schulze,A., Kupriyanova,E. and Pernet,B.",ACCEPTED_NAME,RECONCILED
PV737679.1,PV737679,304,DNA,linear,Ficopomatus enigmaticus,Ficopomatus enigmaticus,Ficopomatus enigmaticus; Mercierella enigmatica,cytb,CytB,mitochondrial_protein_coding,NORMALIZED,USA,,,29.5684977 N 94.93532 W,02-May-2024,V. Fernandez-Rodriguez,,,False,KBM44_May2024_P,,,,,taxon:283780,"Opercular dimorphism in Ficopomatus enigmaticus (Annelida: Serpulidae): cytochrome b genotype, sex, or size do not explain opercular spine arrangement",Mar Biodivers 55 (6) (2025) In press,"Fernandez-Rodriguez,V., Ponce,R., Haines,M., Schulze,A., Kupriyanova,E. and Pernet,B.",ACCEPTED_NAME,RECONCILED
PV737678.1,PV737678,292,DNA,linear,Ficopomatus enigmaticus,Ficopomatus enigmaticus,Ficopomatus enigmaticus; Mercierella enigmatica,cytb,CytB,mitochondrial_protein_coding,NORMALIZED,USA,,,29.5684977 N 94.93532 W,02-May-2024,V. Fernandez-Rodriguez,,,False,WEM43_May2024_P,,,,,taxon:283780,"Opercular dimorphism in Ficopomatus enigmaticus (Annelida: Serpulidae): cytochrome b genotype, sex, or size do not explain opercular spine arrangement",Mar Biodivers 55 (6) (2025) In press,"Fernandez-Rodriguez,V., Ponce,R., Haines,M., Schulze,A., Kupriyanova,E. and Pernet,B.",ACCEPTED_NAME,RECONCILED
PV737677.1,PV737677,289,DNA,linear,Ficopomatus enigmaticus,Ficopomatus enigmaticus,Ficopomatus enigmaticus; Mercierella enigmatica,cytb,CytB,mitochondrial_protein_coding,NORMALIZED,USA,,,29.5684977 N 94.93532 W,30-Jan-2024,V. Fernandez-Rodriguez,,,False,WEM42_Jan2024_P,,,,,taxon:283780,"Opercular dimorphism in Ficopomatus enigmaticus (Annelida: Serpulidae): cytochrome b genotype, sex, or size do not explain opercular spine arrangement",Mar Biodivers 55 (6) (2025) In press,"Fernandez-Rodriguez,V., Ponce,R., Haines,M., Schulze,A., Kupriyanova,E. and Pernet,B.",ACCEPTED_NAME,RECONCILED
PV737676.1,PV737676,304,DNA,linear,Ficopomatus enigmaticus,Ficopomatus enigmaticus,Ficopomatus enigmaticus; Mercierella enigmatica,cytb,CytB,mitochondrial_protein_coding,NORMALIZED,USA,,,29.5684977 N 94.93532 W,30-Jan-2024,V. Fernandez-Rodriguez,,,False,WEM41_Jan2024_R,,,,,taxon:283780,"Opercular dimorphism in Ficopomatus enigmaticus (Annelida: Serpulidae): cytochrome b genotype, sex, or size do not explain opercular spine arrangement",Mar Biodivers 55 (6) (2025) In press,"Fernandez-Rodriguez,V., Ponce,R., Haines,M., Schulze,A., Kupriyanova,E. and Pernet,B.",ACCEPTED_NAME,RECONCILED
PV737675.1,PV737675,294,DNA,linear,Ficopomatus enigmaticus,Ficopomatus enigmaticus,Ficopomatus enigmaticus; Mercierella enigmatica,cytb,CytB,mitochondrial_protein_coding,NORMALIZED,USA,,,29.5684977 N 94.93532 W,30-Jan-2024,V. Fernandez-Rodriguez,,,False,HYC40_Jan2024_R,,,,,taxon:283780,"Opercular dimorphism in Ficopomatus enigmaticus (Annelida: Serpulidae): cytochrome b genotype, sex, or size do not explain opercular spine arrangement",Mar Biodivers 55 (6) (2025) In press,"Fernandez-Rodriguez,V., Ponce,R., Haines,M., Schulze,A., Kupriyanova,E. and Pernet,B.",ACCEPTED_NAME,RECONCILED
PV737674.1,PV737674,287,DNA,linear,Ficopomatus enigmaticus,Ficopomatus enigmaticus,Ficopomatus enigmaticus; Mercierella enigmatica,cytb,CytB,mitochondrial_protein_coding,NORMALIZED,USA,,,29.5684977 N 94.93532 W,30-Jan-2024,V. Fernandez-Rodriguez,,,False,KBM39_Jan2024_R,,,,,taxon:283780,"Opercular dimorphism in Ficopomatus enigmaticus (Annelida: Serpulidae): cytochrome b genotype, sex, or size do not explain opercular spine arrangement",Mar Biodivers 55 (6) (2025) In press,"Fernandez-Rodriguez,V., Ponce,R., Haines,M., Schulze,A., Kupriyanova,E. and Pernet,B.",ACCEPTED_NAME,RECONCILED
PV737673.1,PV737673,294,DNA,linear,Ficopomatus enigmaticus,Ficopomatus enigmaticus,Ficopomatus enigmaticus; Mercierella enigmatica,cytb,CytB,mitochondrial_protein_coding,NORMALIZED,USA,,,29.5684977 N 94.93532 W,04-Aug-2023,V. Fernandez-Rodriguez,,,False,BBT38_August2023_P,,,,,taxon:283780,"Opercular dimorphism in Ficopomatus enigmaticus (Annelida: Serpulidae): cytochrome b genotype, sex, or size do not explain opercular spine arrangement",Mar Biodivers 55 (6) (2025) In press,"Fernandez-Rodriguez,V., Ponce,R., Haines,M., Schulze,A., Kupriyanova,E. and Pernet,B.",ACCEPTED_NAME,RECONCILED
PV737672.1,PV737672,258,DNA,linear,Ficopomatus enigmaticus,Ficopomatus enigmaticus,Ficopomatus enigmaticus; Mercierella enigmatica,cytb,CytB,mitochondrial_protein_coding,NORMALIZED,USA,,,29.5684977 N 94.93532 W,04-Aug-2023,V. Fernandez-Rodriguez,,,False,KBM35_August_2023_R,,,,,taxon:283780,"Opercular dimorphism in Ficopomatus enigmaticus (Annelida: Serpulidae): cytochrome b genotype, sex, or size do not explain opercular spine arrangement",Mar Biodivers 55 (6) (2025) In press,"Fernandez-Rodriguez,V., Ponce,R., Haines,M., Schulze,A., Kupriyanova,E. and Pernet,B.",ACCEPTED_NAME,RECONCILED
PV737671.1,PV737671,298,DNA,linear,Ficopomatus enigmaticus,Ficopomatus enigmaticus,Ficopomatus enigmaticus; Mercierella enigmatica,cytb,CytB,mitochondrial_protein_coding,NORMALIZED,USA,,,29.5684977 N 94.93532 W,30-Jan-2023,V. Fernandez-Rodriguez,,,False,WEM31_May2023_P,,,,,taxon:283780,"Opercular dimorphism in Ficopomatus enigmaticus (Annelida: Serpulidae): cytochrome b genotype, sex, or size do not explain opercular spine arrangement",Mar Biodivers 55 (6) (2025) In press,"Fernandez-Rodriguez,V., Ponce,R., Haines,M., Schulze,A., Kupriyanova,E. and Pernet,B.",ACCEPTED_NAME,RECONCILED
PV737670.1,PV737670,283,DNA,linear,Ficopomatus enigmaticus,Ficopomatus enigmaticus,Ficopomatus enigmaticus; Mercierella enigmatica,cytb,CytB,mitochondrial_protein_coding,NORMALIZED,USA,,,29.5684977 N 94.93532 W,30-Jan-2023,V. Fernandez-Rodriguez,,,False,WEM29_Jan2023_P,,,,,taxon:283780,"Opercular dimorphism in Ficopomatus enigmaticus (Annelida: Serpulidae): cytochrome b genotype, sex, or size do not explain opercular spine arrangement",Mar Biodivers 55 (6) (2025) In press,"Fernandez-Rodriguez,V., Ponce,R., Haines,M., Schulze,A., Kupriyanova,E. and Pernet,B.",ACCEPTED_NAME,RECONCILED
PV737669.1,PV737669,297,DNA,linear,Ficopomatus enigmaticus,Ficopomatus enigmaticus,Ficopomatus enigmaticus; Mercierella enigmatica,cytb,CytB,mitochondrial_protein_coding,NORMALIZED,USA,,,29.5684977 N 94.93532 W,30-Jan-2023,V. Fernandez-Rodriguez,,,False,WEM28_Jan2023_P,,,,,taxon:283780,"Opercular dimorphism in Ficopomatus enigmaticus (Annelida: Serpulidae): cytochrome b genotype, sex, or size do not explain opercular spine arrangement",Mar Biodivers 55 (6) (2025) In press,"Fernandez-Rodriguez,V., Ponce,R., Haines,M., Schulze,A., Kupriyanova,E. and Pernet,B.",ACCEPTED_NAME,RECONCILED
PV737668.1,PV737668,304,DNA,linear,Ficopomatus enigmaticus,Ficopomatus enigmaticus,Ficopomatus enigmaticus; Mercierella enigmatica,cytb,CytB,mitochondrial_protein_coding,NORMALIZED,USA,,,29.5684977 N 94.93532 W,30-Jan-2023,V. Fernandez-Rodriguez,,,False,WEM27_Jan2023_P,,,,,taxon:283780,"Opercular dimorphism in Ficopomatus enigmaticus (Annelida: Serpulidae): cytochrome b genotype, sex, or size do not explain opercular spine arrangement",Mar Biodivers 55 (6) (2025) In press,"Fernandez-Rodriguez,V., Ponce,R., Haines,M., Schulze,A., Kupriyanova,E. and Pernet,B.",ACCEPTED_NAME,RECONCILED
PV737667.1,PV737667,304,DNA,linear,Ficopomatus enigmaticus,Ficopomatus enigmaticus,Ficopomatus enigmaticus; Mercierella enigmatica,cytb,CytB,mitochondrial_protein_coding,NORMALIZED,USA,,,29.5684977 N 94.93532 W,30-Jan-2023,V. Fernandez-Rodriguez,,,False,WEM26_Jan2023_R,,,,,taxon:283780,"Opercular dimorphism in Ficopomatus enigmaticus (Annelida: Serpulidae): cytochrome b genotype, sex, or size do not explain opercular spine arrangement",Mar Biodivers 55 (6) (2025) In press,"Fernandez-Rodriguez,V., Ponce,R., Haines,M., Schulze,A., Kupriyanova,E. and Pernet,B.",ACCEPTED_NAME,RECONCILED
PV737666.1,PV737666,304,DNA,linear,Ficopomatus enigmaticus,Ficopomatus enigmaticus,Ficopomatus enigmaticus; Mercierella enigmatica,cytb,CytB,mitochondrial_protein_coding,NORMALIZED,USA,,,29.5684977 N 94.93532 W,04-Aug-2023,V. Fernandez-Rodriguez,,,False,KBM25_August2023_R,,,,,taxon:283780,"Opercular dimorphism in Ficopomatus enigmaticus (Annelida: Serpulidae): cytochrome b genotype, sex, or size do not explain opercular spine arrangement",Mar Biodivers 55 (6) (2025) In press,"Fernandez-Rodriguez,V., Ponce,R., Haines,M., Schulze,A., Kupriyanova,E. and Pernet,B.",ACCEPTED_NAME,RECONCILED
PV737665.1,PV737665,304,DNA,linear,Ficopomatus enigmaticus,Ficopomatus enigmaticus,Ficopomatus enigmaticus; Mercierella enigmatica,cytb,CytB,mitochondrial_protein_coding,NORMALIZED,USA,,,29.5684977 N 94.93532 W,04-Aug-2023,V. Fernandez-Rodriguez,,,False,KBM24_August2023_P,,,,,taxon:283780,"Opercular dimorphism in Ficopomatus enigmaticus (Annelida: Serpulidae): cytochrome b genotype, sex, or size do not explain opercular spine arrangement",Mar Biodivers 55 (6) (2025) In press,"Fernandez-Rodriguez,V., Ponce,R., Haines,M., Schulze,A., Kupriyanova,E. and Pernet,B.",ACCEPTED_NAME,RECONCILED
PV737664.1,PV737664,304,DNA,linear,Ficopomatus enigmaticus,Ficopomatus enigmaticus,Ficopomatus enigmaticus; Mercierella enigmatica,cytb,CytB,mitochondrial_protein_coding,NORMALIZED,USA,,,29.5684977 N 94.93532 W,04-May-2023,V. Fernandez-Rodriguez,,,False,HYC22_May2023_R,,,,,taxon:283780,"Opercular dimorphism in Ficopomatus enigmaticus (Annelida: Serpulidae): cytochrome b genotype, sex, or size do not explain opercular spine arrangement",Mar Biodivers 55 (6) (2025) In press,"Fernandez-Rodriguez,V., Ponce,R., Haines,M., Schulze,A., Kupriyanova,E. and Pernet,B.",ACCEPTED_NAME,RECONCILED
PV737663.1,PV737663,304,DNA,linear,Ficopomatus enigmaticus,Ficopomatus enigmaticus,Ficopomatus enigmaticus; Mercierella enigmatica,cytb,CytB,mitochondrial_protein_coding,NORMALIZED,USA,,,29.5684977 N 94.93532 W,04-May-2023,V. Fernandez-Rodriguez,,,False,HYC21_May2023_P,,,,,taxon:283780,"Opercular dimorphism in Ficopomatus enigmaticus (Annelida: Serpulidae): cytochrome b genotype, sex, or size do not explain opercular spine arrangement",Mar Biodivers 55 (6) (2025) In press,"Fernandez-Rodriguez,V., Ponce,R., Haines,M., Schulze,A., Kupriyanova,E. and Pernet,B.",ACCEPTED_NAME,RECONCILED
PV737662.1,PV737662,304,DNA,linear,Ficopomatus enigmaticus,Ficopomatus enigmaticus,Ficopomatus enigmaticus; Mercierella enigmatica,cytb,CytB,mitochondrial_protein_coding,NORMALIZED,USA,,,29.5684977 N 94.93532 W,04-May-2023,V. Fernandez-Rodriguez,,,False,WEM20_May2023_P,,,,,taxon:283780,"Opercular dimorphism in Ficopomatus enigmaticus (Annelida: Serpulidae): cytochrome b genotype, sex, or size do not explain opercular spine arrangement",Mar Biodivers 55 (6) (2025) In press,"Fernandez-Rodriguez,V., Ponce,R., Haines,M., Schulze,A., Kupriyanova,E. and Pernet,B.",ACCEPTED_NAME,RECONCILED
PV737661.1,PV737661,304,DNA,linear,Ficopomatus enigmaticus,Ficopomatus enigmaticus,Ficopomatus enigmaticus; Mercierella enigmatica,cytb,CytB,mitochondrial_protein_coding,NORMALIZED,USA,,,29.5684977 N 94.93532 W,02-Nov-2022,V. Fernandez-Rodriguez,,,False,WEM19_Nov22_P,,,,,taxon:283780,"Opercular dimorphism in Ficopomatus enigmaticus (Annelida: Serpulidae): cytochrome b genotype, sex, or size do not explain opercular spine arrangement",Mar Biodivers 55 (6) (2025) In press,"Fernandez-Rodriguez,V., Ponce,R., Haines,M., Schulze,A., Kupriyanova,E. and Pernet,B.",ACCEPTED_NAME,RECONCILED
PV737660.1,PV737660,304,DNA,linear,Ficopomatus enigmaticus,Ficopomatus enigmaticus,Ficopomatus enigmaticus; Mercierella enigmatica,cytb,CytB,mitochondrial_protein_coding,NORMALIZED,USA,,,29.5684977 N 94.93532 W,02-Nov-2022,V. Fernandez-Rodriguez,,,False,WEM18_Nov2022_P,,,,,taxon:283780,"Opercular dimorphism in Ficopomatus enigmaticus (Annelida: Serpulidae): cytochrome b genotype, sex, or size do not explain opercular spine arrangement",Mar Biodivers 55 (6) (2025) In press,"Fernandez-Rodriguez,V., Ponce,R., Haines,M., Schulze,A., Kupriyanova,E. and Pernet,B.",ACCEPTED_NAME,RECONCILED
PV737659.1,PV737659,304,DNA,linear,Ficopomatus enigmaticus,Ficopomatus enigmaticus,Ficopomatus enigmaticus; Mercierella enigmatica,cytb,CytB,mitochondrial_protein_coding,NORMALIZED,USA,,,29.5684977 N 94.93532 W,04-May-2023,V. Fernandez-Rodriguez,,,False,WEM16_May2023_P,,,,,taxon:283780,"Opercular dimorphism in Ficopomatus enigmaticus (Annelida: Serpulidae): cytochrome b genotype, sex, or size do not explain opercular spine arrangement",Mar Biodivers 55 (6) (2025) In press,"Fernandez-Rodriguez,V., Ponce,R., Haines,M., Schulze,A., Kupriyanova,E. and Pernet,B.",ACCEPTED_NAME,RECONCILED
PV737658.1,PV737658,302,DNA,linear,Ficopomatus enigmaticus,Ficopomatus enigmaticus,Ficopomatus enigmaticus; Mercierella enigmatica,cytb,CytB,mitochondrial_protein_coding,NORMALIZED,USA,,,29.5684977 N 94.93532 W,30-Jan-2023,V. Fernandez-Rodriguez,,,False,HYC15_J_23_R,,,,,taxon:283780,"Opercular dimorphism in Ficopomatus enigmaticus (Annelida: Serpulidae): cytochrome b genotype, sex, or size do not explain opercular spine arrangement",Mar Biodivers 55 (6) (2025) In press,"Fernandez-Rodriguez,V., Ponce,R., Haines,M., Schulze,A., Kupriyanova,E. and Pernet,B.",ACCEPTED_NAME,RECONCILED
PV737657.1,PV737657,303,DNA,linear,Ficopomatus enigmaticus,Ficopomatus enigmaticus,Ficopomatus enigmaticus; Mercierella enigmatica,cytb,CytB,mitochondrial_protein_coding,NORMALIZED,USA,,,29.5684977 N 94.93532 W,30-Jan-2023,V. Fernandez-Rodriguez,,,False,HYC14_J_23_P,,,,,taxon:283780,"Opercular dimorphism in Ficopomatus enigmaticus (Annelida: Serpulidae): cytochrome b genotype, sex, or size do not explain opercular spine arrangement",Mar Biodivers 55 (6) (2025) In press,"Fernandez-Rodriguez,V., Ponce,R., Haines,M., Schulze,A., Kupriyanova,E. and Pernet,B.",ACCEPTED_NAME,RECONCILED
PV737656.1,PV737656,290,DNA,linear,Ficopomatus enigmaticus,Ficopomatus enigmaticus,Ficopomatus enigmaticus; Mercierella enigmatica,cytb,CytB,mitochondrial_protein_coding,NORMALIZED,USA,,,29.5684977 N 94.93532 W,30-Jan-2023,V. Fernandez-Rodriguez,,,False,HYC13_J_23_R,,,,,taxon:283780,"Opercular dimorphism in Ficopomatus enigmaticus (Annelida: Serpulidae): cytochrome b genotype, sex, or size do not explain opercular spine arrangement",Mar Biodivers 55 (6) (2025) In press,"Fernandez-Rodriguez,V., Ponce,R., Haines,M., Schulze,A., Kupriyanova,E. and Pernet,B.",ACCEPTED_NAME,RECONCILED
PV737655.1,PV737655,307,DNA,linear,Ficopomatus enigmaticus,Ficopomatus enigmaticus,Ficopomatus enigmaticus; Mercierella enigmatica,cytb,CytB,mitochondrial_protein_coding,NORMALIZED,USA,,,29.5684977 N 94.93532 W,30-Jan-2023,V. Fernandez-Rodriguez,,,False,HYC12_J_23_R,,,,,taxon:283780,"Opercular dimorphism in Ficopomatus enigmaticus (Annelida: Serpulidae): cytochrome b genotype, sex, or size do not explain opercular spine arrangement",Mar Biodivers 55 (6) (2025) In press,"Fernandez-Rodriguez,V., Ponce,R., Haines,M., Schulze,A., Kupriyanova,E. and Pernet,B.",ACCEPTED_NAME,RECONCILED
PV737654.1,PV737654,304,DNA,linear,Ficopomatus enigmaticus,Ficopomatus enigmaticus,Ficopomatus enigmaticus; Mercierella enigmatica,cytb,CytB,mitochondrial_protein_coding,NORMALIZED,USA,,,29.5684977 N 94.93532 W,30-Jan-2023,V. Fernandez-Rodriguez,,,False,HYC11_J_23_R,,,,,taxon:283780,"Opercular dimorphism in Ficopomatus enigmaticus (Annelida: Serpulidae): cytochrome b genotype, sex, or size do not explain opercular spine arrangement",Mar Biodivers 55 (6) (2025) In press,"Fernandez-Rodriguez,V., Ponce,R., Haines,M., Schulze,A., Kupriyanova,E. and Pernet,B.",ACCEPTED_NAME,RECONCILED
PV737653.1,PV737653,304,DNA,linear,Ficopomatus enigmaticus,Ficopomatus enigmaticus,Ficopomatus enigmaticus; Mercierella enigmatica,cytb,CytB,mitochondrial_protein_coding,NORMALIZED,USA,,,29.5684977 N 94.93532 W,04-May-2023,V. Fernandez-Rodriguez,,,False,KBM10_M_23_P,,,,,taxon:283780,"Opercular dimorphism in Ficopomatus enigmaticus (Annelida: Serpulidae): cytochrome b genotype, sex, or size do not explain opercular spine arrangement",Mar Biodivers 55 (6) (2025) In press,"Fernandez-Rodriguez,V., Ponce,R., Haines,M., Schulze,A., Kupriyanova,E. and Pernet,B.",ACCEPTED_NAME,RECONCILED
PV737652.1,PV737652,307,DNA,linear,Ficopomatus enigmaticus,Ficopomatus enigmaticus,Ficopomatus enigmaticus; Mercierella enigmatica,cytb,CytB,mitochondrial_protein_coding,NORMALIZED,USA,,,29.5684977 N 94.93532 W,04-May-2023,V. Fernandez-Rodriguez,,,False,KBM9_M_23_R,,,,,taxon:283780,"Opercular dimorphism in Ficopomatus enigmaticus (Annelida: Serpulidae): cytochrome b genotype, sex, or size do not explain opercular spine arrangement",Mar Biodivers 55 (6) (2025) In press,"Fernandez-Rodriguez,V., Ponce,R., Haines,M., Schulze,A., Kupriyanova,E. and Pernet,B.",ACCEPTED_NAME,RECONCILED
PV737651.1,PV737651,277,DNA,linear,Ficopomatus enigmaticus,Ficopomatus enigmaticus,Ficopomatus enigmaticus; Mercierella enigmatica,cytb,CytB,mitochondrial_protein_coding,NORMALIZED,USA,,,29.5684977 N 94.93532 W,04-May-2023,V. Fernandez-Rodriguez,,,False,KBM8_M_23_R,,,,,taxon:283780,"Opercular dimorphism in Ficopomatus enigmaticus (Annelida: Serpulidae): cytochrome b genotype, sex, or size do not explain opercular spine arrangement",Mar Biodivers 55 (6) (2025) In press,"Fernandez-Rodriguez,V., Ponce,R., Haines,M., Schulze,A., Kupriyanova,E. and Pernet,B.",ACCEPTED_NAME,RECONCILED
PV737650.1,PV737650,303,DNA,linear,Ficopomatus enigmaticus,Ficopomatus enigmaticus,Ficopomatus enigmaticus; Mercierella enigmatica,cytb,CytB,mitochondrial_protein_coding,NORMALIZED,USA,,,29.5684977 N 94.93532 W,04-May-2023,V. Fernandez-Rodriguez,,,False,KBM7_M_23_R,,,,,taxon:283780,"Opercular dimorphism in Ficopomatus enigmaticus (Annelida: Serpulidae): cytochrome b genotype, sex, or size do not explain opercular spine arrangement",Mar Biodivers 55 (6) (2025) In press,"Fernandez-Rodriguez,V., Ponce,R., Haines,M., Schulze,A., Kupriyanova,E. and Pernet,B.",ACCEPTED_NAME,RECONCILED
PV737649.1,PV737649,303,DNA,linear,Ficopomatus enigmaticus,Ficopomatus enigmaticus,Ficopomatus enigmaticus; Mercierella enigmatica,cytb,CytB,mitochondrial_protein_coding,NORMALIZED,USA,,,29.5684977 N 94.93532 W,04-May-2023,V. Fernandez-Rodriguez,,,False,KBM6_M_23_R,,,,,taxon:283780,"Opercular dimorphism in Ficopomatus enigmaticus (Annelida: Serpulidae): cytochrome b genotype, sex, or size do not explain opercular spine arrangement",Mar Biodivers 55 (6) (2025) In press,"Fernandez-Rodriguez,V., Ponce,R., Haines,M., Schulze,A., Kupriyanova,E. and Pernet,B.",ACCEPTED_NAME,RECONCILED
PV737648.1,PV737648,304,DNA,linear,Ficopomatus enigmaticus,Ficopomatus enigmaticus,Ficopomatus enigmaticus; Mercierella enigmatica,cytb,CytB,mitochondrial_protein_coding,NORMALIZED,USA,,,29.5684977 N 94.93532 W,04-May-2023,V. Fernandez-Rodriguez,,,False,KBM5_M_23_R,,,,,taxon:283780,"Opercular dimorphism in Ficopomatus enigmaticus (Annelida: Serpulidae): cytochrome b genotype, sex, or size do not explain opercular spine arrangement",Mar Biodivers 55 (6) (2025) In press,"Fernandez-Rodriguez,V., Ponce,R., Haines,M., Schulze,A., Kupriyanova,E. and Pernet,B.",ACCEPTED_NAME,RECONCILED
PV737647.1,PV737647,304,DNA,linear,Ficopomatus enigmaticus,Ficopomatus enigmaticus,Ficopomatus enigmaticus; Mercierella enigmatica,cytb,CytB,mitochondrial_protein_coding,NORMALIZED,USA,,,29.5684977 N 94.93532 W,04-May-2023,V. Fernandez-Rodriguez,,,False,KBM4_M_23_R,,,,,taxon:283780,"Opercular dimorphism in Ficopomatus enigmaticus (Annelida: Serpulidae): cytochrome b genotype, sex, or size do not explain opercular spine arrangement",Mar Biodivers 55 (6) (2025) In press,"Fernandez-Rodriguez,V., Ponce,R., Haines,M., Schulze,A., Kupriyanova,E. and Pernet,B.",ACCEPTED_NAME,RECONCILED
PV737646.1,PV737646,304,DNA,linear,Ficopomatus enigmaticus,Ficopomatus enigmaticus,Ficopomatus enigmaticus; Mercierella enigmatica,cytb,CytB,mitochondrial_protein_coding,NORMALIZED,USA,,,29.5684977 N 94.93532 W,04-May-2023,V. Fernandez-Rodriguez,,,False,KBM3_M_23_P,,,,,taxon:283780,"Opercular dimorphism in Ficopomatus enigmaticus (Annelida: Serpulidae): cytochrome b genotype, sex, or size do not explain opercular spine arrangement",Mar Biodivers 55 (6) (2025) In press,"Fernandez-Rodriguez,V., Ponce,R., Haines,M., Schulze,A., Kupriyanova,E. and Pernet,B.",ACCEPTED_NAME,RECONCILED
PV737645.1,PV737645,304,DNA,linear,Ficopomatus enigmaticus,Ficopomatus enigmaticus,Ficopomatus enigmaticus; Mercierella enigmatica,cytb,CytB,mitochondrial_protein_coding,NORMALIZED,USA,,,29.5684977 N 94.93532 W,04-May-2023,V. Fernandez-Rodriguez,,,False,KBM2_M_23_R,,,,,taxon:283780,"Opercular dimorphism in Ficopomatus enigmaticus (Annelida: Serpulidae): cytochrome b genotype, sex, or size do not explain opercular spine arrangement",Mar Biodivers 55 (6) (2025) In press,"Fernandez-Rodriguez,V., Ponce,R., Haines,M., Schulze,A., Kupriyanova,E. and Pernet,B.",ACCEPTED_NAME,RECONCILED
PV737644.1,PV737644,304,DNA,linear,Ficopomatus enigmaticus,Ficopomatus enigmaticus,Ficopomatus enigmaticus; Mercierella enigmatica,cytb,CytB,mitochondrial_protein_coding,NORMALIZED,USA,,,29.5684977 N 94.93532 W,04-May-2023,V. Fernandez-Rodriguez,,,False,KBM1_M_23_P,,,,,taxon:283780,"Opercular dimorphism in Ficopomatus enigmaticus (Annelida: Serpulidae): cytochrome b genotype, sex, or size do not explain opercular spine arrangement",Mar Biodivers 55 (6) (2025) In press,"Fernandez-Rodriguez,V., Ponce,R., Haines,M., Schulze,A., Kupriyanova,E. and Pernet,B.",ACCEPTED_NAME,RECONCILED
PV737643.1,PV737643,307,DNA,linear,Ficopomatus enigmaticus,Ficopomatus enigmaticus,Ficopomatus enigmaticus; Mercierella enigmatica,cytb,CytB,mitochondrial_protein_coding,NORMALIZED,USA,,,29.5684977 N 94.93532 W,30-Jan-2023,V. Fernandez-Rodriguez,,,False,KBM_J_23_13_R,,,,,taxon:283780,"Opercular dimorphism in Ficopomatus enigmaticus (Annelida: Serpulidae): cytochrome b genotype, sex, or size do not explain opercular spine arrangement",Mar Biodivers 55 (6) (2025) In press,"Fernandez-Rodriguez,V., Ponce,R., Haines,M., Schulze,A., Kupriyanova,E. and Pernet,B.",ACCEPTED_NAME,RECONCILED
PV737642.1,PV737642,304,DNA,linear,Ficopomatus enigmaticus,Ficopomatus enigmaticus,Ficopomatus enigmaticus; Mercierella enigmatica,cytb,CytB,mitochondrial_protein_coding,NORMALIZED,USA,,,29.5684977 N 94.93532 W,30-Jan-2023,V. Fernandez-Rodriguez,,,False,HYC_J_23_10_R,,,,,taxon:283780,"Opercular dimorphism in Ficopomatus enigmaticus (Annelida: Serpulidae): cytochrome b genotype, sex, or size do not explain opercular spine arrangement",Mar Biodivers 55 (6) (2025) In press,"Fernandez-Rodriguez,V., Ponce,R., Haines,M., Schulze,A., Kupriyanova,E. and Pernet,B.",ACCEPTED_NAME,RECONCILED
PV737641.1,PV737641,307,DNA,linear,Ficopomatus enigmaticus,Ficopomatus enigmaticus,Ficopomatus enigmaticus; Mercierella enigmatica,cytb,CytB,mitochondrial_protein_coding,NORMALIZED,USA,,,29.5684977 N 94.93532 W,30-Jan-2023,V. Fernandez-Rodriguez,,,False,KBM_J_23_12_R,,,,,taxon:283780,"Opercular dimorphism in Ficopomatus enigmaticus (Annelida: Serpulidae): cytochrome b genotype, sex, or size do not explain opercular spine arrangement",Mar Biodivers 55 (6) (2025) In press,"Fernandez-Rodriguez,V., Ponce,R., Haines,M., Schulze,A., Kupriyanova,E. and Pernet,B.",ACCEPTED_NAME,RECONCILED
PV737640.1,PV737640,304,DNA,linear,Ficopomatus enigmaticus,Ficopomatus enigmaticus,Ficopomatus enigmaticus; Mercierella enigmatica,cytb,CytB,mitochondrial_protein_coding,NORMALIZED,USA,,,29.5684977 N 94.93532 W,30-Jan-2023,V. Fernandez-Rodriguez,,,False,HYC_J_23_16_R,,,,,taxon:283780,"Opercular dimorphism in Ficopomatus enigmaticus (Annelida: Serpulidae): cytochrome b genotype, sex, or size do not explain opercular spine arrangement",Mar Biodivers 55 (6) (2025) In press,"Fernandez-Rodriguez,V., Ponce,R., Haines,M., Schulze,A., Kupriyanova,E. and Pernet,B.",ACCEPTED_NAME,RECONCILED
PV737639.1,PV737639,307,DNA,linear,Ficopomatus enigmaticus,Ficopomatus enigmaticus,Ficopomatus enigmaticus; Mercierella enigmatica,cytb,CytB,mitochondrial_protein_coding,NORMALIZED,USA,,,29.5684977 N 94.93532 W,30-Jan-2023,V. Fernandez-Rodriguez,,,False,HYC_J_23_19_R,,,,,taxon:283780,"Opercular dimorphism in Ficopomatus enigmaticus (Annelida: Serpulidae): cytochrome b genotype, sex, or size do not explain opercular spine arrangement",Mar Biodivers 55 (6) (2025) In press,"Fernandez-Rodriguez,V., Ponce,R., Haines,M., Schulze,A., Kupriyanova,E. and Pernet,B.",ACCEPTED_NAME,RECONCILED
PV737638.1,PV737638,304,DNA,linear,Ficopomatus enigmaticus,Ficopomatus enigmaticus,Ficopomatus enigmaticus; Mercierella enigmatica,cytb,CytB,mitochondrial_protein_coding,NORMALIZED,USA,,,29.5684977 N 94.93532 W,30-Jan-2023,V. Fernandez-Rodriguez,,,False,KBM_J_23_14_R,,,,,taxon:283780,"Opercular dimorphism in Ficopomatus enigmaticus (Annelida: Serpulidae): cytochrome b genotype, sex, or size do not explain opercular spine arrangement",Mar Biodivers 55 (6) (2025) In press,"Fernandez-Rodriguez,V., Ponce,R., Haines,M., Schulze,A., Kupriyanova,E. and Pernet,B.",ACCEPTED_NAME,RECONCILED
PV737637.1,PV737637,304,DNA,linear,Ficopomatus enigmaticus,Ficopomatus enigmaticus,Ficopomatus enigmaticus; Mercierella enigmatica,cytb,CytB,mitochondrial_protein_coding,NORMALIZED,USA,,,29.5684977 N 94.93532 W,30-Jan-2023,V. Fernandez-Rodriguez,,,False,HYC_J_23_9_R,,,,,taxon:283780,"Opercular dimorphism in Ficopomatus enigmaticus (Annelida: Serpulidae): cytochrome b genotype, sex, or size do not explain opercular spine arrangement",Mar Biodivers 55 (6) (2025) In press,"Fernandez-Rodriguez,V., Ponce,R., Haines,M., Schulze,A., Kupriyanova,E. and Pernet,B.",ACCEPTED_NAME,RECONCILED
PV737636.1,PV737636,304,DNA,linear,Ficopomatus enigmaticus,Ficopomatus enigmaticus,Ficopomatus enigmaticus; Mercierella enigmatica,cytb,CytB,mitochondrial_protein_coding,NORMALIZED,USA,,,29.5684977 N 94.93532 W,30-Jan-2023,V. Fernandez-Rodriguez,,,False,KBM_J_23_15_R,,,,,taxon:283780,"Opercular dimorphism in Ficopomatus enigmaticus (Annelida: Serpulidae): cytochrome b genotype, sex, or size do not explain opercular spine arrangement",Mar Biodivers 55 (6) (2025) In press,"Fernandez-Rodriguez,V., Ponce,R., Haines,M., Schulze,A., Kupriyanova,E. and Pernet,B.",ACCEPTED_NAME,RECONCILED
PV737635.1,PV737635,304,DNA,linear,Ficopomatus enigmaticus,Ficopomatus enigmaticus,Ficopomatus enigmaticus; Mercierella enigmatica,cytb,CytB,mitochondrial_protein_coding,NORMALIZED,USA,,,29.5684977 N 94.93532 W,02-Nov-2022,V. Fernandez-Rodriguez,,,False,HYC_N_22_1_R,,,,,taxon:283780,"Opercular dimorphism in Ficopomatus enigmaticus (Annelida: Serpulidae): cytochrome b genotype, sex, or size do not explain opercular spine arrangement",Mar Biodivers 55 (6) (2025) In press,"Fernandez-Rodriguez,V., Ponce,R., Haines,M., Schulze,A., Kupriyanova,E. and Pernet,B.",ACCEPTED_NAME,RECONCILED
PV737634.1,PV737634,304,DNA,linear,Ficopomatus enigmaticus,Ficopomatus enigmaticus,Ficopomatus enigmaticus; Mercierella enigmatica,cytb,CytB,mitochondrial_protein_coding,NORMALIZED,USA,,,29.5684977 N 94.93532 W,02-May-2022,V. Fernandez-Rodriguez,,,False,WEM_M_22_17_P,,,,,taxon:283780,"Opercular dimorphism in Ficopomatus enigmaticus (Annelida: Serpulidae): cytochrome b genotype, sex, or size do not explain opercular spine arrangement",Mar Biodivers 55 (6) (2025) In press,"Fernandez-Rodriguez,V., Ponce,R., Haines,M., Schulze,A., Kupriyanova,E. and Pernet,B.",ACCEPTED_NAME,RECONCILED
PV737633.1,PV737633,290,DNA,linear,Ficopomatus enigmaticus,Ficopomatus enigmaticus,Ficopomatus enigmaticus; Mercierella enigmatica,cytb,CytB,mitochondrial_protein_coding,NORMALIZED,USA,,,29.5684977 N 94.93532 W,02-Nov-2022,V. Fernandez-Rodriguez,,,False,HYC_N_22_2_R,,,,,taxon:283780,"Opercular dimorphism in Ficopomatus enigmaticus (Annelida: Serpulidae): cytochrome b genotype, sex, or size do not explain opercular spine arrangement",Mar Biodivers 55 (6) (2025) In press,"Fernandez-Rodriguez,V., Ponce,R., Haines,M., Schulze,A., Kupriyanova,E. and Pernet,B.",ACCEPTED_NAME,RECONCILED
PV737632.1,PV737632,304,DNA,linear,Ficopomatus enigmaticus,Ficopomatus enigmaticus,Ficopomatus enigmaticus; Mercierella enigmatica,cytb,CytB,mitochondrial_protein_coding,NORMALIZED,USA,,,29.5684977 N 94.93532 W,02-Nov-2022,V. Fernandez-Rodriguez,,,False,HYC_N_22_3_R,,,,,taxon:283780,"Opercular dimorphism in Ficopomatus enigmaticus (Annelida: Serpulidae): cytochrome b genotype, sex, or size do not explain opercular spine arrangement",Mar Biodivers 55 (6) (2025) In press,"Fernandez-Rodriguez,V., Ponce,R., Haines,M., Schulze,A., Kupriyanova,E. and Pernet,B.",ACCEPTED_NAME,RECONCILED
PV737631.1,PV737631,304,DNA,linear,Ficopomatus enigmaticus,Ficopomatus enigmaticus,Ficopomatus enigmaticus; Mercierella enigmatica,cytb,CytB,mitochondrial_protein_coding,NORMALIZED,USA,,,29.5684977 N 94.93532 W,30-Jan-2023,V. Fernandez-Rodriguez,,,False,HYC_J_23_7_P,,,,,taxon:283780,"Opercular dimorphism in Ficopomatus enigmaticus (Annelida: Serpulidae): cytochrome b genotype, sex, or size do not explain opercular spine arrangement",Mar Biodivers 55 (6) (2025) In press,"Fernandez-Rodriguez,V., Ponce,R., Haines,M., Schulze,A., Kupriyanova,E. and Pernet,B.",ACCEPTED_NAME,RECONCILED
PV737630.1,PV737630,304,DNA,linear,Ficopomatus enigmaticus,Ficopomatus enigmaticus,Ficopomatus enigmaticus; Mercierella enigmatica,cytb,CytB,mitochondrial_protein_coding,NORMALIZED,USA,,,29.5684977 N 94.93532 W,30-Jan-2023,V. Fernandez-Rodriguez,,,False,HYC_J_23_3_R,,,,,taxon:283780,"Opercular dimorphism in Ficopomatus enigmaticus (Annelida: Serpulidae): cytochrome b genotype, sex, or size do not explain opercular spine arrangement",Mar Biodivers 55 (6) (2025) In press,"Fernandez-Rodriguez,V., Ponce,R., Haines,M., Schulze,A., Kupriyanova,E. and Pernet,B.",ACCEPTED_NAME,RECONCILED
PV737629.1,PV737629,304,DNA,linear,Ficopomatus enigmaticus,Ficopomatus enigmaticus,Ficopomatus enigmaticus; Mercierella enigmatica,cytb,CytB,mitochondrial_protein_coding,NORMALIZED,USA,,,29.5684977 N 94.93532 W,02-May-2022,V. Fernandez-Rodriguez,,,False,KBM3_A_22_P,,,,,taxon:283780,"Opercular dimorphism in Ficopomatus enigmaticus (Annelida: Serpulidae): cytochrome b genotype, sex, or size do not explain opercular spine arrangement",Mar Biodivers 55 (6) (2025) In press,"Fernandez-Rodriguez,V., Ponce,R., Haines,M., Schulze,A., Kupriyanova,E. and Pernet,B.",ACCEPTED_NAME,RECONCILED
PV737628.1,PV737628,304,DNA,linear,Ficopomatus enigmaticus,Ficopomatus enigmaticus,Ficopomatus enigmaticus; Mercierella enigmatica,cytb,CytB,mitochondrial_protein_coding,NORMALIZED,USA,,,29.5684977 N 94.93532 W,02-May-2022,V. Fernandez-Rodriguez,,,False,KBM2RR_M_22_R,,,,,taxon:283780,"Opercular dimorphism in Ficopomatus enigmaticus (Annelida: Serpulidae): cytochrome b genotype, sex, or size do not explain opercular spine arrangement",Mar Biodivers 55 (6) (2025) In press,"Fernandez-Rodriguez,V., Ponce,R., Haines,M., Schulze,A., Kupriyanova,E. and Pernet,B.",ACCEPTED_NAME,RECONCILED
PV737627.1,PV737627,307,DNA,linear,Ficopomatus enigmaticus,Ficopomatus enigmaticus,Ficopomatus enigmaticus; Mercierella enigmatica,cytb,CytB,mitochondrial_protein_coding,NORMALIZED,USA,,,29.5684977 N 94.93532 W,02-May-2022,V. Fernandez-Rodriguez,,,False,KBM1R_A_22_P,,,,,taxon:283780,"Opercular dimorphism in Ficopomatus enigmaticus (Annelida: Serpulidae): cytochrome b genotype, sex, or size do not explain opercular spine arrangement",Mar Biodivers 55 (6) (2025) In press,"Fernandez-Rodriguez,V., Ponce,R., Haines,M., Schulze,A., Kupriyanova,E. and Pernet,B.",ACCEPTED_NAME,RECONCILED
PV737626.1,PV737626,304,DNA,linear,Ficopomatus enigmaticus,Ficopomatus enigmaticus,Ficopomatus enigmaticus; Mercierella enigmatica,cytb,CytB,mitochondrial_protein_coding,NORMALIZED,USA,,,29.5684977 N 94.93532 W,02-May-2022,V. Fernandez-Rodriguez,,,False,HYC7_A_22_P,,,,,taxon:283780,"Opercular dimorphism in Ficopomatus enigmaticus (Annelida: Serpulidae): cytochrome b genotype, sex, or size do not explain opercular spine arrangement",Mar Biodivers 55 (6) (2025) In press,"Fernandez-Rodriguez,V., Ponce,R., Haines,M., Schulze,A., Kupriyanova,E. and Pernet,B.",ACCEPTED_NAME,RECONCILED
PV737625.1,PV737625,302,DNA,linear,Ficopomatus enigmaticus,Ficopomatus enigmaticus,Ficopomatus enigmaticus; Mercierella enigmatica,cytb,CytB,mitochondrial_protein_coding,NORMALIZED,USA,,,29.5684977 N 94.93532 W,02-May-2022,V. Fernandez-Rodriguez,,,False,HYC6_A_22_P,,,,,taxon:283780,"Opercular dimorphism in Ficopomatus enigmaticus (Annelida: Serpulidae): cytochrome b genotype, sex, or size do not explain opercular spine arrangement",Mar Biodivers 55 (6) (2025) In press,"Fernandez-Rodriguez,V., Ponce,R., Haines,M., Schulze,A., Kupriyanova,E. and Pernet,B.",ACCEPTED_NAME,RECONCILED
PV737624.1,PV737624,304,DNA,linear,Ficopomatus enigmaticus,Ficopomatus enigmaticus,Ficopomatus enigmaticus; Mercierella enigmatica,cytb,CytB,mitochondrial_protein_coding,NORMALIZED,USA,,,29.5684977 N 94.93532 W,02-May-2022,V. Fernandez-Rodriguez,,,False,WEM_A_22_9R_R,,,,,taxon:283780,"Opercular dimorphism in Ficopomatus enigmaticus (Annelida: Serpulidae): cytochrome b genotype, sex, or size do not explain opercular spine arrangement",Mar Biodivers 55 (6) (2025) In press,"Fernandez-Rodriguez,V., Ponce,R., Haines,M., Schulze,A., Kupriyanova,E. and Pernet,B.",ACCEPTED_NAME,RECONCILED
PV737623.1,PV737623,304,DNA,linear,Ficopomatus enigmaticus,Ficopomatus enigmaticus,Ficopomatus enigmaticus; Mercierella enigmatica,cytb,CytB,mitochondrial_protein_coding,NORMALIZED,USA,,,29.5684977 N 94.93532 W,02-May-2022,V. Fernandez-Rodriguez,,,False,WEM_A_22_6R_P,,,,,taxon:283780,"Opercular dimorphism in Ficopomatus enigmaticus (Annelida: Serpulidae): cytochrome b genotype, sex, or size do not explain opercular spine arrangement",Mar Biodivers 55 (6) (2025) In press,"Fernandez-Rodriguez,V., Ponce,R., Haines,M., Schulze,A., Kupriyanova,E. and Pernet,B.",ACCEPTED_NAME,RECONCILED
PV737622.1,PV737622,279,DNA,linear,Ficopomatus enigmaticus,Ficopomatus enigmaticus,Ficopomatus enigmaticus; Mercierella enigmatica,cytb,CytB,mitochondrial_protein_coding,NORMALIZED,USA,,,29.5684977 N 94.93532 W,02-May-2022,V. Fernandez-Rodriguez,,,False,KBM_A_22_4_P,,,,,taxon:283780,"Opercular dimorphism in Ficopomatus enigmaticus (Annelida: Serpulidae): cytochrome b genotype, sex, or size do not explain opercular spine arrangement",Mar Biodivers 55 (6) (2025) In press,"Fernandez-Rodriguez,V., Ponce,R., Haines,M., Schulze,A., Kupriyanova,E. and Pernet,B.",ACCEPTED_NAME,RECONCILED
PV737621.1,PV737621,304,DNA,linear,Ficopomatus enigmaticus,Ficopomatus enigmaticus,Ficopomatus enigmaticus; Mercierella enigmatica,cytb,CytB,mitochondrial_protein_coding,NORMALIZED,USA,,,29.5684977 N 94.93532 W,02-May-2022,V. Fernandez-Rodriguez,,,False,KBM_A_22_2_P,,,,,taxon:283780,"Opercular dimorphism in Ficopomatus enigmaticus (Annelida: Serpulidae): cytochrome b genotype, sex, or size do not explain opercular spine arrangement",Mar Biodivers 55 (6) (2025) In press,"Fernandez-Rodriguez,V., Ponce,R., Haines,M., Schulze,A., Kupriyanova,E. and Pernet,B.",ACCEPTED_NAME,RECONCILED
PV737620.1,PV737620,304,DNA,linear,Ficopomatus enigmaticus,Ficopomatus enigmaticus,Ficopomatus enigmaticus; Mercierella enigmatica,cytb,CytB,mitochondrial_protein_coding,NORMALIZED,USA,,,29.5684977 N 94.93532 W,02-May-2022,V. Fernandez-Rodriguez,,,False,KBM_A_22_1_P,,,,,taxon:283780,"Opercular dimorphism in Ficopomatus enigmaticus (Annelida: Serpulidae): cytochrome b genotype, sex, or size do not explain opercular spine arrangement",Mar Biodivers 55 (6) (2025) In press,"Fernandez-Rodriguez,V., Ponce,R., Haines,M., Schulze,A., Kupriyanova,E. and Pernet,B.",ACCEPTED_NAME,RECONCILED
PV737619.1,PV737619,304,DNA,linear,Ficopomatus enigmaticus,Ficopomatus enigmaticus,Ficopomatus enigmaticus; Mercierella enigmatica,cytb,CytB,mitochondrial_protein_coding,NORMALIZED,USA,,,29.5684977 N 94.93532 W,02-May-2022,V. Fernandez-Rodriguez,,,False,KBM_M_22_23_R,,,,,taxon:283780,"Opercular dimorphism in Ficopomatus enigmaticus (Annelida: Serpulidae): cytochrome b genotype, sex, or size do not explain opercular spine arrangement",Mar Biodivers 55 (6) (2025) In press,"Fernandez-Rodriguez,V., Ponce,R., Haines,M., Schulze,A., Kupriyanova,E. and Pernet,B.",ACCEPTED_NAME,RECONCILED
PV737618.1,PV737618,307,DNA,linear,Ficopomatus enigmaticus,Ficopomatus enigmaticus,Ficopomatus enigmaticus; Mercierella enigmatica,cytb,CytB,mitochondrial_protein_coding,NORMALIZED,USA,,,29.5684977 N 94.93532 W,02-May-2022,V. Fernandez-Rodriguez,,,False,KBM_M_22_22_R,,,,,taxon:283780,"Opercular dimorphism in Ficopomatus enigmaticus (Annelida: Serpulidae): cytochrome b genotype, sex, or size do not explain opercular spine arrangement",Mar Biodivers 55 (6) (2025) In press,"Fernandez-Rodriguez,V., Ponce,R., Haines,M., Schulze,A., Kupriyanova,E. and Pernet,B.",ACCEPTED_NAME,RECONCILED
PV737617.1,PV737617,304,DNA,linear,Ficopomatus enigmaticus,Ficopomatus enigmaticus,Ficopomatus enigmaticus; Mercierella enigmatica,cytb,CytB,mitochondrial_protein_coding,NORMALIZED,USA,,,29.5684977 N 94.93532 W,02-May-2022,V. Fernandez-Rodriguez,,,False,WEM_M_22_15_R,,,,,taxon:283780,"Opercular dimorphism in Ficopomatus enigmaticus (Annelida: Serpulidae): cytochrome b genotype, sex, or size do not explain opercular spine arrangement",Mar Biodivers 55 (6) (2025) In press,"Fernandez-Rodriguez,V., Ponce,R., Haines,M., Schulze,A., Kupriyanova,E. and Pernet,B.",ACCEPTED_NAME,RECONCILED
PV737616.1,PV737616,284,DNA,linear,Ficopomatus enigmaticus,Ficopomatus enigmaticus,Ficopomatus enigmaticus; Mercierella enigmatica,cytb,CytB,mitochondrial_protein_coding,NORMALIZED,USA,,,29.5684977 N 94.93532 W,02-May-2022,V. Fernandez-Rodriguez,,,False,WEM_M_22_14_P,,,,,taxon:283780,"Opercular dimorphism in Ficopomatus enigmaticus (Annelida: Serpulidae): cytochrome b genotype, sex, or size do not explain opercular spine arrangement",Mar Biodivers 55 (6) (2025) In press,"Fernandez-Rodriguez,V., Ponce,R., Haines,M., Schulze,A., Kupriyanova,E. and Pernet,B.",ACCEPTED_NAME,RECONCILED
PV737615.1,PV737615,304,DNA,linear,Ficopomatus enigmaticus,Ficopomatus enigmaticus,Ficopomatus enigmaticus; Mercierella enigmatica,cytb,CytB,mitochondrial_protein_coding,NORMALIZED,USA,,,29.5684977 N 94.93532 W,02-May-2022,V. Fernandez-Rodriguez,,,False,WEM_M_22_12_P,,,,,taxon:283780,"Opercular dimorphism in Ficopomatus enigmaticus (Annelida: Serpulidae): cytochrome b genotype, sex, or size do not explain opercular spine arrangement",Mar Biodivers 55 (6) (2025) In press,"Fernandez-Rodriguez,V., Ponce,R., Haines,M., Schulze,A., Kupriyanova,E. and Pernet,B.",ACCEPTED_NAME,RECONCILED
PV737614.1,PV737614,304,DNA,linear,Ficopomatus enigmaticus,Ficopomatus enigmaticus,Ficopomatus enigmaticus; Mercierella enigmatica,cytb,CytB,mitochondrial_protein_coding,NORMALIZED,USA,,,29.5684977 N 94.93532 W,02-May-2022,V. Fernandez-Rodriguez,,,False,HYC_M_22_6_R,,,,,taxon:283780,"Opercular dimorphism in Ficopomatus enigmaticus (Annelida: Serpulidae): cytochrome b genotype, sex, or size do not explain opercular spine arrangement",Mar Biodivers 55 (6) (2025) In press,"Fernandez-Rodriguez,V., Ponce,R., Haines,M., Schulze,A., Kupriyanova,E. and Pernet,B.",ACCEPTED_NAME,RECONCILED
PV737613.1,PV737613,304,DNA,linear,Ficopomatus enigmaticus,Ficopomatus enigmaticus,Ficopomatus enigmaticus; Mercierella enigmatica,cytb,CytB,mitochondrial_protein_coding,NORMALIZED,USA,,,29.5684977 N 94.93532 W,02-May-2022,V. Fernandez-Rodriguez,,,False,HYC_M_22_4_R,,,,,taxon:283780,"Opercular dimorphism in Ficopomatus enigmaticus (Annelida: Serpulidae): cytochrome b genotype, sex, or size do not explain opercular spine arrangement",Mar Biodivers 55 (6) (2025) In press,"Fernandez-Rodriguez,V., Ponce,R., Haines,M., Schulze,A., Kupriyanova,E. and Pernet,B.",ACCEPTED_NAME,RECONCILED
PV737612.1,PV737612,307,DNA,linear,Ficopomatus enigmaticus,Ficopomatus enigmaticus,Ficopomatus enigmaticus; Mercierella enigmatica,cytb,CytB,mitochondrial_protein_coding,NORMALIZED,USA,,,29.5684977 N 94.93532 W,02-May-2022,V. Fernandez-Rodriguez,,,False,HYC_M_22_2_R,,,,,taxon:283780,"Opercular dimorphism in Ficopomatus enigmaticus (Annelida: Serpulidae): cytochrome b genotype, sex, or size do not explain opercular spine arrangement",Mar Biodivers 55 (6) (2025) In press,"Fernandez-Rodriguez,V., Ponce,R., Haines,M., Schulze,A., Kupriyanova,E. and Pernet,B.",ACCEPTED_NAME,RECONCILED
LC872389.1,LC872389,355,DNA,linear,Ficopomatus enigmaticus,Ficopomatus enigmaticus,Ficopomatus enigmaticus; Mercierella enigmatica,cytb,CytB,mitochondrial_protein_coding,NORMALIZED,"Japan:Osaka, Osaka Bay, Yagura-Ryokuchi",,,,2025-04-16,,,,False,GK3141,,,,,taxon:283780,"Record of two lineages in the invasive tubeworm Ficopomatus enigmaticus at Yagura-Ryokuchi, Osaka Bay, Japan","Aquatic Animals 2025, AA2025-21 (2025)","Kobayashi,G.",ACCEPTED_NAME,RECONCILED
LC872388.1,LC872388,355,DNA,linear,Ficopomatus enigmaticus,Ficopomatus enigmaticus,Ficopomatus enigmaticus; Mercierella enigmatica,cytb,CytB,mitochondrial_protein_coding,NORMALIZED,"Japan:Osaka, Osaka Bay, Yagura-Ryokuchi",,,,2025-04-16,,,,False,GK3138,,,,,taxon:283780,"Record of two lineages in the invasive tubeworm Ficopomatus enigmaticus at Yagura-Ryokuchi, Osaka Bay, Japan","Aquatic Animals 2025, AA2025-21 (2025)","Kobayashi,G.",ACCEPTED_NAME,RECONCILED
LC872387.1,LC872387,325,DNA,linear,Ficopomatus enigmaticus,Ficopomatus enigmaticus,Ficopomatus enigmaticus; Mercierella enigmatica,cytb,CytB,mitochondrial_protein_coding,NORMALIZED,"Japan:Osaka, Osaka Bay, Yagura-Ryokuchi",,,,2025-04-16,,,,False,GK3140,,,,,taxon:283780,"Record of two lineages in the invasive tubeworm Ficopomatus enigmaticus at Yagura-Ryokuchi, Osaka Bay, Japan","Aquatic Animals 2025, AA2025-21 (2025)","Kobayashi,G.",ACCEPTED_NAME,RECONCILED
LC872386.1,LC872386,325,DNA,linear,Ficopomatus enigmaticus,Ficopomatus enigmaticus,Ficopomatus enigmaticus; Mercierella enigmatica,cytb,CytB,mitochondrial_protein_coding,NORMALIZED,"Japan:Osaka, Osaka Bay, Yagura-Ryokuchi",,,,2025-04-16,,,,False,GK3139,,,,,taxon:283780,"Record of two lineages in the invasive tubeworm Ficopomatus enigmaticus at Yagura-Ryokuchi, Osaka Bay, Japan","Aquatic Animals 2025, AA2025-21 (2025)","Kobayashi,G.",ACCEPTED_NAME,RECONCILED
LC872385.1,LC872385,325,DNA,linear,Ficopomatus enigmaticus,Ficopomatus enigmaticus,Ficopomatus enigmaticus; Mercierella enigmatica,cytb,CytB,mitochondrial_protein_coding,NORMALIZED,"Japan:Osaka, Osaka Bay, Yagura-Ryokuchi",,,,2025-04-16,,,,False,GK3137,,,,,taxon:283780,"Record of two lineages in the invasive tubeworm Ficopomatus enigmaticus at Yagura-Ryokuchi, Osaka Bay, Japan","Aquatic Animals 2025, AA2025-21 (2025)","Kobayashi,G.",ACCEPTED_NAME,RECONCILED
LC872384.1,LC872384,325,DNA,linear,Ficopomatus enigmaticus,Ficopomatus enigmaticus,Ficopomatus enigmaticus; Mercierella enigmatica,cytb,CytB,mitochondrial_protein_coding,NORMALIZED,"Japan:Osaka, Osaka Bay, Yagura-Ryokuchi",,,,2025-04-16,,,,False,GK3136,,,,,taxon:283780,"Record of two lineages in the invasive tubeworm Ficopomatus enigmaticus at Yagura-Ryokuchi, Osaka Bay, Japan","Aquatic Animals 2025, AA2025-21 (2025)","Kobayashi,G.",ACCEPTED_NAME,RECONCILED
LC872383.1,LC872383,325,DNA,linear,Ficopomatus enigmaticus,Ficopomatus enigmaticus,Ficopomatus enigmaticus; Mercierella enigmatica,cytb,CytB,mitochondrial_protein_coding,NORMALIZED,"Japan:Osaka, Osaka Bay, Yagura-Ryokuchi",,,,2025-04-16,,,,False,GK3135,,,,,taxon:283780,"Record of two lineages in the invasive tubeworm Ficopomatus enigmaticus at Yagura-Ryokuchi, Osaka Bay, Japan","Aquatic Animals 2025, AA2025-21 (2025)","Kobayashi,G.",ACCEPTED_NAME,RECONCILED
LC872382.1,LC872382,325,DNA,linear,Ficopomatus enigmaticus,Ficopomatus enigmaticus,Ficopomatus enigmaticus; Mercierella enigmatica,cytb,CytB,mitochondrial_protein_coding,NORMALIZED,"Japan:Osaka, Osaka Bay, Yagura-Ryokuchi",,,,2025-04-16,,,,False,GK3134,,,,,taxon:283780,"Record of two lineages in the invasive tubeworm Ficopomatus enigmaticus at Yagura-Ryokuchi, Osaka Bay, Japan","Aquatic Animals 2025, AA2025-21 (2025)","Kobayashi,G.",ACCEPTED_NAME,RECONCILED
KP863777.1,KP863777,266,DNA,linear,Ficopomatus enigmaticus,Ficopomatus enigmaticus,Ficopomatus enigmaticus; Mercierella enigmatica,cytochrome b,CytB,mitochondrial_protein_coding,NORMALIZED,"Australia: New South Wales, Wallagaraugh River",,,,,,,,False,Wa3,,,,,taxon:283780,"Cryptic sympatric species across the Australian range of the global estuarine invader Ficopomatus enigmaticus (Fauvel, 1923) (Serpulidae, Annelida)","Aquat Invasions 12 (1), 53-65 (2017)","Styan,C., McCluskey,C., Sun,Y. and Kupriyanova,E.",ACCEPTED_NAME,RECONCILED
KP863776.1,KP863776,266,DNA,linear,Ficopomatus enigmaticus,Ficopomatus enigmaticus,Ficopomatus enigmaticus; Mercierella enigmatica,cytochrome b,CytB,mitochondrial_protein_coding,NORMALIZED,"Australia: New South Wales, Yokowaka River",,,,,,,,False,Yo1,,,,,taxon:283780,"Cryptic sympatric species across the Australian range of the global estuarine invader Ficopomatus enigmaticus (Fauvel, 1923) (Serpulidae, Annelida)","Aquat Invasions 12 (1), 53-65 (2017)","Styan,C., McCluskey,C., Sun,Y. and Kupriyanova,E.",ACCEPTED_NAME,RECONCILED
KP863775.1,KP863775,266,DNA,linear,Ficopomatus enigmaticus,Ficopomatus enigmaticus,Ficopomatus enigmaticus; Mercierella enigmatica,cytochrome b,CytB,mitochondrial_protein_coding,NORMALIZED,"Australia: New South Wales, Yokowaka River",,,,,,,,False,Yo3,,,,,taxon:283780,"Cryptic sympatric species across the Australian range of the global estuarine invader Ficopomatus enigmaticus (Fauvel, 1923) (Serpulidae, Annelida)","Aquat Invasions 12 (1), 53-65 (2017)","Styan,C., McCluskey,C., Sun,Y. and Kupriyanova,E.",ACCEPTED_NAME,RECONCILED
KP863774.1,KP863774,266,DNA,linear,Ficopomatus enigmaticus,Ficopomatus enigmaticus,Ficopomatus enigmaticus; Mercierella enigmatica,cytochrome b,CytB,mitochondrial_protein_coding,NORMALIZED,"Australia: New South Wales, Yokowaka River",,,,,,,,False,Yo5,,,,,taxon:283780,"Cryptic sympatric species across the Australian range of the global estuarine invader Ficopomatus enigmaticus (Fauvel, 1923) (Serpulidae, Annelida)","Aquat Invasions 12 (1), 53-65 (2017)","Styan,C., McCluskey,C., Sun,Y. and Kupriyanova,E.",ACCEPTED_NAME,RECONCILED
KP863773.1,KP863773,266,DNA,linear,Ficopomatus enigmaticus,Ficopomatus enigmaticus,Ficopomatus enigmaticus; Mercierella enigmatica,cytochrome b,CytB,mitochondrial_protein_coding,NORMALIZED,"Australia: New South Wales, Yokowaka River",,,,,,,,False,Yo4,,,,,taxon:283780,"Cryptic sympatric species across the Australian range of the global estuarine invader Ficopomatus enigmaticus (Fauvel, 1923) (Serpulidae, Annelida)","Aquat Invasions 12 (1), 53-65 (2017)","Styan,C., McCluskey,C., Sun,Y. and Kupriyanova,E.",ACCEPTED_NAME,RECONCILED
KP863772.1,KP863772,266,DNA,linear,Ficopomatus enigmaticus,Ficopomatus enigmaticus,Ficopomatus enigmaticus; Mercierella enigmatica,cytochrome b,CytB,mitochondrial_protein_coding,NORMALIZED,"Australia: New South Wales, Wallagaraugh River",,,,,,,,False,Wa2,,,,,taxon:283780,"Cryptic sympatric species across the Australian range of the global estuarine invader Ficopomatus enigmaticus (Fauvel, 1923) (Serpulidae, Annelida)","Aquat Invasions 12 (1), 53-65 (2017)","Styan,C., McCluskey,C., Sun,Y. and Kupriyanova,E.",ACCEPTED_NAME,RECONCILED
KP863771.1,KP863771,246,DNA,linear,Ficopomatus enigmaticus,Ficopomatus enigmaticus,Ficopomatus enigmaticus; Mercierella enigmatica,cytochrome b,CytB,mitochondrial_protein_coding,NORMALIZED,"Australia: New South Wales, Wallagaraugh River",,,,,,,,False,Wa1,,,,,taxon:283780,"Cryptic sympatric species across the Australian range of the global estuarine invader Ficopomatus enigmaticus (Fauvel, 1923) (Serpulidae, Annelida)","Aquat Invasions 12 (1), 53-65 (2017)","Styan,C., McCluskey,C., Sun,Y. and Kupriyanova,E.",ACCEPTED_NAME,RECONCILED
KP863770.1,KP863770,266,DNA,linear,Ficopomatus enigmaticus,Ficopomatus enigmaticus,Ficopomatus enigmaticus; Mercierella enigmatica,cytochrome b,CytB,mitochondrial_protein_coding,NORMALIZED,"Australia: New South Wales, Wallagaraugh River",,,,,,,,False,Wa4,,,,,taxon:283780,"Cryptic sympatric species across the Australian range of the global estuarine invader Ficopomatus enigmaticus (Fauvel, 1923) (Serpulidae, Annelida)","Aquat Invasions 12 (1), 53-65 (2017)","Styan,C., McCluskey,C., Sun,Y. and Kupriyanova,E.",ACCEPTED_NAME,RECONCILED
KP863769.1,KP863769,266,DNA,linear,Ficopomatus enigmaticus,Ficopomatus enigmaticus,Ficopomatus enigmaticus; Mercierella enigmatica,cytochrome b,CytB,mitochondrial_protein_coding,NORMALIZED,"Australia: Victoria, Hopkins River",,,,,,,,False,Ho9,,,,,taxon:283780,"Cryptic sympatric species across the Australian range of the global estuarine invader Ficopomatus enigmaticus (Fauvel, 1923) (Serpulidae, Annelida)","Aquat Invasions 12 (1), 53-65 (2017)","Styan,C., McCluskey,C., Sun,Y. and Kupriyanova,E.",ACCEPTED_NAME,RECONCILED
KP863768.1,KP863768,266,DNA,linear,Ficopomatus enigmaticus,Ficopomatus enigmaticus,Ficopomatus enigmaticus; Mercierella enigmatica,cytochrome b,CytB,mitochondrial_protein_coding,NORMALIZED,"Australia: Victoria, Curdies River",,,,,,,,False,Cu2,,,,,taxon:283780,"Cryptic sympatric species across the Australian range of the global estuarine invader Ficopomatus enigmaticus (Fauvel, 1923) (Serpulidae, Annelida)","Aquat Invasions 12 (1), 53-65 (2017)","Styan,C., McCluskey,C., Sun,Y. and Kupriyanova,E.",ACCEPTED_NAME,RECONCILED
KP863767.1,KP863767,266,DNA,linear,Ficopomatus enigmaticus,Ficopomatus enigmaticus,Ficopomatus enigmaticus; Mercierella enigmatica,cytochrome b,CytB,mitochondrial_protein_coding,NORMALIZED,"Australia: Victoria, Curdies River",,,,,,,,False,Cu6,,,,,taxon:283780,"Cryptic sympatric species across the Australian range of the global estuarine invader Ficopomatus enigmaticus (Fauvel, 1923) (Serpulidae, Annelida)","Aquat Invasions 12 (1), 53-65 (2017)","Styan,C., McCluskey,C., Sun,Y. and Kupriyanova,E.",ACCEPTED_NAME,RECONCILED
KP863766.1,KP863766,266,DNA,linear,Ficopomatus enigmaticus,Ficopomatus enigmaticus,Ficopomatus enigmaticus; Mercierella enigmatica,cytochrome b,CytB,mitochondrial_protein_coding,NORMALIZED,"Australia: Victoria, Curdies River",,,,,,,,False,Cu5,,,,,taxon:283780,"Cryptic sympatric species across the Australian range of the global estuarine invader Ficopomatus enigmaticus (Fauvel, 1923) (Serpulidae, Annelida)","Aquat Invasions 12 (1), 53-65 (2017)","Styan,C., McCluskey,C., Sun,Y. and Kupriyanova,E.",ACCEPTED_NAME,RECONCILED
KP863765.1,KP863765,266,DNA,linear,Ficopomatus enigmaticus,Ficopomatus enigmaticus,Ficopomatus enigmaticus; Mercierella enigmatica,cytochrome b,CytB,mitochondrial_protein_coding,NORMALIZED,"Australia: Victoria, Curdies River",,,,,,,,False,Cu1,,,,,taxon:283780,"Cryptic sympatric species across the Australian range of the global estuarine invader Ficopomatus enigmaticus (Fauvel, 1923) (Serpulidae, Annelida)","Aquat Invasions 12 (1), 53-65 (2017)","Styan,C., McCluskey,C., Sun,Y. and Kupriyanova,E.",ACCEPTED_NAME,RECONCILED
KP863764.1,KP863764,266,DNA,linear,Ficopomatus enigmaticus,Ficopomatus enigmaticus,Ficopomatus enigmaticus; Mercierella enigmatica,cytochrome b,CytB,mitochondrial_protein_coding,NORMALIZED,"Australia: Victoria, Hopkins River",,,,,,,,False,Ho2,,,,,taxon:283780,"Cryptic sympatric species across the Australian range of the global estuarine invader Ficopomatus enigmaticus (Fauvel, 1923) (Serpulidae, Annelida)","Aquat Invasions 12 (1), 53-65 (2017)","Styan,C., McCluskey,C., Sun,Y. and Kupriyanova,E.",ACCEPTED_NAME,RECONCILED
KP863763.1,KP863763,266,DNA,linear,Ficopomatus enigmaticus,Ficopomatus enigmaticus,Ficopomatus enigmaticus; Mercierella enigmatica,cytochrome b,CytB,mitochondrial_protein_coding,NORMALIZED,"Australia: Victoria, Glenelg River",,,,,,,,False,Gl2,,,,,taxon:283780,"Cryptic sympatric species across the Australian range of the global estuarine invader Ficopomatus enigmaticus (Fauvel, 1923) (Serpulidae, Annelida)","Aquat Invasions 12 (1), 53-65 (2017)","Styan,C., McCluskey,C., Sun,Y. and Kupriyanova,E.",ACCEPTED_NAME,RECONCILED
KP863762.1,KP863762,266,DNA,linear,Ficopomatus enigmaticus,Ficopomatus enigmaticus,Ficopomatus enigmaticus; Mercierella enigmatica,cytochrome b,CytB,mitochondrial_protein_coding,NORMALIZED,"Australia: Western Australia, Wilson Inlet",,,,,,,,False,Wi1,,,,,taxon:283780,"Cryptic sympatric species across the Australian range of the global estuarine invader Ficopomatus enigmaticus (Fauvel, 1923) (Serpulidae, Annelida)","Aquat Invasions 12 (1), 53-65 (2017)","Styan,C., McCluskey,C., Sun,Y. and Kupriyanova,E.",ACCEPTED_NAME,RECONCILED
KP863761.1,KP863761,266,DNA,linear,Ficopomatus enigmaticus,Ficopomatus enigmaticus,Ficopomatus enigmaticus; Mercierella enigmatica,cytochrome b,CytB,mitochondrial_protein_coding,NORMALIZED,"Australia: Western Australia, Wilson Inlet",,,,,,,,False,Wi6,,,,,taxon:283780,"Cryptic sympatric species across the Australian range of the global estuarine invader Ficopomatus enigmaticus (Fauvel, 1923) (Serpulidae, Annelida)","Aquat Invasions 12 (1), 53-65 (2017)","Styan,C., McCluskey,C., Sun,Y. and Kupriyanova,E.",ACCEPTED_NAME,RECONCILED
KP863760.1,KP863760,266,DNA,linear,Ficopomatus enigmaticus,Ficopomatus enigmaticus,Ficopomatus enigmaticus; Mercierella enigmatica,cytochrome b,CytB,mitochondrial_protein_coding,NORMALIZED,"Australia: Victoria, Curdies River",,,,,,,,False,Cu3,,,,,taxon:283780,"Cryptic sympatric species across the Australian range of the global estuarine invader Ficopomatus enigmaticus (Fauvel, 1923) (Serpulidae, Annelida)","Aquat Invasions 12 (1), 53-65 (2017)","Styan,C., McCluskey,C., Sun,Y. and Kupriyanova,E.",ACCEPTED_NAME,RECONCILED
KP863759.1,KP863759,266,DNA,linear,Ficopomatus enigmaticus,Ficopomatus enigmaticus,Ficopomatus enigmaticus; Mercierella enigmatica,cytochrome b,CytB,mitochondrial_protein_coding,NORMALIZED,"Australia: Western Australia, Wilson Inlet",,,,,,,,False,Wi2,,,,,taxon:283780,"Cryptic sympatric species across the Australian range of the global estuarine invader Ficopomatus enigmaticus (Fauvel, 1923) (Serpulidae, Annelida)","Aquat Invasions 12 (1), 53-65 (2017)","Styan,C., McCluskey,C., Sun,Y. and Kupriyanova,E.",ACCEPTED_NAME,RECONCILED
KP863758.1,KP863758,266,DNA,linear,Ficopomatus enigmaticus,Ficopomatus enigmaticus,Ficopomatus enigmaticus; Mercierella enigmatica,cytochrome b,CytB,mitochondrial_protein_coding,NORMALIZED,"Australia: Victoria, Hopkins River",,,,,,,,False,Ho4,,,,,taxon:283780,"Cryptic sympatric species across the Australian range of the global estuarine invader Ficopomatus enigmaticus (Fauvel, 1923) (Serpulidae, Annelida)","Aquat Invasions 12 (1), 53-65 (2017)","Styan,C., McCluskey,C., Sun,Y. and Kupriyanova,E.",ACCEPTED_NAME,RECONCILED
KP863757.1,KP863757,266,DNA,linear,Ficopomatus enigmaticus,Ficopomatus enigmaticus,Ficopomatus enigmaticus; Mercierella enigmatica,cytochrome b,CytB,mitochondrial_protein_coding,NORMALIZED,"Australia: Victoria, Hopkins River",,,,,,,,False,Ho8,,,,,taxon:283780,"Cryptic sympatric species across the Australian range of the global estuarine invader Ficopomatus enigmaticus (Fauvel, 1923) (Serpulidae, Annelida)","Aquat Invasions 12 (1), 53-65 (2017)","Styan,C., McCluskey,C., Sun,Y. and Kupriyanova,E.",ACCEPTED_NAME,RECONCILED
KP863756.1,KP863756,266,DNA,linear,Ficopomatus enigmaticus,Ficopomatus enigmaticus,Ficopomatus enigmaticus; Mercierella enigmatica,cytochrome b,CytB,mitochondrial_protein_coding,NORMALIZED,"Australia: Victoria, Hopkins River",,,,,,,,False,Ho10,,,,,taxon:283780,"Cryptic sympatric species across the Australian range of the global estuarine invader Ficopomatus enigmaticus (Fauvel, 1923) (Serpulidae, Annelida)","Aquat Invasions 12 (1), 53-65 (2017)","Styan,C., McCluskey,C., Sun,Y. and Kupriyanova,E.",ACCEPTED_NAME,RECONCILED
KP863755.1,KP863755,266,DNA,linear,Ficopomatus enigmaticus,Ficopomatus enigmaticus,Ficopomatus enigmaticus; Mercierella enigmatica,cytochrome b,CytB,mitochondrial_protein_coding,NORMALIZED,"Australia: Victoria, Hopkins River",,,,,,,,False,Ho5,,,,,taxon:283780,"Cryptic sympatric species across the Australian range of the global estuarine invader Ficopomatus enigmaticus (Fauvel, 1923) (Serpulidae, Annelida)","Aquat Invasions 12 (1), 53-65 (2017)","Styan,C., McCluskey,C., Sun,Y. and Kupriyanova,E.",ACCEPTED_NAME,RECONCILED
KP863754.1,KP863754,266,DNA,linear,Ficopomatus enigmaticus,Ficopomatus enigmaticus,Ficopomatus enigmaticus; Mercierella enigmatica,cytochrome b,CytB,mitochondrial_protein_coding,NORMALIZED,"Australia: Victoria, Hopkins River",,,,,,,,False,Ho3,,,,,taxon:283780,"Cryptic sympatric species across the Australian range of the global estuarine invader Ficopomatus enigmaticus (Fauvel, 1923) (Serpulidae, Annelida)","Aquat Invasions 12 (1), 53-65 (2017)","Styan,C., McCluskey,C., Sun,Y. and Kupriyanova,E.",ACCEPTED_NAME,RECONCILED
KP863753.1,KP863753,266,DNA,linear,Ficopomatus enigmaticus,Ficopomatus enigmaticus,Ficopomatus enigmaticus; Mercierella enigmatica,cytochrome b,CytB,mitochondrial_protein_coding,NORMALIZED,"Australia: Victoria, Hopkins River",,,,,,,,False,Ho1,,,,,taxon:283780,"Cryptic sympatric species across the Australian range of the global estuarine invader Ficopomatus enigmaticus (Fauvel, 1923) (Serpulidae, Annelida)","Aquat Invasions 12 (1), 53-65 (2017)","Styan,C., McCluskey,C., Sun,Y. and Kupriyanova,E.",ACCEPTED_NAME,RECONCILED
KP863752.1,KP863752,266,DNA,linear,Ficopomatus enigmaticus,Ficopomatus enigmaticus,Ficopomatus enigmaticus; Mercierella enigmatica,cytochrome b,CytB,mitochondrial_protein_coding,NORMALIZED,"Australia: Western Australia, Wilson Inlet",,,,,,,,False,Wi3,,,,,taxon:283780,"Cryptic sympatric species across the Australian range of the global estuarine invader Ficopomatus enigmaticus (Fauvel, 1923) (Serpulidae, Annelida)","Aquat Invasions 12 (1), 53-65 (2017)","Styan,C., McCluskey,C., Sun,Y. and Kupriyanova,E.",ACCEPTED_NAME,RECONCILED
KP863751.1,KP863751,266,DNA,linear,Ficopomatus enigmaticus,Ficopomatus enigmaticus,Ficopomatus enigmaticus; Mercierella enigmatica,cytochrome b,CytB,mitochondrial_protein_coding,NORMALIZED,"Australia: Victoria, Nyermilang Creek",,,,,,,,False,Ny2,,,,,taxon:283780,"Cryptic sympatric species across the Australian range of the global estuarine invader Ficopomatus enigmaticus (Fauvel, 1923) (Serpulidae, Annelida)","Aquat Invasions 12 (1), 53-65 (2017)","Styan,C., McCluskey,C., Sun,Y. and Kupriyanova,E.",ACCEPTED_NAME,RECONCILED
KP863750.1,KP863750,266,DNA,linear,Ficopomatus enigmaticus,Ficopomatus enigmaticus,Ficopomatus enigmaticus; Mercierella enigmatica,cytochrome b,CytB,mitochondrial_protein_coding,NORMALIZED,"Australia: Western Australia, Swan River",,,,,,,,False,Sw4,,,,,taxon:283780,"Cryptic sympatric species across the Australian range of the global estuarine invader Ficopomatus enigmaticus (Fauvel, 1923) (Serpulidae, Annelida)","Aquat Invasions 12 (1), 53-65 (2017)","Styan,C., McCluskey,C., Sun,Y. and Kupriyanova,E.",ACCEPTED_NAME,RECONCILED
KP863749.1,KP863749,266,DNA,linear,Ficopomatus enigmaticus,Ficopomatus enigmaticus,Ficopomatus enigmaticus; Mercierella enigmatica,cytochrome b,CytB,mitochondrial_protein_coding,NORMALIZED,"Australia: Victoria, Curdies River",,,,,,,,False,Cu8,,,,,taxon:283780,"Cryptic sympatric species across the Australian range of the global estuarine invader Ficopomatus enigmaticus (Fauvel, 1923) (Serpulidae, Annelida)","Aquat Invasions 12 (1), 53-65 (2017)","Styan,C., McCluskey,C., Sun,Y. and Kupriyanova,E.",ACCEPTED_NAME,RECONCILED
KP863748.1,KP863748,266,DNA,linear,Ficopomatus enigmaticus,Ficopomatus enigmaticus,Ficopomatus enigmaticus; Mercierella enigmatica,cytochrome b,CytB,mitochondrial_protein_coding,NORMALIZED,"Australia: Victoria, Curdies River",,,,,,,,False,Cu4,,,,,taxon:283780,"Cryptic sympatric species across the Australian range of the global estuarine invader Ficopomatus enigmaticus (Fauvel, 1923) (Serpulidae, Annelida)","Aquat Invasions 12 (1), 53-65 (2017)","Styan,C., McCluskey,C., Sun,Y. and Kupriyanova,E.",ACCEPTED_NAME,RECONCILED
KP863747.1,KP863747,266,DNA,linear,Ficopomatus enigmaticus,Ficopomatus enigmaticus,Ficopomatus enigmaticus; Mercierella enigmatica,cytochrome b,CytB,mitochondrial_protein_coding,NORMALIZED,"Australia: Victoria, Curdies River",,,,,,,,False,Cu7,,,,,taxon:283780,"Cryptic sympatric species across the Australian range of the global estuarine invader Ficopomatus enigmaticus (Fauvel, 1923) (Serpulidae, Annelida)","Aquat Invasions 12 (1), 53-65 (2017)","Styan,C., McCluskey,C., Sun,Y. and Kupriyanova,E.",ACCEPTED_NAME,RECONCILED
KP863746.1,KP863746,266,DNA,linear,Ficopomatus enigmaticus,Ficopomatus enigmaticus,Ficopomatus enigmaticus; Mercierella enigmatica,cytochrome b,CytB,mitochondrial_protein_coding,NORMALIZED,"Australia: Victoria, Glenelg River",,,,,,,,False,Gl4,,,,,taxon:283780,"Cryptic sympatric species across the Australian range of the global estuarine invader Ficopomatus enigmaticus (Fauvel, 1923) (Serpulidae, Annelida)","Aquat Invasions 12 (1), 53-65 (2017)","Styan,C., McCluskey,C., Sun,Y. and Kupriyanova,E.",ACCEPTED_NAME,RECONCILED
KP863745.1,KP863745,266,DNA,linear,Ficopomatus enigmaticus,Ficopomatus enigmaticus,Ficopomatus enigmaticus; Mercierella enigmatica,cytochrome b,CytB,mitochondrial_protein_coding,NORMALIZED,"Australia: Victoria, Glenelg River",,,,,,,,False,Gl3,,,,,taxon:283780,"Cryptic sympatric species across the Australian range of the global estuarine invader Ficopomatus enigmaticus (Fauvel, 1923) (Serpulidae, Annelida)","Aquat Invasions 12 (1), 53-65 (2017)","Styan,C., McCluskey,C., Sun,Y. and Kupriyanova,E.",ACCEPTED_NAME,RECONCILED
KP863744.1,KP863744,266,DNA,linear,Ficopomatus enigmaticus,Ficopomatus enigmaticus,Ficopomatus enigmaticus; Mercierella enigmatica,cytochrome b,CytB,mitochondrial_protein_coding,NORMALIZED,"Australia: Victoria, Glenelg River",,,,,,,,False,Gl6,,,,,taxon:283780,"Cryptic sympatric species across the Australian range of the global estuarine invader Ficopomatus enigmaticus (Fauvel, 1923) (Serpulidae, Annelida)","Aquat Invasions 12 (1), 53-65 (2017)","Styan,C., McCluskey,C., Sun,Y. and Kupriyanova,E.",ACCEPTED_NAME,RECONCILED
KP863743.1,KP863743,266,DNA,linear,Ficopomatus enigmaticus,Ficopomatus enigmaticus,Ficopomatus enigmaticus; Mercierella enigmatica,cytochrome b,CytB,mitochondrial_protein_coding,NORMALIZED,"Australia: Victoria, Glenelg River",,,,,,,,False,Gl8,,,,,taxon:283780,"Cryptic sympatric species across the Australian range of the global estuarine invader Ficopomatus enigmaticus (Fauvel, 1923) (Serpulidae, Annelida)","Aquat Invasions 12 (1), 53-65 (2017)","Styan,C., McCluskey,C., Sun,Y. and Kupriyanova,E.",ACCEPTED_NAME,RECONCILED
KP863742.1,KP863742,266,DNA,linear,Ficopomatus enigmaticus,Ficopomatus enigmaticus,Ficopomatus enigmaticus; Mercierella enigmatica,cytochrome b,CytB,mitochondrial_protein_coding,NORMALIZED,"Australia: Victoria, Glenelg River",,,,,,,,False,Gl1,,,,,taxon:283780,"Cryptic sympatric species across the Australian range of the global estuarine invader Ficopomatus enigmaticus (Fauvel, 1923) (Serpulidae, Annelida)","Aquat Invasions 12 (1), 53-65 (2017)","Styan,C., McCluskey,C., Sun,Y. and Kupriyanova,E.",ACCEPTED_NAME,RECONCILED
KP863741.1,KP863741,266,DNA,linear,Ficopomatus enigmaticus,Ficopomatus enigmaticus,Ficopomatus enigmaticus; Mercierella enigmatica,cytochrome b,CytB,mitochondrial_protein_coding,NORMALIZED,"Australia: Victoria, Glenelg River",,,,,,,,False,Gl2a,,,,,taxon:283780,"Cryptic sympatric species across the Australian range of the global estuarine invader Ficopomatus enigmaticus (Fauvel, 1923) (Serpulidae, Annelida)","Aquat Invasions 12 (1), 53-65 (2017)","Styan,C., McCluskey,C., Sun,Y. and Kupriyanova,E.",ACCEPTED_NAME,RECONCILED
KP863740.1,KP863740,266,DNA,linear,Ficopomatus enigmaticus,Ficopomatus enigmaticus,Ficopomatus enigmaticus; Mercierella enigmatica,cytochrome b,CytB,mitochondrial_protein_coding,NORMALIZED,"Australia: Victoria, Nyermilang Creek",,,,,,,,False,Ny3,,,,,taxon:283780,"Cryptic sympatric species across the Australian range of the global estuarine invader Ficopomatus enigmaticus (Fauvel, 1923) (Serpulidae, Annelida)","Aquat Invasions 12 (1), 53-65 (2017)","Styan,C., McCluskey,C., Sun,Y. and Kupriyanova,E.",ACCEPTED_NAME,RECONCILED
KP863739.1,KP863739,266,DNA,linear,Ficopomatus enigmaticus,Ficopomatus enigmaticus,Ficopomatus enigmaticus; Mercierella enigmatica,cytochrome b,CytB,mitochondrial_protein_coding,NORMALIZED,"Australia: Victoria, Nyermilang Creek",,,,,,,,False,Ny4,,,,,taxon:283780,"Cryptic sympatric species across the Australian range of the global estuarine invader Ficopomatus enigmaticus (Fauvel, 1923) (Serpulidae, Annelida)","Aquat Invasions 12 (1), 53-65 (2017)","Styan,C., McCluskey,C., Sun,Y. and Kupriyanova,E.",ACCEPTED_NAME,RECONCILED
KP863738.1,KP863738,266,DNA,linear,Ficopomatus enigmaticus,Ficopomatus enigmaticus,Ficopomatus enigmaticus; Mercierella enigmatica,cytochrome b,CytB,mitochondrial_protein_coding,NORMALIZED,"Australia: Western Australia, Swan River",,,,,,,,False,Sw2,,,,,taxon:283780,"Cryptic sympatric species across the Australian range of the global estuarine invader Ficopomatus enigmaticus (Fauvel, 1923) (Serpulidae, Annelida)","Aquat Invasions 12 (1), 53-65 (2017)","Styan,C., McCluskey,C., Sun,Y. and Kupriyanova,E.",ACCEPTED_NAME,RECONCILED
KP863737.1,KP863737,266,DNA,linear,Ficopomatus enigmaticus,Ficopomatus enigmaticus,Ficopomatus enigmaticus; Mercierella enigmatica,cytochrome b,CytB,mitochondrial_protein_coding,NORMALIZED,"Australia: Western Australia, Swan River",,,,,,,,False,Sw5,,,,,taxon:283780,"Cryptic sympatric species across the Australian range of the global estuarine invader Ficopomatus enigmaticus (Fauvel, 1923) (Serpulidae, Annelida)","Aquat Invasions 12 (1), 53-65 (2017)","Styan,C., McCluskey,C., Sun,Y. and Kupriyanova,E.",ACCEPTED_NAME,RECONCILED
KP863736.1,KP863736,266,DNA,linear,Ficopomatus enigmaticus,Ficopomatus enigmaticus,Ficopomatus enigmaticus; Mercierella enigmatica,cytochrome b,CytB,mitochondrial_protein_coding,NORMALIZED,"Australia: Western Australia, Swan River",,,,,,,,False,Sw1,,,,,taxon:283780,"Cryptic sympatric species across the Australian range of the global estuarine invader Ficopomatus enigmaticus (Fauvel, 1923) (Serpulidae, Annelida)","Aquat Invasions 12 (1), 53-65 (2017)","Styan,C., McCluskey,C., Sun,Y. and Kupriyanova,E.",ACCEPTED_NAME,RECONCILED
LC767144.1,LC767144,500,DNA,linear,Ficopomatus enigmaticus,Ficopomatus enigmaticus,Ficopomatus enigmaticus; Mercierella enigmatica,16S ribosomal RNA,16S,mitochondrial_rRNA,NORMALIZED,"Japan:Tokyo, Tama River",,,,2021-06-26,,,,False,GK1869,,,,,taxon:283780,First report of the mitogenome of the invasive reef-building polychaete Ficopomatus enigmaticus (Annelida: Serpulidae) and a cryptic lineage from the Japanese Archipelago,"Mol Biol Rep 50 (9), 7183-7196 (2023)","Kobayashi,G., Itoh,H. and Nakajima,N.",ACCEPTED_NAME,RECONCILED
LC767143.1,LC767143,500,DNA,linear,Ficopomatus enigmaticus,Ficopomatus enigmaticus,Ficopomatus enigmaticus; Mercierella enigmatica,16S ribosomal RNA,16S,mitochondrial_rRNA,NORMALIZED,"Japan:Tokyo, Tama River",,,,2021-06-26,,,,False,GK1865,,,,,taxon:283780,First report of the mitogenome of the invasive reef-building polychaete Ficopomatus enigmaticus (Annelida: Serpulidae) and a cryptic lineage from the Japanese Archipelago,"Mol Biol Rep 50 (9), 7183-7196 (2023)","Kobayashi,G., Itoh,H. and Nakajima,N.",ACCEPTED_NAME,RECONCILED
LC757642.1,LC757642,15853,DNA,circular,Ficopomatus enigmaticus,Ficopomatus enigmaticus,Ficopomatus enigmaticus; Mercierella enigmatica,cox1; tRNA-Gly; nad1; tRNA-Val; nad5; tRNA-Arg; atp6; tRNA-Tyr; tRNA-Gln; tRNA-Met; cytb; tRNA-Asn; tRNA-Thr; tRNA-Ser; nad6; nad4l; tRNA-Ala; nad4; tRNA-Ile; nad2; tRNA-Glu; tRNA-Cys; nad3; tRNA-Asp; tRNA-Pro; tRNA-His; 16S ribosomal RNA; tRNA-Lys; tRNA-Leu; tRNA-Phe; 12S ribosomal RNA; tRNA-Trp; cox2; cox3,COI; tRNA-Gly; ND1; tRNA-Val; ND5; tRNA-Arg; ATP6; tRNA-Tyr; tRNA-Gln; tRNA-Met; CytB; tRNA-Asn; tRNA-Thr; tRNA-Ser; ND6; ND4L; tRNA-Ala; ND4; tRNA-Ile; ND2; tRNA-Glu; tRNA-Cys; ND3; tRNA-Asp; tRNA-Pro; tRNA-His; 16S; tRNA-Lys; tRNA-Leu; tRNA-Phe; 12S; tRNA-Trp; COII; COIII,mitochondrial_protein_coding; transfer_RNA; mitochondrial_rRNA,NORMALIZED; RECOGNIZED,"Japan:Tokyo, Tama River",,,,2021-06-26,,,,False,GK1866,,,,,taxon:283780,First report of the mitogenome of the invasive reef-building polychaete Ficopomatus enigmaticus (Annelida: Serpulidae) and a cryptic lineage from the Japanese Archipelago,"Mol Biol Rep 50 (9), 7183-7196 (2023)","Kobayashi,G., Itoh,H. and Nakajima,N.",ACCEPTED_NAME,RECONCILED
LC757412.1,LC757412,467,DNA,linear,Ficopomatus enigmaticus,Ficopomatus enigmaticus,Ficopomatus enigmaticus; Mercierella enigmatica,16S ribosomal RNA,16S,mitochondrial_rRNA,NORMALIZED,"Japan:Tokyo, Tama River",,,,2021-06-26,,,,False,GK1870,,,,,taxon:283780,First report of the mitogenome of the invasive reef-building polychaete Ficopomatus enigmaticus (Annelida: Serpulidae) and a cryptic lineage from the Japanese Archipelago,"Mol Biol Rep 50 (9), 7183-7196 (2023)","Kobayashi,G., Itoh,H. and Nakajima,N.",ACCEPTED_NAME,RECONCILED
LC757411.1,LC757411,467,DNA,linear,Ficopomatus enigmaticus,Ficopomatus enigmaticus,Ficopomatus enigmaticus; Mercierella enigmatica,16S ribosomal RNA,16S,mitochondrial_rRNA,NORMALIZED,"Japan:Tokyo, Tama River",,,,2021-06-26,,,,False,GK1868,,,,,taxon:283780,First report of the mitogenome of the invasive reef-building polychaete Ficopomatus enigmaticus (Annelida: Serpulidae) and a cryptic lineage from the Japanese Archipelago,"Mol Biol Rep 50 (9), 7183-7196 (2023)","Kobayashi,G., Itoh,H. and Nakajima,N.",ACCEPTED_NAME,RECONCILED
LC757410.1,LC757410,472,DNA,linear,Ficopomatus enigmaticus,Ficopomatus enigmaticus,Ficopomatus enigmaticus; Mercierella enigmatica,16S ribosomal RNA,16S,mitochondrial_rRNA,NORMALIZED,"Japan:Tokyo, Tama River",,,,2021-06-26,,,,False,GK1867,,,,,taxon:283780,First report of the mitogenome of the invasive reef-building polychaete Ficopomatus enigmaticus (Annelida: Serpulidae) and a cryptic lineage from the Japanese Archipelago,"Mol Biol Rep 50 (9), 7183-7196 (2023)","Kobayashi,G., Itoh,H. and Nakajima,N.",ACCEPTED_NAME,RECONCILED
LC757409.1,LC757409,237,DNA,linear,Ficopomatus enigmaticus,Ficopomatus enigmaticus,Ficopomatus enigmaticus; Mercierella enigmatica,cytb,CytB,mitochondrial_protein_coding,NORMALIZED,"Japan:Tokyo,Tama River",,,,2021-06-26,,,,False,GK1877,,,,,taxon:283780,First report of the mitogenome of the invasive reef-building polychaete Ficopomatus enigmaticus (Annelida: Serpulidae) and a cryptic lineage from the Japanese Archipelago,"Mol Biol Rep 50 (9), 7183-7196 (2023)","Kobayashi,G., Itoh,H. and Nakajima,N.",ACCEPTED_NAME,RECONCILED
LC757408.1,LC757408,361,DNA,linear,Ficopomatus enigmaticus,Ficopomatus enigmaticus,Ficopomatus enigmaticus; Mercierella enigmatica,cytb,CytB,mitochondrial_protein_coding,NORMALIZED,"Japan:Tokyo,Tama River",,,,2021-06-26,,,,False,GK1868,,,,,taxon:283780,First report of the mitogenome of the invasive reef-building polychaete Ficopomatus enigmaticus (Annelida: Serpulidae) and a cryptic lineage from the Japanese Archipelago,"Mol Biol Rep 50 (9), 7183-7196 (2023)","Kobayashi,G., Itoh,H. and Nakajima,N.",ACCEPTED_NAME,RECONCILED
LC757407.1,LC757407,347,DNA,linear,Ficopomatus enigmaticus,Ficopomatus enigmaticus,Ficopomatus enigmaticus; Mercierella enigmatica,cytb,CytB,mitochondrial_protein_coding,NORMALIZED,"Japan:Tokyo,Tama River",,,,2021-06-26,,,,False,GK1867,,,,,taxon:283780,First report of the mitogenome of the invasive reef-building polychaete Ficopomatus enigmaticus (Annelida: Serpulidae) and a cryptic lineage from the Japanese Archipelago,"Mol Biol Rep 50 (9), 7183-7196 (2023)","Kobayashi,G., Itoh,H. and Nakajima,N.",ACCEPTED_NAME,RECONCILED
LC757406.1,LC757406,361,DNA,linear,Ficopomatus enigmaticus,Ficopomatus enigmaticus,Ficopomatus enigmaticus; Mercierella enigmatica,cytb,CytB,mitochondrial_protein_coding,NORMALIZED,"Japan:Tokyo,Tama River",,,,2021-06-26,,,,False,GK1865,,,,,taxon:283780,First report of the mitogenome of the invasive reef-building polychaete Ficopomatus enigmaticus (Annelida: Serpulidae) and a cryptic lineage from the Japanese Archipelago,"Mol Biol Rep 50 (9), 7183-7196 (2023)","Kobayashi,G., Itoh,H. and Nakajima,N.",ACCEPTED_NAME,RECONCILED
LC757405.1,LC757405,238,DNA,linear,Ficopomatus enigmaticus,Ficopomatus enigmaticus,Ficopomatus enigmaticus; Mercierella enigmatica,cytb,CytB,mitochondrial_protein_coding,NORMALIZED,"Japan:Tokyo,Tama River",,,,2021-06-26,,,,False,GK1869,,,,,taxon:283780,First report of the mitogenome of the invasive reef-building polychaete Ficopomatus enigmaticus (Annelida: Serpulidae) and a cryptic lineage from the Japanese Archipelago,"Mol Biol Rep 50 (9), 7183-7196 (2023)","Kobayashi,G., Itoh,H. and Nakajima,N.",ACCEPTED_NAME,RECONCILED
LC757404.1,LC757404,198,DNA,linear,Ficopomatus enigmaticus,Ficopomatus enigmaticus,Ficopomatus enigmaticus; Mercierella enigmatica,cytb,CytB,mitochondrial_protein_coding,NORMALIZED,"Japan:Tokyo,Tama River",,,,2021-06-26,,,,False,GK1870,,,,,taxon:283780,First report of the mitogenome of the invasive reef-building polychaete Ficopomatus enigmaticus (Annelida: Serpulidae) and a cryptic lineage from the Japanese Archipelago,"Mol Biol Rep 50 (9), 7183-7196 (2023)","Kobayashi,G., Itoh,H. and Nakajima,N.",ACCEPTED_NAME,RECONCILED
LC775310.1,LC775310,413,DNA,linear,Ficopomatus enigmaticus,Ficopomatus enigmaticus,Ficopomatus enigmaticus; Mercierella enigmatica,16S ribosomal RNA,16S,mitochondrial_rRNA,NORMALIZED,"Japan:Tokyo, Tama River",,,,2021-06-26,,,,False,GK1877,,,,,taxon:283780,First report of the mitogenome of the invasive reef-building polychaete Ficopomatus enigmaticus (Annelida: Serpulidae) and two cryptic lineages from the Japanese Archipelago,Mol. Biol. Rep. (2023) In press,"Kobayashi,G., Itoh,H. and Nakajima,N.",ACCEPTED_NAME,RECONCILED
OQ427487.1,OQ427487,352,DNA,linear,Ficopomatus enigmaticus,Ficopomatus enigmaticus,Ficopomatus enigmaticus; Mercierella enigmatica,H3,H3,nuclear_protein_coding,NORMALIZED,Australia: SA,,,,,,,SAM:E3356,True,,,,,,taxon:283780,"Phylogeny of Serpulidae (Annelida, Polychaeta) Inferred from Morphology and DNA Sequences, with a New Classification","Diversity (Basel) 15 (3), 398 (2023)","Kupriyanova,E., ten Hove,H.A. and Rouse,G.W.",ACCEPTED_NAME,RECONCILED
OQ427451.1,OQ427451,362,DNA,linear,Ficopomatus enigmaticus,Ficopomatus enigmaticus,Ficopomatus enigmaticus; Mercierella enigmatica,cytb,CytB,mitochondrial_protein_coding,NORMALIZED,Australia: SA,,,,,,,SAM:E3356,True,,,,,,taxon:283780,"Phylogeny of Serpulidae (Annelida, Polychaeta) Inferred from Morphology and DNA Sequences, with a New Classification","Diversity (Basel) 15 (3), 398 (2023)","Kupriyanova,E., ten Hove,H.A. and Rouse,G.W.",ACCEPTED_NAME,RECONCILED
EU195373.1,EU195373,1077,DNA,linear,Ficopomatus enigmaticus,Ficopomatus enigmaticus,Ficopomatus enigmaticus; Mercierella enigmatica,28S ribosomal RNA,28S,nuclear_rRNA,NORMALIZED,Australia,,,,,,,SAM E3356,True,,,,,authority: Ficopomatus enigmaticus (Fauvel. 1923),taxon:283780,Evolution of the unique freshwater cave dwelling tube worm Marifugia cavatica (Annelida: Serpulidae),"System. Biodivers. 7 (4), 389-401 (2009)","Kupriyanova,E.K., ten Hove,H.A., Sket,B., Zaksek,V., Trontelj,P. and Rouse,G.W.",ACCEPTED_NAME,RECONCILED
MT215015.1,MT215015,273,DNA,linear,Ficopomatus enigmaticus,Ficopomatus enigmaticus,Ficopomatus enigmaticus; Mercierella enigmatica,cytb,CytB,mitochondrial_protein_coding,NORMALIZED,Spain,,,,,,,,False,FIC01,,,,,taxon:283780,The elephant in the room: first record of invasive gregarious species of serpulids (calcareous tube annelids) in Majorca (western Mediterranean),"Sci Mar 85 (1), 15-28 (2021)","Grosse,M., Perez,R., Juan-Amengual,M., Pons,J. and Capa,M.",ACCEPTED_NAME,RECONCILED
MT215014.1,MT215014,273,DNA,linear,Ficopomatus enigmaticus,Ficopomatus enigmaticus,Ficopomatus enigmaticus; Mercierella enigmatica,cytb,CytB,mitochondrial_protein_coding,NORMALIZED,Spain,,,,,,,,False,FIC02,,,,,taxon:283780,The elephant in the room: first record of invasive gregarious species of serpulids (calcareous tube annelids) in Majorca (western Mediterranean),"Sci Mar 85 (1), 15-28 (2021)","Grosse,M., Perez,R., Juan-Amengual,M., Pons,J. and Capa,M.",ACCEPTED_NAME,RECONCILED
MT044495.1,MT044495,559,DNA,linear,Ficopomatus enigmaticus,Ficopomatus enigmaticus,Ficopomatus enigmaticus; Mercierella enigmatica,COX1,COI,mitochondrial_protein_coding,NORMALIZED,,,,,,,,,False,FIC16,,,,,taxon:283780,The elephant in the room: first record of invasive gregarious species of serpulids (calcareous tube annelids) in Majorca (western Mediterranean),"Sci Mar 85 (1), 15-28 (2021)","Grosse,M., Perez,R., Juan-Amengual,M., Pons,J. and Capa,M.",ACCEPTED_NAME,RECONCILED
MT044494.1,MT044494,531,DNA,linear,Ficopomatus enigmaticus,Ficopomatus enigmaticus,Ficopomatus enigmaticus; Mercierella enigmatica,COX1,COI,mitochondrial_protein_coding,NORMALIZED,,,,,,,,,False,FIC12,,,,,taxon:283780,The elephant in the room: first record of invasive gregarious species of serpulids (calcareous tube annelids) in Majorca (western Mediterranean),"Sci Mar 85 (1), 15-28 (2021)","Grosse,M., Perez,R., Juan-Amengual,M., Pons,J. and Capa,M.",ACCEPTED_NAME,RECONCILED
MT044493.1,MT044493,548,DNA,linear,Ficopomatus enigmaticus,Ficopomatus enigmaticus,Ficopomatus enigmaticus; Mercierella enigmatica,COX1,COI,mitochondrial_protein_coding,NORMALIZED,,,,,,,,,False,FIC21,,,,,taxon:283780,The elephant in the room: first record of invasive gregarious species of serpulids (calcareous tube annelids) in Majorca (western Mediterranean),"Sci Mar 85 (1), 15-28 (2021)","Grosse,M., Perez,R., Juan-Amengual,M., Pons,J. and Capa,M.",ACCEPTED_NAME,RECONCILED
MT044492.1,MT044492,559,DNA,linear,Ficopomatus enigmaticus,Ficopomatus enigmaticus,Ficopomatus enigmaticus; Mercierella enigmatica,COX1,COI,mitochondrial_protein_coding,NORMALIZED,,,,,,,,,False,FIC04,,,,,taxon:283780,The elephant in the room: first record of invasive gregarious species of serpulids (calcareous tube annelids) in Majorca (western Mediterranean),"Sci Mar 85 (1), 15-28 (2021)","Grosse,M., Perez,R., Juan-Amengual,M., Pons,J. and Capa,M.",ACCEPTED_NAME,RECONCILED
MT044491.1,MT044491,559,DNA,linear,Ficopomatus enigmaticus,Ficopomatus enigmaticus,Ficopomatus enigmaticus; Mercierella enigmatica,COX1,COI,mitochondrial_protein_coding,NORMALIZED,,,,,,,,,False,FIC05,,,,,taxon:283780,The elephant in the room: first record of invasive gregarious species of serpulids (calcareous tube annelids) in Majorca (western Mediterranean),"Sci Mar 85 (1), 15-28 (2021)","Grosse,M., Perez,R., Juan-Amengual,M., Pons,J. and Capa,M.",ACCEPTED_NAME,RECONCILED
MT044490.1,MT044490,559,DNA,linear,Ficopomatus enigmaticus,Ficopomatus enigmaticus,Ficopomatus enigmaticus; Mercierella enigmatica,COX1,COI,mitochondrial_protein_coding,NORMALIZED,,,,,,,,,False,FIC17,,,,,taxon:283780,The elephant in the room: first record of invasive gregarious species of serpulids (calcareous tube annelids) in Majorca (western Mediterranean),"Sci Mar 85 (1), 15-28 (2021)","Grosse,M., Perez,R., Juan-Amengual,M., Pons,J. and Capa,M.",ACCEPTED_NAME,RECONCILED
MT044489.1,MT044489,507,DNA,linear,Ficopomatus enigmaticus,Ficopomatus enigmaticus,Ficopomatus enigmaticus; Mercierella enigmatica,COX1,COI,mitochondrial_protein_coding,NORMALIZED,,,,,,,,,False,FIC02,,,,,taxon:283780,The elephant in the room: first record of invasive gregarious species of serpulids (calcareous tube annelids) in Majorca (western Mediterranean),"Sci Mar 85 (1), 15-28 (2021)","Grosse,M., Perez,R., Juan-Amengual,M., Pons,J. and Capa,M.",ACCEPTED_NAME,RECONCILED
MT044488.1,MT044488,559,DNA,linear,Ficopomatus enigmaticus,Ficopomatus enigmaticus,Ficopomatus enigmaticus; Mercierella enigmatica,COX1,COI,mitochondrial_protein_coding,NORMALIZED,,,,,,,,,False,FIC15,,,,,taxon:283780,The elephant in the room: first record of invasive gregarious species of serpulids (calcareous tube annelids) in Majorca (western Mediterranean),"Sci Mar 85 (1), 15-28 (2021)","Grosse,M., Perez,R., Juan-Amengual,M., Pons,J. and Capa,M.",ACCEPTED_NAME,RECONCILED
MT044487.1,MT044487,559,DNA,linear,Ficopomatus enigmaticus,Ficopomatus enigmaticus,Ficopomatus enigmaticus; Mercierella enigmatica,COX1,COI,mitochondrial_protein_coding,NORMALIZED,,,,,,,,,False,FIC20,,,,,taxon:283780,The elephant in the room: first record of invasive gregarious species of serpulids (calcareous tube annelids) in Majorca (western Mediterranean),"Sci Mar 85 (1), 15-28 (2021)","Grosse,M., Perez,R., Juan-Amengual,M., Pons,J. and Capa,M.",ACCEPTED_NAME,RECONCILED
MT044486.1,MT044486,559,DNA,linear,Ficopomatus enigmaticus,Ficopomatus enigmaticus,Ficopomatus enigmaticus; Mercierella enigmatica,COX1,COI,mitochondrial_protein_coding,NORMALIZED,,,,,,,,,False,FIC01,,,,,taxon:283780,The elephant in the room: first record of invasive gregarious species of serpulids (calcareous tube annelids) in Majorca (western Mediterranean),"Sci Mar 85 (1), 15-28 (2021)","Grosse,M., Perez,R., Juan-Amengual,M., Pons,J. and Capa,M.",ACCEPTED_NAME,RECONCILED
MK934534.1,MK934534,319,DNA,linear,Ficopomatus enigmaticus,Ficopomatus enigmaticus,Ficopomatus enigmaticus; Mercierella enigmatica,cytb,CytB,mitochondrial_protein_coding,NORMALIZED,Italy: Pisa,,,,Oct-2018,M. Oliva,,,False,H14_It,,,,,taxon:283780,Direct Submission,"Submitted (15-MAY-2019) Biologia, Universidade de Aveiro, Campus de Santiago, Aveiro 3810-193, Portugal","Pires,A., Freitas,R. and Sanches,M.",ACCEPTED_NAME,RECONCILED
MK934533.1,MK934533,319,DNA,linear,Ficopomatus enigmaticus,Ficopomatus enigmaticus,Ficopomatus enigmaticus; Mercierella enigmatica,cytb,CytB,mitochondrial_protein_coding,NORMALIZED,Italy: Pisa,,,,Oct-2018,M. Oliva,,,False,H13_It,,,,,taxon:283780,Direct Submission,"Submitted (15-MAY-2019) Biologia, Universidade de Aveiro, Campus de Santiago, Aveiro 3810-193, Portugal","Pires,A., Freitas,R. and Sanches,M.",ACCEPTED_NAME,RECONCILED
MK934532.1,MK934532,319,DNA,linear,Ficopomatus enigmaticus,Ficopomatus enigmaticus,Ficopomatus enigmaticus; Mercierella enigmatica,cytb,CytB,mitochondrial_protein_coding,NORMALIZED,Italy: Pisa,,,,Oct-2018,M. Oliva,,,False,H12_It,,,,,taxon:283780,Direct Submission,"Submitted (15-MAY-2019) Biologia, Universidade de Aveiro, Campus de Santiago, Aveiro 3810-193, Portugal","Pires,A., Freitas,R. and Sanches,M.",ACCEPTED_NAME,RECONCILED
MK934531.1,MK934531,320,DNA,linear,Ficopomatus enigmaticus,Ficopomatus enigmaticus,Ficopomatus enigmaticus; Mercierella enigmatica,cytb,CytB,mitochondrial_protein_coding,NORMALIZED,Italy: Pisa,,,,Oct-2018,M. Oliva,,,False,H11_It,,,,,taxon:283780,Direct Submission,"Submitted (15-MAY-2019) Biologia, Universidade de Aveiro, Campus de Santiago, Aveiro 3810-193, Portugal","Pires,A., Freitas,R. and Sanches,M.",ACCEPTED_NAME,RECONCILED
MK934530.1,MK934530,319,DNA,linear,Ficopomatus enigmaticus,Ficopomatus enigmaticus,Ficopomatus enigmaticus; Mercierella enigmatica,cytb,CytB,mitochondrial_protein_coding,NORMALIZED,"Italy: Pisa, Portugal, Aveiro",,,,Oct-2018,M. Sanches and M. Oliva,,,False,H10_It,,,,,taxon:283780,Direct Submission,"Submitted (15-MAY-2019) Biologia, Universidade de Aveiro, Campus de Santiago, Aveiro 3810-193, Portugal","Pires,A., Freitas,R. and Sanches,M.",ACCEPTED_NAME,RECONCILED
MK934529.1,MK934529,319,DNA,linear,Ficopomatus enigmaticus,Ficopomatus enigmaticus,Ficopomatus enigmaticus; Mercierella enigmatica,cytb,CytB,mitochondrial_protein_coding,NORMALIZED,"Italy: Pisa, Portugal, Aveiro",,,,Oct-2018,M. Sanches and M. Oliva,,,False,H9_It_Av,,,,,taxon:283780,Direct Submission,"Submitted (15-MAY-2019) Biologia, Universidade de Aveiro, Campus de Santiago, Aveiro 3810-193, Portugal","Pires,A., Freitas,R. and Sanches,M.",ACCEPTED_NAME,RECONCILED
MK934528.1,MK934528,319,DNA,linear,Ficopomatus enigmaticus,Ficopomatus enigmaticus,Ficopomatus enigmaticus; Mercierella enigmatica,cytb,CytB,mitochondrial_protein_coding,NORMALIZED,"Italy: Pisa, Portugal, Aveiro",,,,Oct-2018,M. Sanches and M. Oliva,,,False,H8_It_Av,,,,,taxon:283780,Direct Submission,"Submitted (15-MAY-2019) Biologia, Universidade de Aveiro, Campus de Santiago, Aveiro 3810-193, Portugal","Pires,A., Freitas,R. and Sanches,M.",ACCEPTED_NAME,RECONCILED
MK934527.1,MK934527,319,DNA,linear,Ficopomatus enigmaticus,Ficopomatus enigmaticus,Ficopomatus enigmaticus; Mercierella enigmatica,cytb,CytB,mitochondrial_protein_coding,NORMALIZED,"Portugal: Aveiro, Italy, Pisa",,,,Oct-2018,M. Sanches and M. Oliva,,,False,H7_Av_It,,,,,taxon:283780,Direct Submission,"Submitted (15-MAY-2019) Biologia, Universidade de Aveiro, Campus de Santiago, Aveiro 3810-193, Portugal","Pires,A., Freitas,R. and Sanches,M.",ACCEPTED_NAME,RECONCILED
MH669413.1,MH669413,457,DNA,linear,Ficopomatus enigmaticus,Ficopomatus enigmaticus,Ficopomatus enigmaticus; Mercierella enigmatica,18S ribosomal RNA,18S,nuclear_rRNA,NORMALIZED,Spain,,,,,,,,False,23,,,,,taxon:283780,Community changes induced by the spreading of the invasive polychaete Ficopomatus enigmaticus along the Asturian coast,Unpublished,"Alonso,O., Miralles,L. and Garcia-Vazquez,E.",ACCEPTED_NAME,RECONCILED
MH669412.1,MH669412,457,DNA,linear,Ficopomatus enigmaticus,Ficopomatus enigmaticus,Ficopomatus enigmaticus; Mercierella enigmatica,18S ribosomal RNA,18S,nuclear_rRNA,NORMALIZED,Spain,,,,,,,,False,1,,,,,taxon:283780,Community changes induced by the spreading of the invasive polychaete Ficopomatus enigmaticus along the Asturian coast,Unpublished,"Alonso,O., Miralles,L. and Garcia-Vazquez,E.",ACCEPTED_NAME,RECONCILED
DQ317115.1,DQ317115,1756,DNA,linear,Ficopomatus enigmaticus,Ficopomatus enigmaticus,Ficopomatus enigmaticus; Mercierella enigmatica,18S ribosomal RNA,18S,nuclear_rRNA,NORMALIZED,Australia,,,,,,,SAM E3356,True,,,,,,taxon:283780,"Phylogenetic relationships within Serpulidae (Sabellida, Annelida) inferred from molecular and morphological data","Zool. Scr. 35 (5), 421-439 (2006)","Kupriyanova,E.K., Macdonald,T.A. and Rouse,G.W.",ACCEPTED_NAME,RECONCILED
MK334123.1,MK334123,264,DNA,linear,Ficopomatus enigmaticus,Ficopomatus enigmaticus,Ficopomatus enigmaticus; Mercierella enigmatica,cytb,CytB,mitochondrial_protein_coding,NORMALIZED,,,,,,,,,False,LA_57,,,,,taxon:283780,The distribution and unexpected genetic diversity of the non-indigenous annelid Ficopomatus enigmaticus in California,Aquat. Invasions 14 (2019) In press,"Yee,A., Mackie,J. and Pernet,B.",ACCEPTED_NAME,RECONCILED
MK334122.1,MK334122,264,DNA,linear,Ficopomatus enigmaticus,Ficopomatus enigmaticus,Ficopomatus enigmaticus; Mercierella enigmatica,cytb,CytB,mitochondrial_protein_coding,NORMALIZED,,,,,,,,,False,LA_56,,,,,taxon:283780,The distribution and unexpected genetic diversity of the non-indigenous annelid Ficopomatus enigmaticus in California,Aquat. Invasions 14 (2019) In press,"Yee,A., Mackie,J. and Pernet,B.",ACCEPTED_NAME,RECONCILED
MK334121.1,MK334121,264,DNA,linear,Ficopomatus enigmaticus,Ficopomatus enigmaticus,Ficopomatus enigmaticus; Mercierella enigmatica,cytb,CytB,mitochondrial_protein_coding,NORMALIZED,,,,,,,,,False,LA_53,,,,,taxon:283780,The distribution and unexpected genetic diversity of the non-indigenous annelid Ficopomatus enigmaticus in California,Aquat. Invasions 14 (2019) In press,"Yee,A., Mackie,J. and Pernet,B.",ACCEPTED_NAME,RECONCILED
MK334120.1,MK334120,264,DNA,linear,Ficopomatus enigmaticus,Ficopomatus enigmaticus,Ficopomatus enigmaticus; Mercierella enigmatica,cytb,CytB,mitochondrial_protein_coding,NORMALIZED,,,,,,,,,False,LA_51,,,,,taxon:283780,The distribution and unexpected genetic diversity of the non-indigenous annelid Ficopomatus enigmaticus in California,Aquat. Invasions 14 (2019) In press,"Yee,A., Mackie,J. and Pernet,B.",ACCEPTED_NAME,RECONCILED
MK334119.1,MK334119,264,DNA,linear,Ficopomatus enigmaticus,Ficopomatus enigmaticus,Ficopomatus enigmaticus; Mercierella enigmatica,cytb,CytB,mitochondrial_protein_coding,NORMALIZED,,,,,,,,,False,LA_50,,,,,taxon:283780,The distribution and unexpected genetic diversity of the non-indigenous annelid Ficopomatus enigmaticus in California,Aquat. Invasions 14 (2019) In press,"Yee,A., Mackie,J. and Pernet,B.",ACCEPTED_NAME,RECONCILED
MK334118.1,MK334118,264,DNA,linear,Ficopomatus enigmaticus,Ficopomatus enigmaticus,Ficopomatus enigmaticus; Mercierella enigmatica,cytb,CytB,mitochondrial_protein_coding,NORMALIZED,,,,,,,,,False,LA_49,,,,,taxon:283780,The distribution and unexpected genetic diversity of the non-indigenous annelid Ficopomatus enigmaticus in California,Aquat. Invasions 14 (2019) In press,"Yee,A., Mackie,J. and Pernet,B.",ACCEPTED_NAME,RECONCILED
MK334117.1,MK334117,264,DNA,linear,Ficopomatus enigmaticus,Ficopomatus enigmaticus,Ficopomatus enigmaticus; Mercierella enigmatica,cytb,CytB,mitochondrial_protein_coding,NORMALIZED,,,,,,,,,False,LA_48,,,,,taxon:283780,The distribution and unexpected genetic diversity of the non-indigenous annelid Ficopomatus enigmaticus in California,Aquat. Invasions 14 (2019) In press,"Yee,A., Mackie,J. and Pernet,B.",ACCEPTED_NAME,RECONCILED
MK334116.1,MK334116,264,DNA,linear,Ficopomatus enigmaticus,Ficopomatus enigmaticus,Ficopomatus enigmaticus; Mercierella enigmatica,cytb,CytB,mitochondrial_protein_coding,NORMALIZED,,,,,,,,,False,LA_47,,,,,taxon:283780,The distribution and unexpected genetic diversity of the non-indigenous annelid Ficopomatus enigmaticus in California,Aquat. Invasions 14 (2019) In press,"Yee,A., Mackie,J. and Pernet,B.",ACCEPTED_NAME,RECONCILED
MK334115.1,MK334115,264,DNA,linear,Ficopomatus enigmaticus,Ficopomatus enigmaticus,Ficopomatus enigmaticus; Mercierella enigmatica,cytb,CytB,mitochondrial_protein_coding,NORMALIZED,,,,,,,,,False,LA_46,,,,,taxon:283780,The distribution and unexpected genetic diversity of the non-indigenous annelid Ficopomatus enigmaticus in California,Aquat. Invasions 14 (2019) In press,"Yee,A., Mackie,J. and Pernet,B.",ACCEPTED_NAME,RECONCILED
MK334114.1,MK334114,264,DNA,linear,Ficopomatus enigmaticus,Ficopomatus enigmaticus,Ficopomatus enigmaticus; Mercierella enigmatica,cytb,CytB,mitochondrial_protein_coding,NORMALIZED,,,,,,,,,False,LA_44,,,,,taxon:283780,The distribution and unexpected genetic diversity of the non-indigenous annelid Ficopomatus enigmaticus in California,Aquat. Invasions 14 (2019) In press,"Yee,A., Mackie,J. and Pernet,B.",ACCEPTED_NAME,RECONCILED
MK334113.1,MK334113,264,DNA,linear,Ficopomatus enigmaticus,Ficopomatus enigmaticus,Ficopomatus enigmaticus; Mercierella enigmatica,cytb,CytB,mitochondrial_protein_coding,NORMALIZED,,,,,,,,,False,LA_43,,,,,taxon:283780,The distribution and unexpected genetic diversity of the non-indigenous annelid Ficopomatus enigmaticus in California,Aquat. Invasions 14 (2019) In press,"Yee,A., Mackie,J. and Pernet,B.",ACCEPTED_NAME,RECONCILED
MK334112.1,MK334112,264,DNA,linear,Ficopomatus enigmaticus,Ficopomatus enigmaticus,Ficopomatus enigmaticus; Mercierella enigmatica,cytb,CytB,mitochondrial_protein_coding,NORMALIZED,,,,,,,,,False,LA_42,,,,,taxon:283780,The distribution and unexpected genetic diversity of the non-indigenous annelid Ficopomatus enigmaticus in California,Aquat. Invasions 14 (2019) In press,"Yee,A., Mackie,J. and Pernet,B.",ACCEPTED_NAME,RECONCILED
MK334111.1,MK334111,264,DNA,linear,Ficopomatus enigmaticus,Ficopomatus enigmaticus,Ficopomatus enigmaticus; Mercierella enigmatica,cytb,CytB,mitochondrial_protein_coding,NORMALIZED,,,,,,,,,False,LA_41,,,,,taxon:283780,The distribution and unexpected genetic diversity of the non-indigenous annelid Ficopomatus enigmaticus in California,Aquat. Invasions 14 (2019) In press,"Yee,A., Mackie,J. and Pernet,B.",ACCEPTED_NAME,RECONCILED
MK334110.1,MK334110,264,DNA,linear,Ficopomatus enigmaticus,Ficopomatus enigmaticus,Ficopomatus enigmaticus; Mercierella enigmatica,cytb,CytB,mitochondrial_protein_coding,NORMALIZED,,,,,,,,,False,LA_40,,,,,taxon:283780,The distribution and unexpected genetic diversity of the non-indigenous annelid Ficopomatus enigmaticus in California,Aquat. Invasions 14 (2019) In press,"Yee,A., Mackie,J. and Pernet,B.",ACCEPTED_NAME,RECONCILED
MK334109.1,MK334109,264,DNA,linear,Ficopomatus enigmaticus,Ficopomatus enigmaticus,Ficopomatus enigmaticus; Mercierella enigmatica,cytb,CytB,mitochondrial_protein_coding,NORMALIZED,,,,,,,,,False,LA_36,,,,,taxon:283780,The distribution and unexpected genetic diversity of the non-indigenous annelid Ficopomatus enigmaticus in California,Aquat. Invasions 14 (2019) In press,"Yee,A., Mackie,J. and Pernet,B.",ACCEPTED_NAME,RECONCILED
MK334108.1,MK334108,264,DNA,linear,Ficopomatus enigmaticus,Ficopomatus enigmaticus,Ficopomatus enigmaticus; Mercierella enigmatica,cytb,CytB,mitochondrial_protein_coding,NORMALIZED,,,,,,,,,False,LA_35,,,,,taxon:283780,The distribution and unexpected genetic diversity of the non-indigenous annelid Ficopomatus enigmaticus in California,Aquat. Invasions 14 (2019) In press,"Yee,A., Mackie,J. and Pernet,B.",ACCEPTED_NAME,RECONCILED
MK334107.1,MK334107,264,DNA,linear,Ficopomatus enigmaticus,Ficopomatus enigmaticus,Ficopomatus enigmaticus; Mercierella enigmatica,cytb,CytB,mitochondrial_protein_coding,NORMALIZED,,,,,,,,,False,LA_34,,,,,taxon:283780,The distribution and unexpected genetic diversity of the non-indigenous annelid Ficopomatus enigmaticus in California,Aquat. Invasions 14 (2019) In press,"Yee,A., Mackie,J. and Pernet,B.",ACCEPTED_NAME,RECONCILED
MK334106.1,MK334106,264,DNA,linear,Ficopomatus enigmaticus,Ficopomatus enigmaticus,Ficopomatus enigmaticus; Mercierella enigmatica,cytb,CytB,mitochondrial_protein_coding,NORMALIZED,,,,,,,,,False,LA_33,,,,,taxon:283780,The distribution and unexpected genetic diversity of the non-indigenous annelid Ficopomatus enigmaticus in California,Aquat. Invasions 14 (2019) In press,"Yee,A., Mackie,J. and Pernet,B.",ACCEPTED_NAME,RECONCILED
MK334105.1,MK334105,264,DNA,linear,Ficopomatus enigmaticus,Ficopomatus enigmaticus,Ficopomatus enigmaticus; Mercierella enigmatica,cytb,CytB,mitochondrial_protein_coding,NORMALIZED,,,,,,,,,False,LA_32,,,,,taxon:283780,The distribution and unexpected genetic diversity of the non-indigenous annelid Ficopomatus enigmaticus in California,Aquat. Invasions 14 (2019) In press,"Yee,A., Mackie,J. and Pernet,B.",ACCEPTED_NAME,RECONCILED
MK334104.1,MK334104,264,DNA,linear,Ficopomatus enigmaticus,Ficopomatus enigmaticus,Ficopomatus enigmaticus; Mercierella enigmatica,cytb,CytB,mitochondrial_protein_coding,NORMALIZED,,,,,,,,,False,LA_31,,,,,taxon:283780,The distribution and unexpected genetic diversity of the non-indigenous annelid Ficopomatus enigmaticus in California,Aquat. Invasions 14 (2019) In press,"Yee,A., Mackie,J. and Pernet,B.",ACCEPTED_NAME,RECONCILED
MK334103.1,MK334103,264,DNA,linear,Ficopomatus enigmaticus,Ficopomatus enigmaticus,Ficopomatus enigmaticus; Mercierella enigmatica,cytb,CytB,mitochondrial_protein_coding,NORMALIZED,,,,,,,,,False,LA_30,,,,,taxon:283780,The distribution and unexpected genetic diversity of the non-indigenous annelid Ficopomatus enigmaticus in California,Aquat. Invasions 14 (2019) In press,"Yee,A., Mackie,J. and Pernet,B.",ACCEPTED_NAME,RECONCILED
MK334102.1,MK334102,264,DNA,linear,Ficopomatus enigmaticus,Ficopomatus enigmaticus,Ficopomatus enigmaticus; Mercierella enigmatica,cytb,CytB,mitochondrial_protein_coding,NORMALIZED,,,,,,,,,False,LA_29,,,,,taxon:283780,The distribution and unexpected genetic diversity of the non-indigenous annelid Ficopomatus enigmaticus in California,Aquat. Invasions 14 (2019) In press,"Yee,A., Mackie,J. and Pernet,B.",ACCEPTED_NAME,RECONCILED
MK334101.1,MK334101,264,DNA,linear,Ficopomatus enigmaticus,Ficopomatus enigmaticus,Ficopomatus enigmaticus; Mercierella enigmatica,cytb,CytB,mitochondrial_protein_coding,NORMALIZED,,,,,,,,,False,LA_28,,,,,taxon:283780,The distribution and unexpected genetic diversity of the non-indigenous annelid Ficopomatus enigmaticus in California,Aquat. Invasions 14 (2019) In press,"Yee,A., Mackie,J. and Pernet,B.",ACCEPTED_NAME,RECONCILED
MK334100.1,MK334100,264,DNA,linear,Ficopomatus enigmaticus,Ficopomatus enigmaticus,Ficopomatus enigmaticus; Mercierella enigmatica,cytb,CytB,mitochondrial_protein_coding,NORMALIZED,,,,,,,,,False,LA_27,,,,,taxon:283780,The distribution and unexpected genetic diversity of the non-indigenous annelid Ficopomatus enigmaticus in California,Aquat. Invasions 14 (2019) In press,"Yee,A., Mackie,J. and Pernet,B.",ACCEPTED_NAME,RECONCILED
MK334099.1,MK334099,264,DNA,linear,Ficopomatus enigmaticus,Ficopomatus enigmaticus,Ficopomatus enigmaticus; Mercierella enigmatica,cytb,CytB,mitochondrial_protein_coding,NORMALIZED,,,,,,,,,False,LA_26,,,,,taxon:283780,The distribution and unexpected genetic diversity of the non-indigenous annelid Ficopomatus enigmaticus in California,Aquat. Invasions 14 (2019) In press,"Yee,A., Mackie,J. and Pernet,B.",ACCEPTED_NAME,RECONCILED
MK334098.1,MK334098,264,DNA,linear,Ficopomatus enigmaticus,Ficopomatus enigmaticus,Ficopomatus enigmaticus; Mercierella enigmatica,cytb,CytB,mitochondrial_protein_coding,NORMALIZED,,,,,,,,,False,LA_25,,,,,taxon:283780,The distribution and unexpected genetic diversity of the non-indigenous annelid Ficopomatus enigmaticus in California,Aquat. Invasions 14 (2019) In press,"Yee,A., Mackie,J. and Pernet,B.",ACCEPTED_NAME,RECONCILED
MK334097.1,MK334097,264,DNA,linear,Ficopomatus enigmaticus,Ficopomatus enigmaticus,Ficopomatus enigmaticus; Mercierella enigmatica,cytb,CytB,mitochondrial_protein_coding,NORMALIZED,,,,,,,,,False,LA_24,,,,,taxon:283780,The distribution and unexpected genetic diversity of the non-indigenous annelid Ficopomatus enigmaticus in California,Aquat. Invasions 14 (2019) In press,"Yee,A., Mackie,J. and Pernet,B.",ACCEPTED_NAME,RECONCILED
MK334096.1,MK334096,264,DNA,linear,Ficopomatus enigmaticus,Ficopomatus enigmaticus,Ficopomatus enigmaticus; Mercierella enigmatica,cytb,CytB,mitochondrial_protein_coding,NORMALIZED,,,,,,,,,False,LA_23,,,,,taxon:283780,The distribution and unexpected genetic diversity of the non-indigenous annelid Ficopomatus enigmaticus in California,Aquat. Invasions 14 (2019) In press,"Yee,A., Mackie,J. and Pernet,B.",ACCEPTED_NAME,RECONCILED
MK334095.1,MK334095,264,DNA,linear,Ficopomatus enigmaticus,Ficopomatus enigmaticus,Ficopomatus enigmaticus; Mercierella enigmatica,cytb,CytB,mitochondrial_protein_coding,NORMALIZED,,,,,,,,,False,LA_22,,,,,taxon:283780,The distribution and unexpected genetic diversity of the non-indigenous annelid Ficopomatus enigmaticus in California,Aquat. Invasions 14 (2019) In press,"Yee,A., Mackie,J. and Pernet,B.",ACCEPTED_NAME,RECONCILED
MK334094.1,MK334094,264,DNA,linear,Ficopomatus enigmaticus,Ficopomatus enigmaticus,Ficopomatus enigmaticus; Mercierella enigmatica,cytb,CytB,mitochondrial_protein_coding,NORMALIZED,,,,,,,,,False,LA_21,,,,,taxon:283780,The distribution and unexpected genetic diversity of the non-indigenous annelid Ficopomatus enigmaticus in California,Aquat. Invasions 14 (2019) In press,"Yee,A., Mackie,J. and Pernet,B.",ACCEPTED_NAME,RECONCILED
MK334093.1,MK334093,264,DNA,linear,Ficopomatus enigmaticus,Ficopomatus enigmaticus,Ficopomatus enigmaticus; Mercierella enigmatica,cytb,CytB,mitochondrial_protein_coding,NORMALIZED,,,,,,,,,False,LA_20,,,,,taxon:283780,The distribution and unexpected genetic diversity of the non-indigenous annelid Ficopomatus enigmaticus in California,Aquat. Invasions 14 (2019) In press,"Yee,A., Mackie,J. and Pernet,B.",ACCEPTED_NAME,RECONCILED
MK334092.1,MK334092,264,DNA,linear,Ficopomatus enigmaticus,Ficopomatus enigmaticus,Ficopomatus enigmaticus; Mercierella enigmatica,cytb,CytB,mitochondrial_protein_coding,NORMALIZED,,,,,,,,,False,AL_26,,,,,taxon:283780,The distribution and unexpected genetic diversity of the non-indigenous annelid Ficopomatus enigmaticus in California,Aquat. Invasions 14 (2019) In press,"Yee,A., Mackie,J. and Pernet,B.",ACCEPTED_NAME,RECONCILED
MK334091.1,MK334091,264,DNA,linear,Ficopomatus enigmaticus,Ficopomatus enigmaticus,Ficopomatus enigmaticus; Mercierella enigmatica,cytb,CytB,mitochondrial_protein_coding,NORMALIZED,,,,,,,,,False,AL_25,,,,,taxon:283780,The distribution and unexpected genetic diversity of the non-indigenous annelid Ficopomatus enigmaticus in California,Aquat. Invasions 14 (2019) In press,"Yee,A., Mackie,J. and Pernet,B.",ACCEPTED_NAME,RECONCILED
MK334090.1,MK334090,264,DNA,linear,Ficopomatus enigmaticus,Ficopomatus enigmaticus,Ficopomatus enigmaticus; Mercierella enigmatica,cytb,CytB,mitochondrial_protein_coding,NORMALIZED,,,,,,,,,False,AL_24,,,,,taxon:283780,The distribution and unexpected genetic diversity of the non-indigenous annelid Ficopomatus enigmaticus in California,Aquat. Invasions 14 (2019) In press,"Yee,A., Mackie,J. and Pernet,B.",ACCEPTED_NAME,RECONCILED
MK334089.1,MK334089,264,DNA,linear,Ficopomatus enigmaticus,Ficopomatus enigmaticus,Ficopomatus enigmaticus; Mercierella enigmatica,cytb,CytB,mitochondrial_protein_coding,NORMALIZED,,,,,,,,,False,AL_23,,,,,taxon:283780,The distribution and unexpected genetic diversity of the non-indigenous annelid Ficopomatus enigmaticus in California,Aquat. Invasions 14 (2019) In press,"Yee,A., Mackie,J. and Pernet,B.",ACCEPTED_NAME,RECONCILED
MK334088.1,MK334088,264,DNA,linear,Ficopomatus enigmaticus,Ficopomatus enigmaticus,Ficopomatus enigmaticus; Mercierella enigmatica,cytb,CytB,mitochondrial_protein_coding,NORMALIZED,,,,,,,,,False,AL_22,,,,,taxon:283780,The distribution and unexpected genetic diversity of the non-indigenous annelid Ficopomatus enigmaticus in California,Aquat. Invasions 14 (2019) In press,"Yee,A., Mackie,J. and Pernet,B.",ACCEPTED_NAME,RECONCILED
MK334087.1,MK334087,264,DNA,linear,Ficopomatus enigmaticus,Ficopomatus enigmaticus,Ficopomatus enigmaticus; Mercierella enigmatica,cytb,CytB,mitochondrial_protein_coding,NORMALIZED,,,,,,,,,False,AL_21,,,,,taxon:283780,The distribution and unexpected genetic diversity of the non-indigenous annelid Ficopomatus enigmaticus in California,Aquat. Invasions 14 (2019) In press,"Yee,A., Mackie,J. and Pernet,B.",ACCEPTED_NAME,RECONCILED
MK334086.1,MK334086,264,DNA,linear,Ficopomatus enigmaticus,Ficopomatus enigmaticus,Ficopomatus enigmaticus; Mercierella enigmatica,cytb,CytB,mitochondrial_protein_coding,NORMALIZED,,,,,,,,,False,AL_20,,,,,taxon:283780,The distribution and unexpected genetic diversity of the non-indigenous annelid Ficopomatus enigmaticus in California,Aquat. Invasions 14 (2019) In press,"Yee,A., Mackie,J. and Pernet,B.",ACCEPTED_NAME,RECONCILED
MK334085.1,MK334085,264,DNA,linear,Ficopomatus enigmaticus,Ficopomatus enigmaticus,Ficopomatus enigmaticus; Mercierella enigmatica,cytb,CytB,mitochondrial_protein_coding,NORMALIZED,,,,,,,,,False,AL_19,,,,,taxon:283780,The distribution and unexpected genetic diversity of the non-indigenous annelid Ficopomatus enigmaticus in California,Aquat. Invasions 14 (2019) In press,"Yee,A., Mackie,J. and Pernet,B.",ACCEPTED_NAME,RECONCILED
MK334084.1,MK334084,264,DNA,linear,Ficopomatus enigmaticus,Ficopomatus enigmaticus,Ficopomatus enigmaticus; Mercierella enigmatica,cytb,CytB,mitochondrial_protein_coding,NORMALIZED,,,,,,,,,False,AL_18,,,,,taxon:283780,The distribution and unexpected genetic diversity of the non-indigenous annelid Ficopomatus enigmaticus in California,Aquat. Invasions 14 (2019) In press,"Yee,A., Mackie,J. and Pernet,B.",ACCEPTED_NAME,RECONCILED
MK334083.1,MK334083,264,DNA,linear,Ficopomatus enigmaticus,Ficopomatus enigmaticus,Ficopomatus enigmaticus; Mercierella enigmatica,cytb,CytB,mitochondrial_protein_coding,NORMALIZED,,,,,,,,,False,AL_17,,,,,taxon:283780,The distribution and unexpected genetic diversity of the non-indigenous annelid Ficopomatus enigmaticus in California,Aquat. Invasions 14 (2019) In press,"Yee,A., Mackie,J. and Pernet,B.",ACCEPTED_NAME,RECONCILED
MK334082.1,MK334082,264,DNA,linear,Ficopomatus enigmaticus,Ficopomatus enigmaticus,Ficopomatus enigmaticus; Mercierella enigmatica,cytb,CytB,mitochondrial_protein_coding,NORMALIZED,,,,,,,,,False,AL_16,,,,,taxon:283780,The distribution and unexpected genetic diversity of the non-indigenous annelid Ficopomatus enigmaticus in California,Aquat. Invasions 14 (2019) In press,"Yee,A., Mackie,J. and Pernet,B.",ACCEPTED_NAME,RECONCILED
MK334081.1,MK334081,264,DNA,linear,Ficopomatus enigmaticus,Ficopomatus enigmaticus,Ficopomatus enigmaticus; Mercierella enigmatica,cytb,CytB,mitochondrial_protein_coding,NORMALIZED,,,,,,,,,False,AL_15,,,,,taxon:283780,The distribution and unexpected genetic diversity of the non-indigenous annelid Ficopomatus enigmaticus in California,Aquat. Invasions 14 (2019) In press,"Yee,A., Mackie,J. and Pernet,B.",ACCEPTED_NAME,RECONCILED
MK334080.1,MK334080,264,DNA,linear,Ficopomatus enigmaticus,Ficopomatus enigmaticus,Ficopomatus enigmaticus; Mercierella enigmatica,cytb,CytB,mitochondrial_protein_coding,NORMALIZED,,,,,,,,,False,AL_14,,,,,taxon:283780,The distribution and unexpected genetic diversity of the non-indigenous annelid Ficopomatus enigmaticus in California,Aquat. Invasions 14 (2019) In press,"Yee,A., Mackie,J. and Pernet,B.",ACCEPTED_NAME,RECONCILED
MK334079.1,MK334079,264,DNA,linear,Ficopomatus enigmaticus,Ficopomatus enigmaticus,Ficopomatus enigmaticus; Mercierella enigmatica,cytb,CytB,mitochondrial_protein_coding,NORMALIZED,,,,,,,,,False,AL_13,,,,,taxon:283780,The distribution and unexpected genetic diversity of the non-indigenous annelid Ficopomatus enigmaticus in California,Aquat. Invasions 14 (2019) In press,"Yee,A., Mackie,J. and Pernet,B.",ACCEPTED_NAME,RECONCILED
MK334078.1,MK334078,264,DNA,linear,Ficopomatus enigmaticus,Ficopomatus enigmaticus,Ficopomatus enigmaticus; Mercierella enigmatica,cytb,CytB,mitochondrial_protein_coding,NORMALIZED,,,,,,,,,False,AL_12,,,,,taxon:283780,The distribution and unexpected genetic diversity of the non-indigenous annelid Ficopomatus enigmaticus in California,Aquat. Invasions 14 (2019) In press,"Yee,A., Mackie,J. and Pernet,B.",ACCEPTED_NAME,RECONCILED
MK334077.1,MK334077,264,DNA,linear,Ficopomatus enigmaticus,Ficopomatus enigmaticus,Ficopomatus enigmaticus; Mercierella enigmatica,cytb,CytB,mitochondrial_protein_coding,NORMALIZED,,,,,,,,,False,AL_11,,,,,taxon:283780,The distribution and unexpected genetic diversity of the non-indigenous annelid Ficopomatus enigmaticus in California,Aquat. Invasions 14 (2019) In press,"Yee,A., Mackie,J. and Pernet,B.",ACCEPTED_NAME,RECONCILED
MK334076.1,MK334076,264,DNA,linear,Ficopomatus enigmaticus,Ficopomatus enigmaticus,Ficopomatus enigmaticus; Mercierella enigmatica,cytb,CytB,mitochondrial_protein_coding,NORMALIZED,,,,,,,,,False,SB_40,,,,,taxon:283780,The distribution and unexpected genetic diversity of the non-indigenous annelid Ficopomatus enigmaticus in California,Aquat. Invasions 14 (2019) In press,"Yee,A., Mackie,J. and Pernet,B.",ACCEPTED_NAME,RECONCILED
MK334075.1,MK334075,264,DNA,linear,Ficopomatus enigmaticus,Ficopomatus enigmaticus,Ficopomatus enigmaticus; Mercierella enigmatica,cytb,CytB,mitochondrial_protein_coding,NORMALIZED,,,,,,,,,False,SB_37,,,,,taxon:283780,The distribution and unexpected genetic diversity of the non-indigenous annelid Ficopomatus enigmaticus in California,Aquat. Invasions 14 (2019) In press,"Yee,A., Mackie,J. and Pernet,B.",ACCEPTED_NAME,RECONCILED
MK334074.1,MK334074,264,DNA,linear,Ficopomatus enigmaticus,Ficopomatus enigmaticus,Ficopomatus enigmaticus; Mercierella enigmatica,cytb,CytB,mitochondrial_protein_coding,NORMALIZED,,,,,,,,,False,SB_36,,,,,taxon:283780,The distribution and unexpected genetic diversity of the non-indigenous annelid Ficopomatus enigmaticus in California,Aquat. Invasions 14 (2019) In press,"Yee,A., Mackie,J. and Pernet,B.",ACCEPTED_NAME,RECONCILED
MK334073.1,MK334073,264,DNA,linear,Ficopomatus enigmaticus,Ficopomatus enigmaticus,Ficopomatus enigmaticus; Mercierella enigmatica,cytb,CytB,mitochondrial_protein_coding,NORMALIZED,,,,,,,,,False,SB_35,,,,,taxon:283780,The distribution and unexpected genetic diversity of the non-indigenous annelid Ficopomatus enigmaticus in California,Aquat. Invasions 14 (2019) In press,"Yee,A., Mackie,J. and Pernet,B.",ACCEPTED_NAME,RECONCILED
MK334072.1,MK334072,264,DNA,linear,Ficopomatus enigmaticus,Ficopomatus enigmaticus,Ficopomatus enigmaticus; Mercierella enigmatica,cytb,CytB,mitochondrial_protein_coding,NORMALIZED,,,,,,,,,False,SB_34,,,,,taxon:283780,The distribution and unexpected genetic diversity of the non-indigenous annelid Ficopomatus enigmaticus in California,Aquat. Invasions 14 (2019) In press,"Yee,A., Mackie,J. and Pernet,B.",ACCEPTED_NAME,RECONCILED
MK334071.1,MK334071,264,DNA,linear,Ficopomatus enigmaticus,Ficopomatus enigmaticus,Ficopomatus enigmaticus; Mercierella enigmatica,cytb,CytB,mitochondrial_protein_coding,NORMALIZED,,,,,,,,,False,SB_33,,,,,taxon:283780,The distribution and unexpected genetic diversity of the non-indigenous annelid Ficopomatus enigmaticus in California,Aquat. Invasions 14 (2019) In press,"Yee,A., Mackie,J. and Pernet,B.",ACCEPTED_NAME,RECONCILED
MK334070.1,MK334070,264,DNA,linear,Ficopomatus enigmaticus,Ficopomatus enigmaticus,Ficopomatus enigmaticus; Mercierella enigmatica,cytb,CytB,mitochondrial_protein_coding,NORMALIZED,,,,,,,,,False,SB_31,,,,,taxon:283780,The distribution and unexpected genetic diversity of the non-indigenous annelid Ficopomatus enigmaticus in California,Aquat. Invasions 14 (2019) In press,"Yee,A., Mackie,J. and Pernet,B.",ACCEPTED_NAME,RECONCILED
MK334069.1,MK334069,264,DNA,linear,Ficopomatus enigmaticus,Ficopomatus enigmaticus,Ficopomatus enigmaticus; Mercierella enigmatica,cytb,CytB,mitochondrial_protein_coding,NORMALIZED,,,,,,,,,False,SB_30,,,,,taxon:283780,The distribution and unexpected genetic diversity of the non-indigenous annelid Ficopomatus enigmaticus in California,Aquat. Invasions 14 (2019) In press,"Yee,A., Mackie,J. and Pernet,B.",ACCEPTED_NAME,RECONCILED
MK334068.1,MK334068,264,DNA,linear,Ficopomatus enigmaticus,Ficopomatus enigmaticus,Ficopomatus enigmaticus; Mercierella enigmatica,cytb,CytB,mitochondrial_protein_coding,NORMALIZED,,,,,,,,,False,SB_29,,,,,taxon:283780,The distribution and unexpected genetic diversity of the non-indigenous annelid Ficopomatus enigmaticus in California,Aquat. Invasions 14 (2019) In press,"Yee,A., Mackie,J. and Pernet,B.",ACCEPTED_NAME,RECONCILED
MK334067.1,MK334067,264,DNA,linear,Ficopomatus enigmaticus,Ficopomatus enigmaticus,Ficopomatus enigmaticus; Mercierella enigmatica,cytb,CytB,mitochondrial_protein_coding,NORMALIZED,,,,,,,,,False,SB_28,,,,,taxon:283780,The distribution and unexpected genetic diversity of the non-indigenous annelid Ficopomatus enigmaticus in California,Aquat. Invasions 14 (2019) In press,"Yee,A., Mackie,J. and Pernet,B.",ACCEPTED_NAME,RECONCILED
MK334066.1,MK334066,264,DNA,linear,Ficopomatus enigmaticus,Ficopomatus enigmaticus,Ficopomatus enigmaticus; Mercierella enigmatica,cytb,CytB,mitochondrial_protein_coding,NORMALIZED,,,,,,,,,False,SB_27,,,,,taxon:283780,The distribution and unexpected genetic diversity of the non-indigenous annelid Ficopomatus enigmaticus in California,Aquat. Invasions 14 (2019) In press,"Yee,A., Mackie,J. and Pernet,B.",ACCEPTED_NAME,RECONCILED
MK334065.1,MK334065,264,DNA,linear,Ficopomatus enigmaticus,Ficopomatus enigmaticus,Ficopomatus enigmaticus; Mercierella enigmatica,cytb,CytB,mitochondrial_protein_coding,NORMALIZED,,,,,,,,,False,SB_26,,,,,taxon:283780,The distribution and unexpected genetic diversity of the non-indigenous annelid Ficopomatus enigmaticus in California,Aquat. Invasions 14 (2019) In press,"Yee,A., Mackie,J. and Pernet,B.",ACCEPTED_NAME,RECONCILED
MK334064.1,MK334064,264,DNA,linear,Ficopomatus enigmaticus,Ficopomatus enigmaticus,Ficopomatus enigmaticus; Mercierella enigmatica,cytb,CytB,mitochondrial_protein_coding,NORMALIZED,,,,,,,,,False,SB_25,,,,,taxon:283780,The distribution and unexpected genetic diversity of the non-indigenous annelid Ficopomatus enigmaticus in California,Aquat. Invasions 14 (2019) In press,"Yee,A., Mackie,J. and Pernet,B.",ACCEPTED_NAME,RECONCILED
MK334063.1,MK334063,264,DNA,linear,Ficopomatus enigmaticus,Ficopomatus enigmaticus,Ficopomatus enigmaticus; Mercierella enigmatica,cytb,CytB,mitochondrial_protein_coding,NORMALIZED,,,,,,,,,False,SB_24,,,,,taxon:283780,The distribution and unexpected genetic diversity of the non-indigenous annelid Ficopomatus enigmaticus in California,Aquat. Invasions 14 (2019) In press,"Yee,A., Mackie,J. and Pernet,B.",ACCEPTED_NAME,RECONCILED
MK334062.1,MK334062,264,DNA,linear,Ficopomatus enigmaticus,Ficopomatus enigmaticus,Ficopomatus enigmaticus; Mercierella enigmatica,cytb,CytB,mitochondrial_protein_coding,NORMALIZED,,,,,,,,,False,SB_23,,,,,taxon:283780,The distribution and unexpected genetic diversity of the non-indigenous annelid Ficopomatus enigmaticus in California,Aquat. Invasions 14 (2019) In press,"Yee,A., Mackie,J. and Pernet,B.",ACCEPTED_NAME,RECONCILED
MK334061.1,MK334061,264,DNA,linear,Ficopomatus enigmaticus,Ficopomatus enigmaticus,Ficopomatus enigmaticus; Mercierella enigmatica,cytb,CytB,mitochondrial_protein_coding,NORMALIZED,,,,,,,,,False,SB_22,,,,,taxon:283780,The distribution and unexpected genetic diversity of the non-indigenous annelid Ficopomatus enigmaticus in California,Aquat. Invasions 14 (2019) In press,"Yee,A., Mackie,J. and Pernet,B.",ACCEPTED_NAME,RECONCILED
MK334060.1,MK334060,264,DNA,linear,Ficopomatus enigmaticus,Ficopomatus enigmaticus,Ficopomatus enigmaticus; Mercierella enigmatica,cytb,CytB,mitochondrial_protein_coding,NORMALIZED,,,,,,,,,False,SB_21,,,,,taxon:283780,The distribution and unexpected genetic diversity of the non-indigenous annelid Ficopomatus enigmaticus in California,Aquat. Invasions 14 (2019) In press,"Yee,A., Mackie,J. and Pernet,B.",ACCEPTED_NAME,RECONCILED
MK334059.1,MK334059,264,DNA,linear,Ficopomatus enigmaticus,Ficopomatus enigmaticus,Ficopomatus enigmaticus; Mercierella enigmatica,cytb,CytB,mitochondrial_protein_coding,NORMALIZED,,,,,,,,,False,MO_34,,,,,taxon:283780,The distribution and unexpected genetic diversity of the non-indigenous annelid Ficopomatus enigmaticus in California,Aquat. Invasions 14 (2019) In press,"Yee,A., Mackie,J. and Pernet,B.",ACCEPTED_NAME,RECONCILED
MK334058.1,MK334058,264,DNA,linear,Ficopomatus enigmaticus,Ficopomatus enigmaticus,Ficopomatus enigmaticus; Mercierella enigmatica,cytb,CytB,mitochondrial_protein_coding,NORMALIZED,,,,,,,,,False,MO_33,,,,,taxon:283780,The distribution and unexpected genetic diversity of the non-indigenous annelid Ficopomatus enigmaticus in California,Aquat. Invasions 14 (2019) In press,"Yee,A., Mackie,J. and Pernet,B.",ACCEPTED_NAME,RECONCILED
MK334057.1,MK334057,264,DNA,linear,Ficopomatus enigmaticus,Ficopomatus enigmaticus,Ficopomatus enigmaticus; Mercierella enigmatica,cytb,CytB,mitochondrial_protein_coding,NORMALIZED,,,,,,,,,False,MO_31,,,,,taxon:283780,The distribution and unexpected genetic diversity of the non-indigenous annelid Ficopomatus enigmaticus in California,Aquat. Invasions 14 (2019) In press,"Yee,A., Mackie,J. and Pernet,B.",ACCEPTED_NAME,RECONCILED
MK334056.1,MK334056,264,DNA,linear,Ficopomatus enigmaticus,Ficopomatus enigmaticus,Ficopomatus enigmaticus; Mercierella enigmatica,cytb,CytB,mitochondrial_protein_coding,NORMALIZED,,,,,,,,,False,MO_30,,,,,taxon:283780,The distribution and unexpected genetic diversity of the non-indigenous annelid Ficopomatus enigmaticus in California,Aquat. Invasions 14 (2019) In press,"Yee,A., Mackie,J. and Pernet,B.",ACCEPTED_NAME,RECONCILED
MK334055.1,MK334055,264,DNA,linear,Ficopomatus enigmaticus,Ficopomatus enigmaticus,Ficopomatus enigmaticus; Mercierella enigmatica,cytb,CytB,mitochondrial_protein_coding,NORMALIZED,,,,,,,,,False,MO_29,,,,,taxon:283780,The distribution and unexpected genetic diversity of the non-indigenous annelid Ficopomatus enigmaticus in California,Aquat. Invasions 14 (2019) In press,"Yee,A., Mackie,J. and Pernet,B.",ACCEPTED_NAME,RECONCILED
MK334054.1,MK334054,264,DNA,linear,Ficopomatus enigmaticus,Ficopomatus enigmaticus,Ficopomatus enigmaticus; Mercierella enigmatica,cytb,CytB,mitochondrial_protein_coding,NORMALIZED,,,,,,,,,False,MO_27,,,,,taxon:283780,The distribution and unexpected genetic diversity of the non-indigenous annelid Ficopomatus enigmaticus in California,Aquat. Invasions 14 (2019) In press,"Yee,A., Mackie,J. and Pernet,B.",ACCEPTED_NAME,RECONCILED
MK334053.1,MK334053,264,DNA,linear,Ficopomatus enigmaticus,Ficopomatus enigmaticus,Ficopomatus enigmaticus; Mercierella enigmatica,cytb,CytB,mitochondrial_protein_coding,NORMALIZED,,,,,,,,,False,MO_25,,,,,taxon:283780,The distribution and unexpected genetic diversity of the non-indigenous annelid Ficopomatus enigmaticus in California,Aquat. Invasions 14 (2019) In press,"Yee,A., Mackie,J. and Pernet,B.",ACCEPTED_NAME,RECONCILED
MK334052.1,MK334052,264,DNA,linear,Ficopomatus enigmaticus,Ficopomatus enigmaticus,Ficopomatus enigmaticus; Mercierella enigmatica,cytb,CytB,mitochondrial_protein_coding,NORMALIZED,,,,,,,,,False,MO_24,,,,,taxon:283780,The distribution and unexpected genetic diversity of the non-indigenous annelid Ficopomatus enigmaticus in California,Aquat. Invasions 14 (2019) In press,"Yee,A., Mackie,J. and Pernet,B.",ACCEPTED_NAME,RECONCILED
MK334051.1,MK334051,264,DNA,linear,Ficopomatus enigmaticus,Ficopomatus enigmaticus,Ficopomatus enigmaticus; Mercierella enigmatica,cytb,CytB,mitochondrial_protein_coding,NORMALIZED,,,,,,,,,False,MO_23,,,,,taxon:283780,The distribution and unexpected genetic diversity of the non-indigenous annelid Ficopomatus enigmaticus in California,Aquat. Invasions 14 (2019) In press,"Yee,A., Mackie,J. and Pernet,B.",ACCEPTED_NAME,RECONCILED
MK334050.1,MK334050,264,DNA,linear,Ficopomatus enigmaticus,Ficopomatus enigmaticus,Ficopomatus enigmaticus; Mercierella enigmatica,cytb,CytB,mitochondrial_protein_coding,NORMALIZED,,,,,,,,,False,MO_21,,,,,taxon:283780,The distribution and unexpected genetic diversity of the non-indigenous annelid Ficopomatus enigmaticus in California,Aquat. Invasions 14 (2019) In press,"Yee,A., Mackie,J. and Pernet,B.",ACCEPTED_NAME,RECONCILED
MK334049.1,MK334049,264,DNA,linear,Ficopomatus enigmaticus,Ficopomatus enigmaticus,Ficopomatus enigmaticus; Mercierella enigmatica,cytb,CytB,mitochondrial_protein_coding,NORMALIZED,,,,,,,,,False,MO_17,,,,,taxon:283780,The distribution and unexpected genetic diversity of the non-indigenous annelid Ficopomatus enigmaticus in California,Aquat. Invasions 14 (2019) In press,"Yee,A., Mackie,J. and Pernet,B.",ACCEPTED_NAME,RECONCILED
MK334048.1,MK334048,264,DNA,linear,Ficopomatus enigmaticus,Ficopomatus enigmaticus,Ficopomatus enigmaticus; Mercierella enigmatica,cytb,CytB,mitochondrial_protein_coding,NORMALIZED,,,,,,,,,False,MO_16,,,,,taxon:283780,The distribution and unexpected genetic diversity of the non-indigenous annelid Ficopomatus enigmaticus in California,Aquat. Invasions 14 (2019) In press,"Yee,A., Mackie,J. and Pernet,B.",ACCEPTED_NAME,RECONCILED
MH271220.1,MH271220,343,DNA,linear,Ficopomatus enigmaticus,Ficopomatus enigmaticus,Ficopomatus enigmaticus; Mercierella enigmatica,cytochrome b,CytB,mitochondrial_protein_coding,NORMALIZED,Italy: San Rossore Park,,,,Oct-2017,,,,False,H6_IT,,,,,taxon:283780,Ficopomatus enigmaticus from Italy and Portugal,Unpublished,"Pires,A. and Freitas,R.",ACCEPTED_NAME,RECONCILED
MH271219.1,MH271219,343,DNA,linear,Ficopomatus enigmaticus,Ficopomatus enigmaticus,Ficopomatus enigmaticus; Mercierella enigmatica,cytochrome b,CytB,mitochondrial_protein_coding,NORMALIZED,Portugal: Ria of Aveiro,,,,Oct-2017,,,,False,H5_Av,,,,,taxon:283780,Ficopomatus enigmaticus from Italy and Portugal,Unpublished,"Pires,A. and Freitas,R.",ACCEPTED_NAME,RECONCILED
MH271218.1,MH271218,343,DNA,linear,Ficopomatus enigmaticus,Ficopomatus enigmaticus,Ficopomatus enigmaticus; Mercierella enigmatica,cytochrome b,CytB,mitochondrial_protein_coding,NORMALIZED,Portugal: Ria of Aveiro,,,,Oct-2017,,,,False,H4_Av,,,,,taxon:283780,Ficopomatus enigmaticus from Italy and Portugal,Unpublished,"Pires,A. and Freitas,R.",ACCEPTED_NAME,RECONCILED
MH271217.1,MH271217,343,DNA,linear,Ficopomatus enigmaticus,Ficopomatus enigmaticus,Ficopomatus enigmaticus; Mercierella enigmatica,cytochrome b,CytB,mitochondrial_protein_coding,NORMALIZED,Portugal: Ria of Aveiro,,,,Oct-2017,,,,False,H3_Av,,,,,taxon:283780,Ficopomatus enigmaticus from Italy and Portugal,Unpublished,"Pires,A. and Freitas,R.",ACCEPTED_NAME,RECONCILED
MH271216.1,MH271216,343,DNA,linear,Ficopomatus enigmaticus,Ficopomatus enigmaticus,Ficopomatus enigmaticus; Mercierella enigmatica,cytochrome b,CytB,mitochondrial_protein_coding,NORMALIZED,Italy: San Rossore Park,,,,Oct-2017,,,,False,H2_IT,,,,,taxon:283780,Ficopomatus enigmaticus from Italy and Portugal,Unpublished,"Pires,A. and Freitas,R.",ACCEPTED_NAME,RECONCILED
MH271215.1,MH271215,343,DNA,linear,Ficopomatus enigmaticus,Ficopomatus enigmaticus,Ficopomatus enigmaticus; Mercierella enigmatica,cytochrome b,CytB,mitochondrial_protein_coding,NORMALIZED,"Portugal: Ria of Aveiro/ Italy, San Rossore Park",,,,Oct-2017,,,,False,H1_AV_IT,,,,,taxon:283780,Ficopomatus enigmaticus from Italy and Portugal,Unpublished,"Pires,A. and Freitas,R.",ACCEPTED_NAME,RECONCILED
KX129959.1,KX129959,656,DNA,linear,Ficopomatus enigmaticus,Ficopomatus enigmaticus,Ficopomatus enigmaticus; Mercierella enigmatica,18S ribosomal RNA,18S,nuclear_rRNA,NORMALIZED,,,,,,,,,False,Fic-NZ1,,,,,taxon:283780,Epigenetic changes in marine tubeworm Ficopomatus enigmaticus and pygmy mussel Xenostrobus securis suggest decreased global methylation as a molecular signature in marine invasion processes,Unpublished,"Ardura,A., Zaiko,A., Moran,P., Planes,S. and Garcia-Vazquez,E.",ACCEPTED_NAME,RECONCILED
KX129958.1,KX129958,656,DNA,linear,Ficopomatus enigmaticus,Ficopomatus enigmaticus,Ficopomatus enigmaticus; Mercierella enigmatica,18S ribosomal RNA,18S,nuclear_rRNA,NORMALIZED,,,,,,,,,False,Fic-Cant3,,,,,taxon:283780,Epigenetic changes in marine tubeworm Ficopomatus enigmaticus and pygmy mussel Xenostrobus securis suggest decreased global methylation as a molecular signature in marine invasion processes,Unpublished,"Ardura,A., Zaiko,A., Moran,P., Planes,S. and Garcia-Vazquez,E.",ACCEPTED_NAME,RECONCILED
KX129957.1,KX129957,656,DNA,linear,Ficopomatus enigmaticus,Ficopomatus enigmaticus,Ficopomatus enigmaticus; Mercierella enigmatica,18S ribosomal RNA,18S,nuclear_rRNA,NORMALIZED,,,,,,,,,False,Fic-Med1,,,,,taxon:283780,Epigenetic changes in marine tubeworm Ficopomatus enigmaticus and pygmy mussel Xenostrobus securis suggest decreased global methylation as a molecular signature in marine invasion processes,Unpublished,"Ardura,A., Zaiko,A., Moran,P., Planes,S. and Garcia-Vazquez,E.",ACCEPTED_NAME,RECONCILED
KX840013.1,KX840013,430,DNA,linear,Ficopomatus enigmaticus,Ficopomatus enigmaticus,Ficopomatus enigmaticus; Mercierella enigmatica,COI,COI,mitochondrial_protein_coding,NORMALIZED,,,,,,,,,False,,,,,,taxon:283780,New specific molecular marker detects Ficopomatus enigmaticus from water before its settlement,Unpublished,"Munoz-Colmenero,M., Ardura,A., Clusa,L., Miralles,L., Gower,F., Zaiko,A. and Garcia-Vazquez,E.",ACCEPTED_NAME,RECONCILED
KX840012.1,KX840012,430,DNA,linear,Ficopomatus enigmaticus,Ficopomatus enigmaticus,Ficopomatus enigmaticus; Mercierella enigmatica,COI,COI,mitochondrial_protein_coding,NORMALIZED,,,,,,,,,False,,,,,,taxon:283780,New specific molecular marker detects Ficopomatus enigmaticus from water before its settlement,Unpublished,"Munoz-Colmenero,M., Ardura,A., Clusa,L., Miralles,L., Gower,F., Zaiko,A. and Garcia-Vazquez,E.",ACCEPTED_NAME,RECONCILED
KX840011.1,KX840011,430,DNA,linear,Ficopomatus enigmaticus,Ficopomatus enigmaticus,Ficopomatus enigmaticus; Mercierella enigmatica,COI,COI,mitochondrial_protein_coding,NORMALIZED,,,,,,,,,False,,,,,,taxon:283780,New specific molecular marker detects Ficopomatus enigmaticus from water before its settlement,Unpublished,"Munoz-Colmenero,M., Ardura,A., Clusa,L., Miralles,L., Gower,F., Zaiko,A. and Garcia-Vazquez,E.",ACCEPTED_NAME,RECONCILED
LT669624.1,LT669624,171,DNA,linear,Ficopomatus enigmaticus,Ficopomatus enigmaticus,Ficopomatus enigmaticus; Mercierella enigmatica,COI,COI,mitochondrial_protein_coding,NORMALIZED,,,,,,,,NZ3,True,2015,,,,,taxon:283780,New specific molecular marker detects Ficopomatus enigmaticus from water eDNA before positive results of conventional sampling,Unpublished,"Munoz-Colmenero,M., Ardura,A., Clusa,L., Miralles,L. and Grower,F.",ACCEPTED_NAME,RECONCILED
LT669623.1,LT669623,171,DNA,linear,Ficopomatus enigmaticus,Ficopomatus enigmaticus,Ficopomatus enigmaticus; Mercierella enigmatica,COI,COI,mitochondrial_protein_coding,NORMALIZED,,,,,,,,Cant1,True,2015,,,,,taxon:283780,New specific molecular marker detects Ficopomatus enigmaticus from water eDNA before positive results of conventional sampling,Unpublished,"Munoz-Colmenero,M., Ardura,A., Clusa,L., Miralles,L. and Grower,F.",ACCEPTED_NAME,RECONCILED
DQ317137.1,DQ317137,343,DNA,linear,Ficopomatus enigmaticus,Ficopomatus enigmaticus,Ficopomatus enigmaticus; Mercierella enigmatica,28S ribosomal RNA,28S,nuclear_rRNA,NORMALIZED,Australia,,,,,,,SAM E3356,True,,,,,,taxon:283780,"Phylogenetic relationships within Serpulidae (Sabellida, Annelida) inferred from molecular and morphological data","Zool. Scr. 35 (5), 421-439 (2006)","Kupriyanova,E.K., Macdonald,T.A. and Rouse,G.W.",ACCEPTED_NAME,RECONCILED
DQ318567.1,DQ318567,576,DNA,linear,Ficopomatus enigmaticus,Ficopomatus enigmaticus,Ficopomatus enigmaticus; Mercierella enigmatica,28S ribosomal RNA,28S,nuclear_rRNA,NORMALIZED,Australia,,,,,,,SAM E3356,True,,,,,,taxon:283780,"Phylogenetic relationships within Serpulidae (Sabellida, Annelida) inferred from molecular and morphological data","Zool. Scr. 35 (5), 421-439 (2006)","Kupriyanova,E.K., Macdonald,T.A. and Rouse,G.W.",ACCEPTED_NAME,RECONCILED
KU697664.1,KU697664,389,DNA,linear,Ficopomatus enigmaticus,Ficopomatus enigmaticus,Ficopomatus enigmaticus; Mercierella enigmatica,COI,COI,mitochondrial_protein_coding,NORMALIZED,Spain,,,,Dec-2014,,,,False,6,,,,,taxon:283780,Barcodes of marine invertebrates from north Iberian ports: Native diversity and resistance to biological invasions,"Mar. Pollut. Bull. 112 (1-2), 183-188 (2016)","Miralles,L., Ardura,A., Arias,A., Borrell,Y.J., Clusa,L., Dopico,E., de Rojas,A.H., Lopez,B., Munoz-Colmenero,M., Roca,A., Valiente,A.G., Zaiko,A. and Garcia-Vazquez,E.",ACCEPTED_NAME,RECONCILED
KU697663.1,KU697663,389,DNA,linear,Ficopomatus enigmaticus,Ficopomatus enigmaticus,Ficopomatus enigmaticus; Mercierella enigmatica,COI,COI,mitochondrial_protein_coding,NORMALIZED,Spain,,,,Dec-2014,,,,False,5,,,,,taxon:283780,Barcodes of marine invertebrates from north Iberian ports: Native diversity and resistance to biological invasions,"Mar. Pollut. Bull. 112 (1-2), 183-188 (2016)","Miralles,L., Ardura,A., Arias,A., Borrell,Y.J., Clusa,L., Dopico,E., de Rojas,A.H., Lopez,B., Munoz-Colmenero,M., Roca,A., Valiente,A.G., Zaiko,A. and Garcia-Vazquez,E.",ACCEPTED_NAME,RECONCILED
KU697662.1,KU697662,389,DNA,linear,Ficopomatus enigmaticus,Ficopomatus enigmaticus,Ficopomatus enigmaticus; Mercierella enigmatica,COI,COI,mitochondrial_protein_coding,NORMALIZED,Spain,,,,Dec-2014,,,,False,4,,,,,taxon:283780,Barcodes of marine invertebrates from north Iberian ports: Native diversity and resistance to biological invasions,"Mar. Pollut. Bull. 112 (1-2), 183-188 (2016)","Miralles,L., Ardura,A., Arias,A., Borrell,Y.J., Clusa,L., Dopico,E., de Rojas,A.H., Lopez,B., Munoz-Colmenero,M., Roca,A., Valiente,A.G., Zaiko,A. and Garcia-Vazquez,E.",ACCEPTED_NAME,RECONCILED
KU697661.1,KU697661,430,DNA,linear,Ficopomatus enigmaticus,Ficopomatus enigmaticus,Ficopomatus enigmaticus; Mercierella enigmatica,COI,COI,mitochondrial_protein_coding,NORMALIZED,Spain,,,,Dec-2014,,,,False,3,,,,,taxon:283780,Barcodes of marine invertebrates from north Iberian ports: Native diversity and resistance to biological invasions,"Mar. Pollut. Bull. 112 (1-2), 183-188 (2016)","Miralles,L., Ardura,A., Arias,A., Borrell,Y.J., Clusa,L., Dopico,E., de Rojas,A.H., Lopez,B., Munoz-Colmenero,M., Roca,A., Valiente,A.G., Zaiko,A. and Garcia-Vazquez,E.",ACCEPTED_NAME,RECONCILED
KU697660.1,KU697660,430,DNA,linear,Ficopomatus enigmaticus,Ficopomatus enigmaticus,Ficopomatus enigmaticus; Mercierella enigmatica,COI,COI,mitochondrial_protein_coding,NORMALIZED,Spain,,,,Dec-2014,,,,False,2,,,,,taxon:283780,Barcodes of marine invertebrates from north Iberian ports: Native diversity and resistance to biological invasions,"Mar. Pollut. Bull. 112 (1-2), 183-188 (2016)","Miralles,L., Ardura,A., Arias,A., Borrell,Y.J., Clusa,L., Dopico,E., de Rojas,A.H., Lopez,B., Munoz-Colmenero,M., Roca,A., Valiente,A.G., Zaiko,A. and Garcia-Vazquez,E.",ACCEPTED_NAME,RECONCILED
KU697659.1,KU697659,202,DNA,linear,Ficopomatus enigmaticus,Ficopomatus enigmaticus,Ficopomatus enigmaticus; Mercierella enigmatica,COI,COI,mitochondrial_protein_coding,NORMALIZED,Spain,,,,Dec-2014,,,,False,1,,,,,taxon:283780,Barcodes of marine invertebrates from north Iberian ports: Native diversity and resistance to biological invasions,"Mar. Pollut. Bull. 112 (1-2), 183-188 (2016)","Miralles,L., Ardura,A., Arias,A., Borrell,Y.J., Clusa,L., Dopico,E., de Rojas,A.H., Lopez,B., Munoz-Colmenero,M., Roca,A., Valiente,A.G., Zaiko,A. and Garcia-Vazquez,E.",ACCEPTED_NAME,RECONCILED
KU559926.1,KU559926,970,DNA,linear,Ficopomatus enigmaticus,Ficopomatus enigmaticus,Ficopomatus enigmaticus; Mercierella enigmatica,18S ribosomal RNA,18S,nuclear_rRNA,NORMALIZED,,,,,,,,,False,R3010,,,,,taxon:283780,Barcodes of marine invertebrates from north Iberian ports: Native diversity and resistance to biological invasions,"Mar. Pollut. Bull. 112 (1-2), 183-188 (2016)","Miralles,L., Ardura,A., Arias,A., Borrell,Y.J., Clusa,L., Dopico,E., de Rojas,A.H., Lopez,B., Munoz-Colmenero,M., Roca,A., Valiente,A.G., Zaiko,A. and Garcia-Vazquez,E.",ACCEPTED_NAME,RECONCILED
KT988337.1,KT988337,515,DNA,linear,Ficopomatus enigmaticus,Ficopomatus enigmaticus,Ficopomatus enigmaticus; Mercierella enigmatica,16S ribosomal RNA,16S,mitochondrial_rRNA,NORMALIZED,,,,,,,,,False,,,,,,taxon:283780,Invasive species in Special Protection Areas (Natura 2000 Network),Unpublished,"Ardura,A. and Planes,S.",ACCEPTED_NAME,RECONCILED
AY577889.1,AY577889,1804,DNA,linear,Ficopomatus enigmaticus,Ficopomatus enigmaticus,Ficopomatus enigmaticus; Mercierella enigmatica,18S ribosomal RNA,18S,nuclear_rRNA,NORMALIZED,,,,,,,,,False,,,,,,taxon:283780,Osedax: bone-eating marine worms with dwarf males,"Science 305 (5684), 668-671 (2004)","Rouse,G.W., Goffredi,S.K. and Vrijenhoek,R.C.",ACCEPTED_NAME,RECONCILED
