accession,accession_base,sequence_length,molecule_type,topology,deposited_name,accepted_name,found_via_name,marker_raw,marker_normalized,marker_category,normalization_status,geo_loc_name,country,locality,lat_lon,collection_date,collected_by,identified_by,voucher_raw,voucher_present,isolate,strain,clone,isolation_source,source_note,db_xref,reference_title,reference_journal,reference_authors,name_relationship,reconciliation_status
PP693936.1,PP693936,441,DNA,linear,Polydora websteri,Polydora websteri,Polydora websteri,large subunit ribosomal RNA,,ribosomal_RNA,AMBIGUOUS,Australia,,,,01-Aug-2013,V.I. Radashevsky,V.I. Radashevsky,,False,18064.2,,,,,taxon:1167209,New alien shell-boring annelids Polydora websteri and Polydora caeca invading farmed and wild molluscs in the Mediterranean Sea,Unpublished,"Mikac,B., Radashevsky,V.I., Fossi,E., Pankova,V., Colangelo,M.A., Prioli,G., Abbiati,M. and Costantini,F.",ACCEPTED_NAME,RECONCILED
PP693935.1,PP693935,441,DNA,linear,Polydora websteri,Polydora websteri,Polydora websteri,large subunit ribosomal RNA,,ribosomal_RNA,AMBIGUOUS,Australia,,,,01-Aug-2013,V.I. Radashevsky,V.I. Radashevsky,,False,18064.1,,,,,taxon:1167209,New alien shell-boring annelids Polydora websteri and Polydora caeca invading farmed and wild molluscs in the Mediterranean Sea,Unpublished,"Mikac,B., Radashevsky,V.I., Fossi,E., Pankova,V., Colangelo,M.A., Prioli,G., Abbiati,M. and Costantini,F.",ACCEPTED_NAME,RECONCILED
PP693934.1,PP693934,439,DNA,linear,Polydora websteri,Polydora websteri,Polydora websteri,large subunit ribosomal RNA,,ribosomal_RNA,AMBIGUOUS,Australia,,,,01-Aug-2013,V.I. Radashevsky,V.I. Radashevsky,,False,18059.2,,,,,taxon:1167209,New alien shell-boring annelids Polydora websteri and Polydora caeca invading farmed and wild molluscs in the Mediterranean Sea,Unpublished,"Mikac,B., Radashevsky,V.I., Fossi,E., Pankova,V., Colangelo,M.A., Prioli,G., Abbiati,M. and Costantini,F.",ACCEPTED_NAME,RECONCILED
PP693933.1,PP693933,439,DNA,linear,Polydora websteri,Polydora websteri,Polydora websteri,large subunit ribosomal RNA,,ribosomal_RNA,AMBIGUOUS,Australia,,,,01-Aug-2013,V.I. Radashevsky,V.I. Radashevsky,,False,18059.1,,,,,taxon:1167209,New alien shell-boring annelids Polydora websteri and Polydora caeca invading farmed and wild molluscs in the Mediterranean Sea,Unpublished,"Mikac,B., Radashevsky,V.I., Fossi,E., Pankova,V., Colangelo,M.A., Prioli,G., Abbiati,M. and Costantini,F.",ACCEPTED_NAME,RECONCILED
PP683295.1,PP683295,1134,DNA,linear,Polydora websteri,Polydora websteri,Polydora websteri,COX1,COI,mitochondrial_protein_coding,NORMALIZED,Australia,,,,01-Aug-2013,V.I. Radashevsky,V.I. Radashevsky,,False,18064.2,,,,,taxon:1167209,New alien shell-boring annelids Polydora websteri and Polydora caeca invading farmed and wild molluscs in the Mediterranean Sea,Unpublished,"Mikac,B., Radashevsky,V.I., Fossi,E., Pankova,V., Colangelo,M.A., Prioli,G., Abbiati,M. and Costantini,F.",ACCEPTED_NAME,RECONCILED
PP683294.1,PP683294,1134,DNA,linear,Polydora websteri,Polydora websteri,Polydora websteri,COX1,COI,mitochondrial_protein_coding,NORMALIZED,Australia,,,,01-Aug-2013,V.I. Radashevsky,V.I. Radashevsky,,False,18064.1,,,,,taxon:1167209,New alien shell-boring annelids Polydora websteri and Polydora caeca invading farmed and wild molluscs in the Mediterranean Sea,Unpublished,"Mikac,B., Radashevsky,V.I., Fossi,E., Pankova,V., Colangelo,M.A., Prioli,G., Abbiati,M. and Costantini,F.",ACCEPTED_NAME,RECONCILED
PP683293.1,PP683293,1134,DNA,linear,Polydora websteri,Polydora websteri,Polydora websteri,COX1,COI,mitochondrial_protein_coding,NORMALIZED,Australia,,,,01-Aug-2013,V.I. Radashevsky,V.I. Radashevsky,,False,18059.2,,,,,taxon:1167209,New alien shell-boring annelids Polydora websteri and Polydora caeca invading farmed and wild molluscs in the Mediterranean Sea,Unpublished,"Mikac,B., Radashevsky,V.I., Fossi,E., Pankova,V., Colangelo,M.A., Prioli,G., Abbiati,M. and Costantini,F.",ACCEPTED_NAME,RECONCILED
PP683292.1,PP683292,1134,DNA,linear,Polydora websteri,Polydora websteri,Polydora websteri,COX1,COI,mitochondrial_protein_coding,NORMALIZED,Australia,,,,01-Aug-2013,V.I. Radashevsky,V.I. Radashevsky,,False,18059.1,,,,,taxon:1167209,New alien shell-boring annelids Polydora websteri and Polydora caeca invading farmed and wild molluscs in the Mediterranean Sea,Unpublished,"Mikac,B., Radashevsky,V.I., Fossi,E., Pankova,V., Colangelo,M.A., Prioli,G., Abbiati,M. and Costantini,F.",ACCEPTED_NAME,RECONCILED
PP683271.1,PP683271,298,DNA,linear,Polydora websteri,Polydora websteri,Polydora websteri,large subunit ribosomal RNA,,ribosomal_RNA,AMBIGUOUS,Australia,,,,01-Aug-2013,V.I. Radashevsky,V.I. Radashevsky,,False,18064.2,,,,,taxon:1167209,New alien shell-boring annelids Polydora websteri and Polydora caeca invading farmed and wild molluscs in the Mediterranean Sea,Unpublished,"Mikac,B., Radashevsky,V.I., Fossi,E., Pankova,V., Colangelo,M.A., Prioli,G., Abbiati,M. and Costantini,F.",ACCEPTED_NAME,RECONCILED
PP683270.1,PP683270,298,DNA,linear,Polydora websteri,Polydora websteri,Polydora websteri,large subunit ribosomal RNA,,ribosomal_RNA,AMBIGUOUS,Australia,,,,01-Aug-2013,V.I. Radashevsky,V.I. Radashevsky,,False,18064.1,,,,,taxon:1167209,New alien shell-boring annelids Polydora websteri and Polydora caeca invading farmed and wild molluscs in the Mediterranean Sea,Unpublished,"Mikac,B., Radashevsky,V.I., Fossi,E., Pankova,V., Colangelo,M.A., Prioli,G., Abbiati,M. and Costantini,F.",ACCEPTED_NAME,RECONCILED
PP683269.1,PP683269,298,DNA,linear,Polydora websteri,Polydora websteri,Polydora websteri,large subunit ribosomal RNA,,ribosomal_RNA,AMBIGUOUS,Australia,,,,01-Aug-2013,V.I. Radashevsky,V.I. Radashevsky,,False,18059.2,,,,,taxon:1167209,New alien shell-boring annelids Polydora websteri and Polydora caeca invading farmed and wild molluscs in the Mediterranean Sea,Unpublished,"Mikac,B., Radashevsky,V.I., Fossi,E., Pankova,V., Colangelo,M.A., Prioli,G., Abbiati,M. and Costantini,F.",ACCEPTED_NAME,RECONCILED
PP683268.1,PP683268,305,DNA,linear,Polydora websteri,Polydora websteri,Polydora websteri,large subunit ribosomal RNA,,ribosomal_RNA,AMBIGUOUS,Australia,,,,01-Aug-2013,V.I. Radashevsky,V.I. Radashevsky,,False,18059.1,,,,,taxon:1167209,New alien shell-boring annelids Polydora websteri and Polydora caeca invading farmed and wild molluscs in the Mediterranean Sea,Unpublished,"Mikac,B., Radashevsky,V.I., Fossi,E., Pankova,V., Colangelo,M.A., Prioli,G., Abbiati,M. and Costantini,F.",ACCEPTED_NAME,RECONCILED
PP683204.1,PP683204,1786,DNA,linear,Polydora websteri,Polydora websteri,Polydora websteri,small subunit ribosomal RNA,,ribosomal_RNA,AMBIGUOUS,Australia,,,,01-Aug-2013,V.I. Radashevsky,V.I. Radashevsky,,False,18064.2,,,,,taxon:1167209,New alien shell-boring annelids Polydora websteri and Polydora caeca invading farmed and wild molluscs in the Mediterranean Sea,Unpublished,"Mikac,B., Radashevsky,V.I., Fossi,E., Pankova,V., Colangelo,M.A., Prioli,G., Abbiati,M. and Costantini,F.",ACCEPTED_NAME,RECONCILED
PP683203.1,PP683203,1740,DNA,linear,Polydora websteri,Polydora websteri,Polydora websteri,small subunit ribosomal RNA,,ribosomal_RNA,AMBIGUOUS,Australia,,,,01-Aug-2013,V.I. Radashevsky,V.I. Radashevsky,,False,18064.1,,,,,taxon:1167209,New alien shell-boring annelids Polydora websteri and Polydora caeca invading farmed and wild molluscs in the Mediterranean Sea,Unpublished,"Mikac,B., Radashevsky,V.I., Fossi,E., Pankova,V., Colangelo,M.A., Prioli,G., Abbiati,M. and Costantini,F.",ACCEPTED_NAME,RECONCILED
PP683202.1,PP683202,1698,DNA,linear,Polydora websteri,Polydora websteri,Polydora websteri,small subunit ribosomal RNA,,ribosomal_RNA,AMBIGUOUS,Australia,,,,01-Aug-2013,V.I. Radashevsky,V.I. Radashevsky,,False,18059.2,,,,,taxon:1167209,New alien shell-boring annelids Polydora websteri and Polydora caeca invading farmed and wild molluscs in the Mediterranean Sea,Unpublished,"Mikac,B., Radashevsky,V.I., Fossi,E., Pankova,V., Colangelo,M.A., Prioli,G., Abbiati,M. and Costantini,F.",ACCEPTED_NAME,RECONCILED
PP683201.1,PP683201,1757,DNA,linear,Polydora websteri,Polydora websteri,Polydora websteri,small subunit ribosomal RNA,,ribosomal_RNA,AMBIGUOUS,Australia,,,,01-Aug-2013,V.I. Radashevsky,V.I. Radashevsky,,False,18059.1,,,,,taxon:1167209,New alien shell-boring annelids Polydora websteri and Polydora caeca invading farmed and wild molluscs in the Mediterranean Sea,Unpublished,"Mikac,B., Radashevsky,V.I., Fossi,E., Pankova,V., Colangelo,M.A., Prioli,G., Abbiati,M. and Costantini,F.",ACCEPTED_NAME,RECONCILED
PV920670.1,PV920670,558,DNA,linear,Polydora websteri,Polydora websteri,Polydora websteri,COX1,COI,mitochondrial_protein_coding,NORMALIZED,"USA: Virginia, Gloucester Point, York River",,,,12-May-2021,,,,False,YR210512_14F,,,,"PCR_primers=fwd_name: Dorid_COI.3F, fwd_seq: aaggwatacctacagaaaaratacc",taxon:1167209,Environmental DNA based detection of Polydora species on oyster beds in Chesapeake Bay,Unpublished,"Biesack,E., Hudson,K.L., Fisher,R. and McDowell,J.R.",ACCEPTED_NAME,RECONCILED
PV920669.1,PV920669,422,DNA,linear,Polydora websteri,Polydora websteri,Polydora websteri,COX1,COI,mitochondrial_protein_coding,NORMALIZED,"USA: Virginia, Gloucester Point, York River",,,,12-May-2021,,,,False,YR210512_10F,,,,"PCR_primers=fwd_name: Dorid_COI.3F, fwd_seq: aaggwatacctacagaaaaratacc",taxon:1167209,Environmental DNA based detection of Polydora species on oyster beds in Chesapeake Bay,Unpublished,"Biesack,E., Hudson,K.L., Fisher,R. and McDowell,J.R.",ACCEPTED_NAME,RECONCILED
PV920668.1,PV920668,597,DNA,linear,Polydora websteri,Polydora websteri,Polydora websteri,COX1,COI,mitochondrial_protein_coding,NORMALIZED,"USA: Virginia, Gloucester Point, York River",,,,12-May-2021,,,,False,YR210512_09F,,,,"PCR_primers=fwd_name: Dorid_COI.3F, fwd_seq: aaggwatacctacagaaaaratacc",taxon:1167209,Environmental DNA based detection of Polydora species on oyster beds in Chesapeake Bay,Unpublished,"Biesack,E., Hudson,K.L., Fisher,R. and McDowell,J.R.",ACCEPTED_NAME,RECONCILED
PV920667.1,PV920667,594,DNA,linear,Polydora websteri,Polydora websteri,Polydora websteri,COX1,COI,mitochondrial_protein_coding,NORMALIZED,"USA: Virginia, Gloucester Point, York River",,,,05-May-2021,,,,False,YR210505_05F,,,,"PCR_primers=fwd_name: Dorid_COI.3F, fwd_seq: aaggwatacctacagaaaaratacc",taxon:1167209,Environmental DNA based detection of Polydora species on oyster beds in Chesapeake Bay,Unpublished,"Biesack,E., Hudson,K.L., Fisher,R. and McDowell,J.R.",ACCEPTED_NAME,RECONCILED
PV920282.1,PV920282,605,DNA,linear,Polydora websteri,Polydora websteri,Polydora websteri,COX1,COI,mitochondrial_protein_coding,NORMALIZED,"USA: Virginia, Gloucester Point, York River",,,,08-Jul-2021,,,,False,YR210708_06F,,,,"PCR_primers=fwd_name: Dorid_COI.3F, fwd_seq: aaggwatacctacagaaaaratacc",taxon:1167209,Environmental DNA based detection of Polydora species on oyster beds in Chesapeake Bay,Unpublished,"Biesack,E., Hudson,K.L., Fisher,R. and McDowell,J.R.",ACCEPTED_NAME,RECONCILED
PV920281.1,PV920281,605,DNA,linear,Polydora websteri,Polydora websteri,Polydora websteri,COX1,COI,mitochondrial_protein_coding,NORMALIZED,"USA: Virginia, Gloucester Point, York River",,,,08-Jul-2021,,,,False,YR210708_05F,,,,"PCR_primers=fwd_name: Dorid_COI.3F, fwd_seq: aaggwatacctacagaaaaratacc",taxon:1167209,Environmental DNA based detection of Polydora species on oyster beds in Chesapeake Bay,Unpublished,"Biesack,E., Hudson,K.L., Fisher,R. and McDowell,J.R.",ACCEPTED_NAME,RECONCILED
PV920280.1,PV920280,587,DNA,linear,Polydora websteri,Polydora websteri,Polydora websteri,COX1,COI,mitochondrial_protein_coding,NORMALIZED,"USA: Virginia, Gloucester Point, York River",,,,08-Jul-2021,,,,False,YR210708_04F,,,,"PCR_primers=fwd_name: Dorid_COI.3F, fwd_seq: aaggwatacctacagaaaaratacc",taxon:1167209,Environmental DNA based detection of Polydora species on oyster beds in Chesapeake Bay,Unpublished,"Biesack,E., Hudson,K.L., Fisher,R. and McDowell,J.R.",ACCEPTED_NAME,RECONCILED
PV920279.1,PV920279,605,DNA,linear,Polydora websteri,Polydora websteri,Polydora websteri,COX1,COI,mitochondrial_protein_coding,NORMALIZED,"USA: Virginia, Gloucester Point, York River",,,,08-Jul-2021,,,,False,YR210708_03F,,,,"PCR_primers=fwd_name: Dorid_COI.3F, fwd_seq: aaggwatacctacagaaaaratacc",taxon:1167209,Environmental DNA based detection of Polydora species on oyster beds in Chesapeake Bay,Unpublished,"Biesack,E., Hudson,K.L., Fisher,R. and McDowell,J.R.",ACCEPTED_NAME,RECONCILED
PV920278.1,PV920278,605,DNA,linear,Polydora websteri,Polydora websteri,Polydora websteri,COX1,COI,mitochondrial_protein_coding,NORMALIZED,"USA: Virginia, Gloucester Point, York River",,,,15-Jun-2021,,,,False,YR210615_10F,,,,"PCR_primers=fwd_name: Dorid_COI.3F, fwd_seq: aaggwatacctacagaaaaratacc",taxon:1167209,Environmental DNA based detection of Polydora species on oyster beds in Chesapeake Bay,Unpublished,"Biesack,E., Hudson,K.L., Fisher,R. and McDowell,J.R.",ACCEPTED_NAME,RECONCILED
PV920277.1,PV920277,605,DNA,linear,Polydora websteri,Polydora websteri,Polydora websteri,COX1,COI,mitochondrial_protein_coding,NORMALIZED,"USA: Virginia, Gloucester Point, York River",,,,15-Jun-2021,,,,False,YR210615_09F,,,,"PCR_primers=fwd_name: Dorid_COI.3F, fwd_seq: aaggwatacctacagaaaaratacc",taxon:1167209,Environmental DNA based detection of Polydora species on oyster beds in Chesapeake Bay,Unpublished,"Biesack,E., Hudson,K.L., Fisher,R. and McDowell,J.R.",ACCEPTED_NAME,RECONCILED
PV920276.1,PV920276,605,DNA,linear,Polydora websteri,Polydora websteri,Polydora websteri,COX1,COI,mitochondrial_protein_coding,NORMALIZED,"USA: Virginia, Gloucester Point, York River",,,,15-Jun-2021,,,,False,YR210615_07F,,,,"PCR_primers=fwd_name: Dorid_COI.3F, fwd_seq: aaggwatacctacagaaaaratacc",taxon:1167209,Environmental DNA based detection of Polydora species on oyster beds in Chesapeake Bay,Unpublished,"Biesack,E., Hudson,K.L., Fisher,R. and McDowell,J.R.",ACCEPTED_NAME,RECONCILED
PV920275.1,PV920275,605,DNA,linear,Polydora websteri,Polydora websteri,Polydora websteri,COX1,COI,mitochondrial_protein_coding,NORMALIZED,"USA: Virginia, Gloucester Point, York River",,,,15-Jun-2021,,,,False,YR210615_06F,,,,"PCR_primers=fwd_name: Dorid_COI.3F, fwd_seq: aaggwatacctacagaaaaratacc",taxon:1167209,Environmental DNA based detection of Polydora species on oyster beds in Chesapeake Bay,Unpublished,"Biesack,E., Hudson,K.L., Fisher,R. and McDowell,J.R.",ACCEPTED_NAME,RECONCILED
PV920274.1,PV920274,605,DNA,linear,Polydora websteri,Polydora websteri,Polydora websteri,COX1,COI,mitochondrial_protein_coding,NORMALIZED,"USA: Virginia, Gloucester Point, York River",,,,15-Jun-2021,,,,False,YR210615_05F,,,,"PCR_primers=fwd_name: Dorid_COI.3F, fwd_seq: aaggwatacctacagaaaaratacc",taxon:1167209,Environmental DNA based detection of Polydora species on oyster beds in Chesapeake Bay,Unpublished,"Biesack,E., Hudson,K.L., Fisher,R. and McDowell,J.R.",ACCEPTED_NAME,RECONCILED
PV920273.1,PV920273,605,DNA,linear,Polydora websteri,Polydora websteri,Polydora websteri,COX1,COI,mitochondrial_protein_coding,NORMALIZED,"USA: Virginia, Gloucester Point, York River",,,,09-Jun-2021,,,,False,YR210609_11F,,,,"PCR_primers=fwd_name: Dorid_COI.3F, fwd_seq: aaggwatacctacagaaaaratacc",taxon:1167209,Environmental DNA based detection of Polydora species on oyster beds in Chesapeake Bay,Unpublished,"Biesack,E., Hudson,K.L., Fisher,R. and McDowell,J.R.",ACCEPTED_NAME,RECONCILED
PV920272.1,PV920272,580,DNA,linear,Polydora websteri,Polydora websteri,Polydora websteri,COX1,COI,mitochondrial_protein_coding,NORMALIZED,"USA: Virginia, Gloucester Point, York River",,,,09-Jun-2021,,,,False,YR210609_10F,,,,"PCR_primers=fwd_name: Dorid_COI.3F, fwd_seq: aaggwatacctacagaaaaratacc",taxon:1167209,Environmental DNA based detection of Polydora species on oyster beds in Chesapeake Bay,Unpublished,"Biesack,E., Hudson,K.L., Fisher,R. and McDowell,J.R.",ACCEPTED_NAME,RECONCILED
PV920271.1,PV920271,605,DNA,linear,Polydora websteri,Polydora websteri,Polydora websteri,COX1,COI,mitochondrial_protein_coding,NORMALIZED,"USA: Virginia, Gloucester Point, York River",,,,09-Jun-2021,,,,False,YR210609_09F,,,,"PCR_primers=fwd_name: Dorid_COI.3F, fwd_seq: aaggwatacctacagaaaaratacc",taxon:1167209,Environmental DNA based detection of Polydora species on oyster beds in Chesapeake Bay,Unpublished,"Biesack,E., Hudson,K.L., Fisher,R. and McDowell,J.R.",ACCEPTED_NAME,RECONCILED
PV920270.1,PV920270,605,DNA,linear,Polydora websteri,Polydora websteri,Polydora websteri,COX1,COI,mitochondrial_protein_coding,NORMALIZED,"USA: Virginia, Gloucester Point, York River",,,,09-Jun-2021,,,,False,YR210609_05F,,,,"PCR_primers=fwd_name: Dorid_COI.3F, fwd_seq: aaggwatacctacagaaaaratacc",taxon:1167209,Environmental DNA based detection of Polydora species on oyster beds in Chesapeake Bay,Unpublished,"Biesack,E., Hudson,K.L., Fisher,R. and McDowell,J.R.",ACCEPTED_NAME,RECONCILED
PV920269.1,PV920269,605,DNA,linear,Polydora websteri,Polydora websteri,Polydora websteri,COX1,COI,mitochondrial_protein_coding,NORMALIZED,"USA: Virginia, Gloucester Point, York River",,,,09-Jun-2021,,,,False,YR210609_01F,,,,"PCR_primers=fwd_name: Dorid_COI.3F, fwd_seq: aaggwatacctacagaaaaratacc",taxon:1167209,Environmental DNA based detection of Polydora species on oyster beds in Chesapeake Bay,Unpublished,"Biesack,E., Hudson,K.L., Fisher,R. and McDowell,J.R.",ACCEPTED_NAME,RECONCILED
PV920268.1,PV920268,605,DNA,linear,Polydora websteri,Polydora websteri,Polydora websteri,COX1,COI,mitochondrial_protein_coding,NORMALIZED,"USA: Virginia, Gloucester Point, York River",,,,02-Jun-2021,,,,False,YR210602_04F,,,,"PCR_primers=fwd_name: Dorid_COI.3F, fwd_seq: aaggwatacctacagaaaaratacc",taxon:1167209,Environmental DNA based detection of Polydora species on oyster beds in Chesapeake Bay,Unpublished,"Biesack,E., Hudson,K.L., Fisher,R. and McDowell,J.R.",ACCEPTED_NAME,RECONCILED
PV920267.1,PV920267,605,DNA,linear,Polydora websteri,Polydora websteri,Polydora websteri,COX1,COI,mitochondrial_protein_coding,NORMALIZED,"USA: Virginia, Gloucester Point, York River",,,,27-May-2021,,,,False,YR210527_05F,,,,"PCR_primers=fwd_name: Dorid_COI.3F, fwd_seq: aaggwatacctacagaaaaratacc",taxon:1167209,Environmental DNA based detection of Polydora species on oyster beds in Chesapeake Bay,Unpublished,"Biesack,E., Hudson,K.L., Fisher,R. and McDowell,J.R.",ACCEPTED_NAME,RECONCILED
PV920266.1,PV920266,605,DNA,linear,Polydora websteri,Polydora websteri,Polydora websteri,COX1,COI,mitochondrial_protein_coding,NORMALIZED,"USA: Virginia, Gloucester Point, York River",,,,27-May-2021,,,,False,YR210527_04F,,,,"PCR_primers=fwd_name: Dorid_COI.3F, fwd_seq: aaggwatacctacagaaaaratacc",taxon:1167209,Environmental DNA based detection of Polydora species on oyster beds in Chesapeake Bay,Unpublished,"Biesack,E., Hudson,K.L., Fisher,R. and McDowell,J.R.",ACCEPTED_NAME,RECONCILED
PV920265.1,PV920265,605,DNA,linear,Polydora websteri,Polydora websteri,Polydora websteri,COX1,COI,mitochondrial_protein_coding,NORMALIZED,"USA: Virginia, Gloucester Point, York River",,,,05-May-2021,,,,False,YR210505_04F,,,,"PCR_primers=fwd_name: Dorid_COI.3F, fwd_seq: aaggwatacctacagaaaaratacc",taxon:1167209,Environmental DNA based detection of Polydora species on oyster beds in Chesapeake Bay,Unpublished,"Biesack,E., Hudson,K.L., Fisher,R. and McDowell,J.R.",ACCEPTED_NAME,RECONCILED
PV920264.1,PV920264,605,DNA,linear,Polydora websteri,Polydora websteri,Polydora websteri,COX1,COI,mitochondrial_protein_coding,NORMALIZED,"USA: Virginia, Gloucester Point, York River",,,,05-May-2021,,,,False,YR210505_03F,,,,"PCR_primers=fwd_name: Dorid_COI.3F, fwd_seq: aaggwatacctacagaaaaratacc",taxon:1167209,Environmental DNA based detection of Polydora species on oyster beds in Chesapeake Bay,Unpublished,"Biesack,E., Hudson,K.L., Fisher,R. and McDowell,J.R.",ACCEPTED_NAME,RECONCILED
PV920263.1,PV920263,278,DNA,linear,Polydora websteri,Polydora websteri,Polydora websteri,COX1,COI,mitochondrial_protein_coding,NORMALIZED,"USA: Virginia, Gloucester Point, York River",,,,27-Apr-2021,,,,False,YR210427_02F,,,,"PCR_primers=fwd_name: Dorid_COI.3F, fwd_seq: aaggwatacctacagaaaaratacc",taxon:1167209,Environmental DNA based detection of Polydora species on oyster beds in Chesapeake Bay,Unpublished,"Biesack,E., Hudson,K.L., Fisher,R. and McDowell,J.R.",ACCEPTED_NAME,RECONCILED
PV920262.1,PV920262,605,DNA,linear,Polydora websteri,Polydora websteri,Polydora websteri,COX1,COI,mitochondrial_protein_coding,NORMALIZED,"USA: Virginia, Gloucester Point, York River",,,,27-Apr-2021,,,,False,YR210427_01F,,,,"PCR_primers=fwd_name: Dorid_COI.3F, fwd_seq: aaggwatacctacagaaaaratacc",taxon:1167209,Environmental DNA based detection of Polydora species on oyster beds in Chesapeake Bay,Unpublished,"Biesack,E., Hudson,K.L., Fisher,R. and McDowell,J.R.",ACCEPTED_NAME,RECONCILED
PV920261.1,PV920261,587,DNA,linear,Polydora websteri,Polydora websteri,Polydora websteri,COX1,COI,mitochondrial_protein_coding,NORMALIZED,"USA: Virginia, Gloucester Point, York River",,,,21-Apr-2021,,,,False,YR210421_03F,,,,"PCR_primers=fwd_name: Dorid_COI.3F, fwd_seq: aaggwatacctacagaaaaratacc",taxon:1167209,Environmental DNA based detection of Polydora species on oyster beds in Chesapeake Bay,Unpublished,"Biesack,E., Hudson,K.L., Fisher,R. and McDowell,J.R.",ACCEPTED_NAME,RECONCILED
PV920260.1,PV920260,605,DNA,linear,Polydora websteri,Polydora websteri,Polydora websteri,COX1,COI,mitochondrial_protein_coding,NORMALIZED,"USA: Virginia, Gloucester Point, York River",,,,12-Apr-2021,,,,False,YR210412_02F,,,,"PCR_primers=fwd_name: Dorid_COI.3F, fwd_seq: aaggwatacctacagaaaaratacc",taxon:1167209,Environmental DNA based detection of Polydora species on oyster beds in Chesapeake Bay,Unpublished,"Biesack,E., Hudson,K.L., Fisher,R. and McDowell,J.R.",ACCEPTED_NAME,RECONCILED
PV920259.1,PV920259,605,DNA,linear,Polydora websteri,Polydora websteri,Polydora websteri,COX1,COI,mitochondrial_protein_coding,NORMALIZED,"USA: Virginia, Gloucester Point, York River",,,,07-Apr-2021,,,,False,YR210407_03F,,,,"PCR_primers=fwd_name: Dorid_COI.3F, fwd_seq: aaggwatacctacagaaaaratacc",taxon:1167209,Environmental DNA based detection of Polydora species on oyster beds in Chesapeake Bay,Unpublished,"Biesack,E., Hudson,K.L., Fisher,R. and McDowell,J.R.",ACCEPTED_NAME,RECONCILED
PV920258.1,PV920258,605,DNA,linear,Polydora websteri,Polydora websteri,Polydora websteri,COX1,COI,mitochondrial_protein_coding,NORMALIZED,"USA: Virginia, Gloucester Point, York River",,,,07-Apr-2021,,,,False,YR210407_02F,,,,"PCR_primers=fwd_name: Dorid_COI.3F, fwd_seq: aaggwatacctacagaaaaratacc",taxon:1167209,Environmental DNA based detection of Polydora species on oyster beds in Chesapeake Bay,Unpublished,"Biesack,E., Hudson,K.L., Fisher,R. and McDowell,J.R.",ACCEPTED_NAME,RECONCILED
PV920257.1,PV920257,603,DNA,linear,Polydora websteri,Polydora websteri,Polydora websteri,COX1,COI,mitochondrial_protein_coding,NORMALIZED,"USA: Virginia, Gloucester Point, York River",,,,30-Mar-2021,,,,False,YR210330_02F,,,,"PCR_primers=fwd_name: Dorid_COI.3F, fwd_seq: aaggwatacctacagaaaaratacc",taxon:1167209,Environmental DNA based detection of Polydora species on oyster beds in Chesapeake Bay,Unpublished,"Biesack,E., Hudson,K.L., Fisher,R. and McDowell,J.R.",ACCEPTED_NAME,RECONCILED
PV920256.1,PV920256,603,DNA,linear,Polydora websteri,Polydora websteri,Polydora websteri,COX1,COI,mitochondrial_protein_coding,NORMALIZED,"USA: Virginia, Gloucester Point, York River",,,,30-Mar-2021,,,,False,YR210330_01F,,,,"PCR_primers=fwd_name: Dorid_COI.3F, fwd_seq: aaggwatacctacagaaaaratacc",taxon:1167209,Environmental DNA based detection of Polydora species on oyster beds in Chesapeake Bay,Unpublished,"Biesack,E., Hudson,K.L., Fisher,R. and McDowell,J.R.",ACCEPTED_NAME,RECONCILED
PV920255.1,PV920255,605,DNA,linear,Polydora websteri,Polydora websteri,Polydora websteri,COX1,COI,mitochondrial_protein_coding,NORMALIZED,"USA: Virginia, Gloucester Point, York River",,,,25-Mar-2021,,,,False,YR210325_02F,,,,"PCR_primers=fwd_name: Dorid_COI.3F, fwd_seq: aaggwatacctacagaaaaratacc",taxon:1167209,Environmental DNA based detection of Polydora species on oyster beds in Chesapeake Bay,Unpublished,"Biesack,E., Hudson,K.L., Fisher,R. and McDowell,J.R.",ACCEPTED_NAME,RECONCILED
PV920254.1,PV920254,533,DNA,linear,Polydora websteri,Polydora websteri,Polydora websteri,COX1,COI,mitochondrial_protein_coding,NORMALIZED,"USA: Virginia, Gloucester Point, York River",,,,25-Mar-2021,,,,False,YR210325_01F,,,,"PCR_primers=fwd_name: Dorid_COI.3F, fwd_seq: aaggwatacctacagaaaaratacc",taxon:1167209,Environmental DNA based detection of Polydora species on oyster beds in Chesapeake Bay,Unpublished,"Biesack,E., Hudson,K.L., Fisher,R. and McDowell,J.R.",ACCEPTED_NAME,RECONCILED
AB705405.1,AB705405,1771,DNA,linear,Polydora websteri,Polydora websteri,Polydora websteri,18S ribosomal RNA,18S,nuclear_rRNA,NORMALIZED,Australia: Albany,,,,2005-08,,,,False,,,,shells of the oyster Saccostrea commercialis,,taxon:1167209,"Morphology and molecular analysis of the 18S rRNA gene of oyster shell borers, Polydora species (Polychaeta: Spionidae), from Japan and Australia","J. Mar. Biolog. Assoc. U.K. 93, 1279-1286 (2013)","Sato-Okoshi,W. and Abe,H.",ACCEPTED_NAME,RECONCILED
AB705402.1,AB705402,1771,DNA,linear,Polydora websteri,Polydora websteri,Polydora websteri,18S ribosomal RNA,18S,nuclear_rRNA,NORMALIZED,"Japan: Oita, Nakatsu tidal flats",,,,2011-07-04,,,,False,,,,shells of the Japanese oyster Crassostra gigas,,taxon:1167209,"Morphology and molecular analysis of the 18S rRNA gene of oyster shell borers, Polydora species (Polychaeta: Spionidae), from Japan and Australia","J. Mar. Biolog. Assoc. U.K. 93, 1279-1286 (2013)","Sato-Okoshi,W. and Abe,H.",ACCEPTED_NAME,RECONCILED
PP601424.1,PP601424,289,DNA,linear,Polydora websteri,Polydora websteri,Polydora websteri,large subunit ribosomal RNA,,ribosomal_RNA,AMBIGUOUS,Italy,,,44.81554 N 12.30873 E,20-Oct-2020,B. Mikac,V. Radashevsky,11b,True,,,,,,taxon:1167209,Direct Submission,"Submitted (09-APR-2024) Department of Biological, Geological and Environmental Science, University of Bologna, via sant'alberto, 163, ravenna, italia 48123, Italy","Costantini,F., Fossi,E. and Mikac,B.",ACCEPTED_NAME,RECONCILED
PP601423.1,PP601423,289,DNA,linear,Polydora websteri,Polydora websteri,Polydora websteri,large subunit ribosomal RNA,,ribosomal_RNA,AMBIGUOUS,Italy,,,44.79618 N 12.28018 E,27-May-2020,B. Mikac,V. Radashevsky,14b,True,,,,,,taxon:1167209,Direct Submission,"Submitted (09-APR-2024) Department of Biological, Geological and Environmental Science, University of Bologna, via sant'alberto, 163, ravenna, italia 48123, Italy","Costantini,F., Fossi,E. and Mikac,B.",ACCEPTED_NAME,RECONCILED
PP601422.1,PP601422,289,DNA,linear,Polydora websteri,Polydora websteri,Polydora websteri,large subunit ribosomal RNA,,ribosomal_RNA,AMBIGUOUS,Italy,,,44.79618 N 12.28018 E,27-May-2020,B. Mikac,V. Radashevsky,15b,True,,,,,,taxon:1167209,Direct Submission,"Submitted (09-APR-2024) Department of Biological, Geological and Environmental Science, University of Bologna, via sant'alberto, 163, ravenna, italia 48123, Italy","Costantini,F., Fossi,E. and Mikac,B.",ACCEPTED_NAME,RECONCILED
PP601421.1,PP601421,289,DNA,linear,Polydora websteri,Polydora websteri,Polydora websteri,large subunit ribosomal RNA,,ribosomal_RNA,AMBIGUOUS,Italy,,,44.81554 N 12.30873 E,27-May-2020,B. Mikac,V. Radashevsky,4b,True,,,,,,taxon:1167209,Direct Submission,"Submitted (09-APR-2024) Department of Biological, Geological and Environmental Science, University of Bologna, via sant'alberto, 163, ravenna, italia 48123, Italy","Costantini,F., Fossi,E. and Mikac,B.",ACCEPTED_NAME,RECONCILED
PP601420.1,PP601420,289,DNA,linear,Polydora websteri,Polydora websteri,Polydora websteri,large subunit ribosomal RNA,,ribosomal_RNA,AMBIGUOUS,Italy,,,44.77554 N 12.36952 E,27-May-2020,B. Mikac,V. Radashevsky,6b,True,,,,,,taxon:1167209,Direct Submission,"Submitted (09-APR-2024) Department of Biological, Geological and Environmental Science, University of Bologna, via sant'alberto, 163, ravenna, italia 48123, Italy","Costantini,F., Fossi,E. and Mikac,B.",ACCEPTED_NAME,RECONCILED
PP591930.1,PP591930,575,DNA,linear,Polydora websteri,Polydora websteri,Polydora websteri,small subunit ribosomal RNA,,ribosomal_RNA,AMBIGUOUS,Italy,,,44.81554 N 12.30873 E,20-Oct-2020,B. Mikac,V. Radashevsky,25214.11b,True,,,,,,taxon:1167209,Direct Submission,"Submitted (05-APR-2024) Department of Biological, Geological and Environmental Science, University of Bologna, via sant'alberto, 163, Ravenna 48123, Italy","Costantini,F., Fossi,E. and Mikac,B.",ACCEPTED_NAME,RECONCILED
PP591929.1,PP591929,575,DNA,linear,Polydora websteri,Polydora websteri,Polydora websteri,small subunit ribosomal RNA,,ribosomal_RNA,AMBIGUOUS,Italy,,,44.79618 N 12.28018 E,27-May-2020,B. Mikac,V. Radashevsky,25219.14b,True,,,,,,taxon:1167209,Direct Submission,"Submitted (05-APR-2024) Department of Biological, Geological and Environmental Science, University of Bologna, via sant'alberto, 163, Ravenna 48123, Italy","Costantini,F., Fossi,E. and Mikac,B.",ACCEPTED_NAME,RECONCILED
PP591928.1,PP591928,575,DNA,linear,Polydora websteri,Polydora websteri,Polydora websteri,small subunit ribosomal RNA,,ribosomal_RNA,AMBIGUOUS,Italy,,,44.77554 N 12.36952 E,27-May-2020,B. Mikac,V. Radashevsky,25211.6b,True,,,,,,taxon:1167209,Direct Submission,"Submitted (05-APR-2024) Department of Biological, Geological and Environmental Science, University of Bologna, via sant'alberto, 163, Ravenna 48123, Italy","Costantini,F., Fossi,E. and Mikac,B.",ACCEPTED_NAME,RECONCILED
PV472291.1,PV472291,309,DNA,linear,Polydora websteri,Polydora websteri,Polydora websteri,COX1,COI,mitochondrial_protein_coding,NORMALIZED,"USA: Massachusetts, Wellfleet, Herring River",,,,Nov-2024,Ava Sheedy,,,False,HRE5,,,,,taxon:1167209,"Seasonal infestation of Polydora websteri infecting the eastern oyster, Crassostrea gigas from Wellfleet, Massachusetts",Unpublished,"Davinack,A. and Sheedy,A.",ACCEPTED_NAME,RECONCILED
PV472290.1,PV472290,625,DNA,linear,Polydora websteri,Polydora websteri,Polydora websteri,COX1,COI,mitochondrial_protein_coding,NORMALIZED,"USA: Massachusetts, Wellfleet, Herring River",,,,Dec-2024,Ava Sheedy,,,False,HRE4,,,,,taxon:1167209,"Seasonal infestation of Polydora websteri infecting the eastern oyster, Crassostrea gigas from Wellfleet, Massachusetts",Unpublished,"Davinack,A. and Sheedy,A.",ACCEPTED_NAME,RECONCILED
PV472289.1,PV472289,307,DNA,linear,Polydora websteri,Polydora websteri,Polydora websteri,COX1,COI,mitochondrial_protein_coding,NORMALIZED,"USA: Massachusetts, Wellfleet, Herring River",,,,Feb-2025,Ava Sheedy,,,False,HRE3,,,,,taxon:1167209,"Seasonal infestation of Polydora websteri infecting the eastern oyster, Crassostrea gigas from Wellfleet, Massachusetts",Unpublished,"Davinack,A. and Sheedy,A.",ACCEPTED_NAME,RECONCILED
PV472288.1,PV472288,297,DNA,linear,Polydora websteri,Polydora websteri,Polydora websteri,COX1,COI,mitochondrial_protein_coding,NORMALIZED,"USA: Massachusetts, Wellfleet, Herring River",,,,Jan-2025,Ava Sheedy,,,False,HRE2,,,,,taxon:1167209,"Seasonal infestation of Polydora websteri infecting the eastern oyster, Crassostrea gigas from Wellfleet, Massachusetts",Unpublished,"Davinack,A. and Sheedy,A.",ACCEPTED_NAME,RECONCILED
PV472287.1,PV472287,620,DNA,linear,Polydora websteri,Polydora websteri,Polydora websteri,COX1,COI,mitochondrial_protein_coding,NORMALIZED,"USA: Massachusetts, Wellfleet, Herring River",,,,Oct-2024,Ava Sheedy,,,False,HRE1,,,,,taxon:1167209,"Seasonal infestation of Polydora websteri infecting the eastern oyster, Crassostrea gigas from Wellfleet, Massachusetts",Unpublished,"Davinack,A. and Sheedy,A.",ACCEPTED_NAME,RECONCILED
LC682767.1,LC682767,634,DNA,linear,Polydora websteri,Polydora websteri,Polydora websteri,COX1,COI,mitochondrial_protein_coding,NORMALIZED,France: Normandy,,,,2018-03,"Waka Sato-Okoshi, Kenji Okoshi",,,False,W12,,,Shell of oyster Crassostrea gigas,,taxon:1167209,"Polydorid species (Annelida: Spionidae) associated with commercially important oyster shells and their shell infestation along the coast of Normandy, in the English Channel, France","Aquac. Int. 31, 195-230 (2023)","Sato-Okoshi,W., Okoshi,K., Abe,H. and Dauvin,J.C.",ACCEPTED_NAME,RECONCILED
LC682766.1,LC682766,634,DNA,linear,Polydora websteri,Polydora websteri,Polydora websteri,COX1,COI,mitochondrial_protein_coding,NORMALIZED,France: Normandy,,,,2018-03,"Waka Sato-Okoshi, Kenji Okoshi",,,False,W11,,,Shell of oyster Crassostrea gigas,,taxon:1167209,"Polydorid species (Annelida: Spionidae) associated with commercially important oyster shells and their shell infestation along the coast of Normandy, in the English Channel, France","Aquac. Int. 31, 195-230 (2023)","Sato-Okoshi,W., Okoshi,K., Abe,H. and Dauvin,J.C.",ACCEPTED_NAME,RECONCILED
LC682742.1,LC682742,468,DNA,linear,Polydora websteri,Polydora websteri,Polydora websteri,16S ribosomal RNA,16S,mitochondrial_rRNA,NORMALIZED,France: Normandy,,,,2018-03,"Waka Sato-Okoshi, Kenji Okoshi",,,False,W12,,,Shell of oyster Crassostrea gigas,,taxon:1167209,"Polydorid species (Annelida: Spionidae) associated with commercially important oyster shells and their shell infestation along the coast of Normandy, in the English Channel, France","Aquac. Int. 31, 195-230 (2023)","Sato-Okoshi,W., Okoshi,K., Abe,H. and Dauvin,J.C.",ACCEPTED_NAME,RECONCILED
LC682741.1,LC682741,468,DNA,linear,Polydora websteri,Polydora websteri,Polydora websteri,16S ribosomal RNA,16S,mitochondrial_rRNA,NORMALIZED,France: Normandy,,,,2018-03,"Waka Sato-Okoshi, Kenji Okoshi",,,False,W11,,,Shell of oyster Crassostrea gigas,,taxon:1167209,"Polydorid species (Annelida: Spionidae) associated with commercially important oyster shells and their shell infestation along the coast of Normandy, in the English Channel, France","Aquac. Int. 31, 195-230 (2023)","Sato-Okoshi,W., Okoshi,K., Abe,H. and Dauvin,J.C.",ACCEPTED_NAME,RECONCILED
LC682721.1,LC682721,766,DNA,linear,Polydora websteri,Polydora websteri,Polydora websteri,28S ribosomal RNA,28S,nuclear_rRNA,NORMALIZED,France: Normandy,,,,2018-03,"Waka Sato-Okoshi, Kenji Okoshi",,,False,W12,,,Shell of oyster Crassostrea gigas,,taxon:1167209,"Polydorid species (Annelida: Spionidae) associated with commercially important oyster shells and their shell infestation along the coast of Normandy, in the English Channel, France","Aquac. Int. 31, 195-230 (2023)","Sato-Okoshi,W., Okoshi,K., Abe,H. and Dauvin,J.C.",ACCEPTED_NAME,RECONCILED
LC682720.1,LC682720,761,DNA,linear,Polydora websteri,Polydora websteri,Polydora websteri,28S ribosomal RNA,28S,nuclear_rRNA,NORMALIZED,France: Normandy,,,,2018-03,"Waka Sato-Okoshi, Kenji Okoshi",,,False,W11,,,Shell of oyster Crassostrea gigas,,taxon:1167209,"Polydorid species (Annelida: Spionidae) associated with commercially important oyster shells and their shell infestation along the coast of Normandy, in the English Channel, France","Aquac. Int. 31, 195-230 (2023)","Sato-Okoshi,W., Okoshi,K., Abe,H. and Dauvin,J.C.",ACCEPTED_NAME,RECONCILED
LC682699.1,LC682699,1771,DNA,linear,Polydora websteri,Polydora websteri,Polydora websteri,18S ribosomal RNA,18S,nuclear_rRNA,NORMALIZED,France: Normandy,,,,2018-03,"Waka Sato-Okoshi, Kenji Okoshi",,,False,W12,,,Shell of oyster Crassostrea gigas,,taxon:1167209,"Polydorid species (Annelida: Spionidae) associated with commercially important oyster shells and their shell infestation along the coast of Normandy, in the English Channel, France","Aquac. Int. 31, 195-230 (2023)","Sato-Okoshi,W., Okoshi,K., Abe,H. and Dauvin,J.C.",ACCEPTED_NAME,RECONCILED
LC682698.1,LC682698,1771,DNA,linear,Polydora websteri,Polydora websteri,Polydora websteri,18S ribosomal RNA,18S,nuclear_rRNA,NORMALIZED,France: Normandy,,,,2018-03,"Waka Sato-Okoshi, Kenji Okoshi",,,False,W11,,,Shell of oyster Crassostrea gigas,,taxon:1167209,"Polydorid species (Annelida: Spionidae) associated with commercially important oyster shells and their shell infestation along the coast of Normandy, in the English Channel, France","Aquac. Int. 31, 195-230 (2023)","Sato-Okoshi,W., Okoshi,K., Abe,H. and Dauvin,J.C.",ACCEPTED_NAME,RECONCILED
OQ078900.1,OQ078900,634,DNA,linear,Polydora websteri,Polydora websteri,Polydora websteri,COI,COI,mitochondrial_protein_coding,NORMALIZED,"USA: Virginia, Northampton County, Lower Chesapeake Bay, Cape Charles Beach, swim buoys",,,37.267 N 76.024 W,23-Jul-2018,"SERC,MarineGEO Chesapeake BioBlitz",Erica Keppel,SERCINVERT2817,True,,,,,,BOLD:SERCI2817-19.COI-3P; taxon:1167209,SERC/MarineGeo 2018 Lower Chesapeake BioBlitz,Unpublished,"Aguilar,R., Ogburn,M.B., Duffy,E., Craig,C.A. and Redmond,N.E.",ACCEPTED_NAME,RECONCILED
OR228342.1,OR228342,536,DNA,linear,Polydora websteri,Polydora websteri,Polydora websteri,COX1,COI,mitochondrial_protein_coding,NORMALIZED,USA: Oregon,,,,,,,,False,WCO_7C_w20,,,,,taxon:1167209,"Infestation of cultivated Pacific oysters by shell-boring polychaetes along the US West Coast: prevalence is associated with season, culture method, and pH",Unpublished,"Martinelli,J.C., Considine,M., Casendino,H., Tarpey,C.M., Jimenez-Hidalgo,I., Padilla-Gamino,J.L., King,T.L., Hauser,L., Rumrill,S. and Wood,C.L.",ACCEPTED_NAME,RECONCILED
OR228341.1,OR228341,536,DNA,linear,Polydora websteri,Polydora websteri,Polydora websteri,COX1,COI,mitochondrial_protein_coding,NORMALIZED,USA: Oregon,,,,,,,,False,WCO_7B_w20,,,,,taxon:1167209,"Infestation of cultivated Pacific oysters by shell-boring polychaetes along the US West Coast: prevalence is associated with season, culture method, and pH",Unpublished,"Martinelli,J.C., Considine,M., Casendino,H., Tarpey,C.M., Jimenez-Hidalgo,I., Padilla-Gamino,J.L., King,T.L., Hauser,L., Rumrill,S. and Wood,C.L.",ACCEPTED_NAME,RECONCILED
OR228340.1,OR228340,536,DNA,linear,Polydora websteri,Polydora websteri,Polydora websteri,COX1,COI,mitochondrial_protein_coding,NORMALIZED,USA: Oregon,,,,,,,,False,WCO_7A_w20,,,,,taxon:1167209,"Infestation of cultivated Pacific oysters by shell-boring polychaetes along the US West Coast: prevalence is associated with season, culture method, and pH",Unpublished,"Martinelli,J.C., Considine,M., Casendino,H., Tarpey,C.M., Jimenez-Hidalgo,I., Padilla-Gamino,J.L., King,T.L., Hauser,L., Rumrill,S. and Wood,C.L.",ACCEPTED_NAME,RECONCILED
OR228339.1,OR228339,536,DNA,linear,Polydora websteri,Polydora websteri,Polydora websteri,COX1,COI,mitochondrial_protein_coding,NORMALIZED,USA: Oregon,,,,,,,,False,WCO_4L_w20,,,,,taxon:1167209,"Infestation of cultivated Pacific oysters by shell-boring polychaetes along the US West Coast: prevalence is associated with season, culture method, and pH",Unpublished,"Martinelli,J.C., Considine,M., Casendino,H., Tarpey,C.M., Jimenez-Hidalgo,I., Padilla-Gamino,J.L., King,T.L., Hauser,L., Rumrill,S. and Wood,C.L.",ACCEPTED_NAME,RECONCILED
OR228338.1,OR228338,536,DNA,linear,Polydora websteri,Polydora websteri,Polydora websteri,COX1,COI,mitochondrial_protein_coding,NORMALIZED,USA: Oregon,,,,,,,,False,WCO_4_s20,,,,,taxon:1167209,"Infestation of cultivated Pacific oysters by shell-boring polychaetes along the US West Coast: prevalence is associated with season, culture method, and pH",Unpublished,"Martinelli,J.C., Considine,M., Casendino,H., Tarpey,C.M., Jimenez-Hidalgo,I., Padilla-Gamino,J.L., King,T.L., Hauser,L., Rumrill,S. and Wood,C.L.",ACCEPTED_NAME,RECONCILED
OR228337.1,OR228337,536,DNA,linear,Polydora websteri,Polydora websteri,Polydora websteri,COX1,COI,mitochondrial_protein_coding,NORMALIZED,USA: Oregon,,,,,,,,False,WCO_19_s20,,,,,taxon:1167209,"Infestation of cultivated Pacific oysters by shell-boring polychaetes along the US West Coast: prevalence is associated with season, culture method, and pH",Unpublished,"Martinelli,J.C., Considine,M., Casendino,H., Tarpey,C.M., Jimenez-Hidalgo,I., Padilla-Gamino,J.L., King,T.L., Hauser,L., Rumrill,S. and Wood,C.L.",ACCEPTED_NAME,RECONCILED
OR228336.1,OR228336,536,DNA,linear,Polydora websteri,Polydora websteri,Polydora websteri,COX1,COI,mitochondrial_protein_coding,NORMALIZED,USA: Oregon,,,,,,,,False,WCO_16_s20,,,,,taxon:1167209,"Infestation of cultivated Pacific oysters by shell-boring polychaetes along the US West Coast: prevalence is associated with season, culture method, and pH",Unpublished,"Martinelli,J.C., Considine,M., Casendino,H., Tarpey,C.M., Jimenez-Hidalgo,I., Padilla-Gamino,J.L., King,T.L., Hauser,L., Rumrill,S. and Wood,C.L.",ACCEPTED_NAME,RECONCILED
OR228335.1,OR228335,536,DNA,linear,Polydora websteri,Polydora websteri,Polydora websteri,COX1,COI,mitochondrial_protein_coding,NORMALIZED,USA: Oregon,,,,,,,,False,WCO_13B_w20,,,,,taxon:1167209,"Infestation of cultivated Pacific oysters by shell-boring polychaetes along the US West Coast: prevalence is associated with season, culture method, and pH",Unpublished,"Martinelli,J.C., Considine,M., Casendino,H., Tarpey,C.M., Jimenez-Hidalgo,I., Padilla-Gamino,J.L., King,T.L., Hauser,L., Rumrill,S. and Wood,C.L.",ACCEPTED_NAME,RECONCILED
OR228334.1,OR228334,536,DNA,linear,Polydora websteri,Polydora websteri,Polydora websteri,COX1,COI,mitochondrial_protein_coding,NORMALIZED,USA: Oregon,,,,,,,,False,WCO_12A_s20,,,,,taxon:1167209,"Infestation of cultivated Pacific oysters by shell-boring polychaetes along the US West Coast: prevalence is associated with season, culture method, and pH",Unpublished,"Martinelli,J.C., Considine,M., Casendino,H., Tarpey,C.M., Jimenez-Hidalgo,I., Padilla-Gamino,J.L., King,T.L., Hauser,L., Rumrill,S. and Wood,C.L.",ACCEPTED_NAME,RECONCILED
OR228333.1,OR228333,536,DNA,linear,Polydora websteri,Polydora websteri,Polydora websteri,COX1,COI,mitochondrial_protein_coding,NORMALIZED,USA: Oregon,,,,,,,,False,WCO_10C_s20,,,,,taxon:1167209,"Infestation of cultivated Pacific oysters by shell-boring polychaetes along the US West Coast: prevalence is associated with season, culture method, and pH",Unpublished,"Martinelli,J.C., Considine,M., Casendino,H., Tarpey,C.M., Jimenez-Hidalgo,I., Padilla-Gamino,J.L., King,T.L., Hauser,L., Rumrill,S. and Wood,C.L.",ACCEPTED_NAME,RECONCILED
OR228332.1,OR228332,536,DNA,linear,Polydora websteri,Polydora websteri,Polydora websteri,COX1,COI,mitochondrial_protein_coding,NORMALIZED,USA: Oregon,,,,,,,,False,WCO_10B_s20,,,,,taxon:1167209,"Infestation of cultivated Pacific oysters by shell-boring polychaetes along the US West Coast: prevalence is associated with season, culture method, and pH",Unpublished,"Martinelli,J.C., Considine,M., Casendino,H., Tarpey,C.M., Jimenez-Hidalgo,I., Padilla-Gamino,J.L., King,T.L., Hauser,L., Rumrill,S. and Wood,C.L.",ACCEPTED_NAME,RECONCILED
OR228296.1,OR228296,536,DNA,linear,Polydora websteri,Polydora websteri,Polydora websteri,COX1,COI,mitochondrial_protein_coding,NORMALIZED,USA: California,,,,,,,,False,TCA_6_s19,,,,,taxon:1167209,"Infestation of cultivated Pacific oysters by shell-boring polychaetes along the US West Coast: prevalence is associated with season, culture method, and pH",Unpublished,"Martinelli,J.C., Considine,M., Casendino,H., Tarpey,C.M., Jimenez-Hidalgo,I., Padilla-Gamino,J.L., King,T.L., Hauser,L., Rumrill,S. and Wood,C.L.",ACCEPTED_NAME,RECONCILED
OR228295.1,OR228295,536,DNA,linear,Polydora websteri,Polydora websteri,Polydora websteri,COX1,COI,mitochondrial_protein_coding,NORMALIZED,USA: California,,,,,,,,False,TCA_5_s19,,,,,taxon:1167209,"Infestation of cultivated Pacific oysters by shell-boring polychaetes along the US West Coast: prevalence is associated with season, culture method, and pH",Unpublished,"Martinelli,J.C., Considine,M., Casendino,H., Tarpey,C.M., Jimenez-Hidalgo,I., Padilla-Gamino,J.L., King,T.L., Hauser,L., Rumrill,S. and Wood,C.L.",ACCEPTED_NAME,RECONCILED
OR228294.1,OR228294,536,DNA,linear,Polydora websteri,Polydora websteri,Polydora websteri,COX1,COI,mitochondrial_protein_coding,NORMALIZED,USA: California,,,,,,,,False,TCA_4_s19,,,,,taxon:1167209,"Infestation of cultivated Pacific oysters by shell-boring polychaetes along the US West Coast: prevalence is associated with season, culture method, and pH",Unpublished,"Martinelli,J.C., Considine,M., Casendino,H., Tarpey,C.M., Jimenez-Hidalgo,I., Padilla-Gamino,J.L., King,T.L., Hauser,L., Rumrill,S. and Wood,C.L.",ACCEPTED_NAME,RECONCILED
OR228293.1,OR228293,536,DNA,linear,Polydora websteri,Polydora websteri,Polydora websteri,COX1,COI,mitochondrial_protein_coding,NORMALIZED,USA: California,,,,,,,,False,TCA_3_s19,,,,,taxon:1167209,"Infestation of cultivated Pacific oysters by shell-boring polychaetes along the US West Coast: prevalence is associated with season, culture method, and pH",Unpublished,"Martinelli,J.C., Considine,M., Casendino,H., Tarpey,C.M., Jimenez-Hidalgo,I., Padilla-Gamino,J.L., King,T.L., Hauser,L., Rumrill,S. and Wood,C.L.",ACCEPTED_NAME,RECONCILED
OR228292.1,OR228292,536,DNA,linear,Polydora websteri,Polydora websteri,Polydora websteri,COX1,COI,mitochondrial_protein_coding,NORMALIZED,USA: California,,,,,,,,False,TCA_2_s19,,,,,taxon:1167209,"Infestation of cultivated Pacific oysters by shell-boring polychaetes along the US West Coast: prevalence is associated with season, culture method, and pH",Unpublished,"Martinelli,J.C., Considine,M., Casendino,H., Tarpey,C.M., Jimenez-Hidalgo,I., Padilla-Gamino,J.L., King,T.L., Hauser,L., Rumrill,S. and Wood,C.L.",ACCEPTED_NAME,RECONCILED
OR228290.1,OR228290,536,DNA,linear,Polydora websteri,Polydora websteri,Polydora websteri,COX1,COI,mitochondrial_protein_coding,NORMALIZED,USA: California,,,,,,,,False,TCA_159_w21,,,,,taxon:1167209,"Infestation of cultivated Pacific oysters by shell-boring polychaetes along the US West Coast: prevalence is associated with season, culture method, and pH",Unpublished,"Martinelli,J.C., Considine,M., Casendino,H., Tarpey,C.M., Jimenez-Hidalgo,I., Padilla-Gamino,J.L., King,T.L., Hauser,L., Rumrill,S. and Wood,C.L.",ACCEPTED_NAME,RECONCILED
OR228280.1,OR228280,536,DNA,linear,Polydora websteri,Polydora websteri,Polydora websteri,COX1,COI,mitochondrial_protein_coding,NORMALIZED,USA: Oregon,,,,,,,,False,NEO_8_s20,,,,,taxon:1167209,"Infestation of cultivated Pacific oysters by shell-boring polychaetes along the US West Coast: prevalence is associated with season, culture method, and pH",Unpublished,"Martinelli,J.C., Considine,M., Casendino,H., Tarpey,C.M., Jimenez-Hidalgo,I., Padilla-Gamino,J.L., King,T.L., Hauser,L., Rumrill,S. and Wood,C.L.",ACCEPTED_NAME,RECONCILED
OR228279.1,OR228279,536,DNA,linear,Polydora websteri,Polydora websteri,Polydora websteri,COX1,COI,mitochondrial_protein_coding,NORMALIZED,USA: Oregon,,,,,,,,False,NEO_7_w20,,,,,taxon:1167209,"Infestation of cultivated Pacific oysters by shell-boring polychaetes along the US West Coast: prevalence is associated with season, culture method, and pH",Unpublished,"Martinelli,J.C., Considine,M., Casendino,H., Tarpey,C.M., Jimenez-Hidalgo,I., Padilla-Gamino,J.L., King,T.L., Hauser,L., Rumrill,S. and Wood,C.L.",ACCEPTED_NAME,RECONCILED
OR228278.1,OR228278,536,DNA,linear,Polydora websteri,Polydora websteri,Polydora websteri,COX1,COI,mitochondrial_protein_coding,NORMALIZED,USA: Oregon,,,,,,,,False,NEO_6_s20,,,,,taxon:1167209,"Infestation of cultivated Pacific oysters by shell-boring polychaetes along the US West Coast: prevalence is associated with season, culture method, and pH",Unpublished,"Martinelli,J.C., Considine,M., Casendino,H., Tarpey,C.M., Jimenez-Hidalgo,I., Padilla-Gamino,J.L., King,T.L., Hauser,L., Rumrill,S. and Wood,C.L.",ACCEPTED_NAME,RECONCILED
OR228277.1,OR228277,536,DNA,linear,Polydora websteri,Polydora websteri,Polydora websteri,COX1,COI,mitochondrial_protein_coding,NORMALIZED,USA: Oregon,,,,,,,,False,NEO_5B_s20,,,,,taxon:1167209,"Infestation of cultivated Pacific oysters by shell-boring polychaetes along the US West Coast: prevalence is associated with season, culture method, and pH",Unpublished,"Martinelli,J.C., Considine,M., Casendino,H., Tarpey,C.M., Jimenez-Hidalgo,I., Padilla-Gamino,J.L., King,T.L., Hauser,L., Rumrill,S. and Wood,C.L.",ACCEPTED_NAME,RECONCILED
OR228276.1,OR228276,536,DNA,linear,Polydora websteri,Polydora websteri,Polydora websteri,COX1,COI,mitochondrial_protein_coding,NORMALIZED,USA: Oregon,,,,,,,,False,NEO_5A_s20,,,,,taxon:1167209,"Infestation of cultivated Pacific oysters by shell-boring polychaetes along the US West Coast: prevalence is associated with season, culture method, and pH",Unpublished,"Martinelli,J.C., Considine,M., Casendino,H., Tarpey,C.M., Jimenez-Hidalgo,I., Padilla-Gamino,J.L., King,T.L., Hauser,L., Rumrill,S. and Wood,C.L.",ACCEPTED_NAME,RECONCILED
OR228275.1,OR228275,536,DNA,linear,Polydora websteri,Polydora websteri,Polydora websteri,COX1,COI,mitochondrial_protein_coding,NORMALIZED,USA: Oregon,,,,,,,,False,NEO_4L_w20,,,,,taxon:1167209,"Infestation of cultivated Pacific oysters by shell-boring polychaetes along the US West Coast: prevalence is associated with season, culture method, and pH",Unpublished,"Martinelli,J.C., Considine,M., Casendino,H., Tarpey,C.M., Jimenez-Hidalgo,I., Padilla-Gamino,J.L., King,T.L., Hauser,L., Rumrill,S. and Wood,C.L.",ACCEPTED_NAME,RECONCILED
OR228273.1,OR228273,536,DNA,linear,Polydora websteri,Polydora websteri,Polydora websteri,COX1,COI,mitochondrial_protein_coding,NORMALIZED,USA: Oregon,,,,,,,,False,NEO_3R_w20,,,,,taxon:1167209,"Infestation of cultivated Pacific oysters by shell-boring polychaetes along the US West Coast: prevalence is associated with season, culture method, and pH",Unpublished,"Martinelli,J.C., Considine,M., Casendino,H., Tarpey,C.M., Jimenez-Hidalgo,I., Padilla-Gamino,J.L., King,T.L., Hauser,L., Rumrill,S. and Wood,C.L.",ACCEPTED_NAME,RECONCILED
OR228272.1,OR228272,536,DNA,linear,Polydora websteri,Polydora websteri,Polydora websteri,COX1,COI,mitochondrial_protein_coding,NORMALIZED,USA: Oregon,,,,,,,,False,NEO_3L_w20,,,,,taxon:1167209,"Infestation of cultivated Pacific oysters by shell-boring polychaetes along the US West Coast: prevalence is associated with season, culture method, and pH",Unpublished,"Martinelli,J.C., Considine,M., Casendino,H., Tarpey,C.M., Jimenez-Hidalgo,I., Padilla-Gamino,J.L., King,T.L., Hauser,L., Rumrill,S. and Wood,C.L.",ACCEPTED_NAME,RECONCILED
OR228271.1,OR228271,536,DNA,linear,Polydora websteri,Polydora websteri,Polydora websteri,COX1,COI,mitochondrial_protein_coding,NORMALIZED,USA: Oregon,,,,,,,,False,NEO_3B_s20,,,,,taxon:1167209,"Infestation of cultivated Pacific oysters by shell-boring polychaetes along the US West Coast: prevalence is associated with season, culture method, and pH",Unpublished,"Martinelli,J.C., Considine,M., Casendino,H., Tarpey,C.M., Jimenez-Hidalgo,I., Padilla-Gamino,J.L., King,T.L., Hauser,L., Rumrill,S. and Wood,C.L.",ACCEPTED_NAME,RECONCILED
OR228270.1,OR228270,536,DNA,linear,Polydora websteri,Polydora websteri,Polydora websteri,COX1,COI,mitochondrial_protein_coding,NORMALIZED,USA: Oregon,,,,,,,,False,NEO_3A_s20,,,,,taxon:1167209,"Infestation of cultivated Pacific oysters by shell-boring polychaetes along the US West Coast: prevalence is associated with season, culture method, and pH",Unpublished,"Martinelli,J.C., Considine,M., Casendino,H., Tarpey,C.M., Jimenez-Hidalgo,I., Padilla-Gamino,J.L., King,T.L., Hauser,L., Rumrill,S. and Wood,C.L.",ACCEPTED_NAME,RECONCILED
OR228269.1,OR228269,536,DNA,linear,Polydora websteri,Polydora websteri,Polydora websteri,COX1,COI,mitochondrial_protein_coding,NORMALIZED,USA: Oregon,,,,,,,,False,NEO_25B_s20,,,,,taxon:1167209,"Infestation of cultivated Pacific oysters by shell-boring polychaetes along the US West Coast: prevalence is associated with season, culture method, and pH",Unpublished,"Martinelli,J.C., Considine,M., Casendino,H., Tarpey,C.M., Jimenez-Hidalgo,I., Padilla-Gamino,J.L., King,T.L., Hauser,L., Rumrill,S. and Wood,C.L.",ACCEPTED_NAME,RECONCILED
OR228268.1,OR228268,536,DNA,linear,Polydora websteri,Polydora websteri,Polydora websteri,COX1,COI,mitochondrial_protein_coding,NORMALIZED,USA: Oregon,,,,,,,,False,NEO_25A_s20,,,,,taxon:1167209,"Infestation of cultivated Pacific oysters by shell-boring polychaetes along the US West Coast: prevalence is associated with season, culture method, and pH",Unpublished,"Martinelli,J.C., Considine,M., Casendino,H., Tarpey,C.M., Jimenez-Hidalgo,I., Padilla-Gamino,J.L., King,T.L., Hauser,L., Rumrill,S. and Wood,C.L.",ACCEPTED_NAME,RECONCILED
OR228267.1,OR228267,536,DNA,linear,Polydora websteri,Polydora websteri,Polydora websteri,COX1,COI,mitochondrial_protein_coding,NORMALIZED,USA: Oregon,,,,,,,,False,NEO_24_s20,,,,,taxon:1167209,"Infestation of cultivated Pacific oysters by shell-boring polychaetes along the US West Coast: prevalence is associated with season, culture method, and pH",Unpublished,"Martinelli,J.C., Considine,M., Casendino,H., Tarpey,C.M., Jimenez-Hidalgo,I., Padilla-Gamino,J.L., King,T.L., Hauser,L., Rumrill,S. and Wood,C.L.",ACCEPTED_NAME,RECONCILED
OR228266.1,OR228266,536,DNA,linear,Polydora websteri,Polydora websteri,Polydora websteri,COX1,COI,mitochondrial_protein_coding,NORMALIZED,USA: Oregon,,,,,,,,False,NEO_22_w20,,,,,taxon:1167209,"Infestation of cultivated Pacific oysters by shell-boring polychaetes along the US West Coast: prevalence is associated with season, culture method, and pH",Unpublished,"Martinelli,J.C., Considine,M., Casendino,H., Tarpey,C.M., Jimenez-Hidalgo,I., Padilla-Gamino,J.L., King,T.L., Hauser,L., Rumrill,S. and Wood,C.L.",ACCEPTED_NAME,RECONCILED
OR228265.1,OR228265,536,DNA,linear,Polydora websteri,Polydora websteri,Polydora websteri,COX1,COI,mitochondrial_protein_coding,NORMALIZED,USA: Oregon,,,,,,,,False,NEO_20B_s20,,,,,taxon:1167209,"Infestation of cultivated Pacific oysters by shell-boring polychaetes along the US West Coast: prevalence is associated with season, culture method, and pH",Unpublished,"Martinelli,J.C., Considine,M., Casendino,H., Tarpey,C.M., Jimenez-Hidalgo,I., Padilla-Gamino,J.L., King,T.L., Hauser,L., Rumrill,S. and Wood,C.L.",ACCEPTED_NAME,RECONCILED
OR228264.1,OR228264,536,DNA,linear,Polydora websteri,Polydora websteri,Polydora websteri,COX1,COI,mitochondrial_protein_coding,NORMALIZED,USA: Oregon,,,,,,,,False,NEO_20A_s20,,,,,taxon:1167209,"Infestation of cultivated Pacific oysters by shell-boring polychaetes along the US West Coast: prevalence is associated with season, culture method, and pH",Unpublished,"Martinelli,J.C., Considine,M., Casendino,H., Tarpey,C.M., Jimenez-Hidalgo,I., Padilla-Gamino,J.L., King,T.L., Hauser,L., Rumrill,S. and Wood,C.L.",ACCEPTED_NAME,RECONCILED
OR228263.1,OR228263,536,DNA,linear,Polydora websteri,Polydora websteri,Polydora websteri,COX1,COI,mitochondrial_protein_coding,NORMALIZED,USA: Oregon,,,,,,,,False,NEO_17_W20,,,,,taxon:1167209,"Infestation of cultivated Pacific oysters by shell-boring polychaetes along the US West Coast: prevalence is associated with season, culture method, and pH",Unpublished,"Martinelli,J.C., Considine,M., Casendino,H., Tarpey,C.M., Jimenez-Hidalgo,I., Padilla-Gamino,J.L., King,T.L., Hauser,L., Rumrill,S. and Wood,C.L.",ACCEPTED_NAME,RECONCILED
OR228262.1,OR228262,536,DNA,linear,Polydora websteri,Polydora websteri,Polydora websteri,COX1,COI,mitochondrial_protein_coding,NORMALIZED,USA: Oregon,,,,,,,,False,NEO_14B_s20,,,,,taxon:1167209,"Infestation of cultivated Pacific oysters by shell-boring polychaetes along the US West Coast: prevalence is associated with season, culture method, and pH",Unpublished,"Martinelli,J.C., Considine,M., Casendino,H., Tarpey,C.M., Jimenez-Hidalgo,I., Padilla-Gamino,J.L., King,T.L., Hauser,L., Rumrill,S. and Wood,C.L.",ACCEPTED_NAME,RECONCILED
OR228261.1,OR228261,536,DNA,linear,Polydora websteri,Polydora websteri,Polydora websteri,COX1,COI,mitochondrial_protein_coding,NORMALIZED,USA: Oregon,,,,,,,,False,NEO_14A_s20,,,,,taxon:1167209,"Infestation of cultivated Pacific oysters by shell-boring polychaetes along the US West Coast: prevalence is associated with season, culture method, and pH",Unpublished,"Martinelli,J.C., Considine,M., Casendino,H., Tarpey,C.M., Jimenez-Hidalgo,I., Padilla-Gamino,J.L., King,T.L., Hauser,L., Rumrill,S. and Wood,C.L.",ACCEPTED_NAME,RECONCILED
OR228260.1,OR228260,536,DNA,linear,Polydora websteri,Polydora websteri,Polydora websteri,COX1,COI,mitochondrial_protein_coding,NORMALIZED,USA: Oregon,,,,,,,,False,NEO_11_s20,,,,,taxon:1167209,"Infestation of cultivated Pacific oysters by shell-boring polychaetes along the US West Coast: prevalence is associated with season, culture method, and pH",Unpublished,"Martinelli,J.C., Considine,M., Casendino,H., Tarpey,C.M., Jimenez-Hidalgo,I., Padilla-Gamino,J.L., King,T.L., Hauser,L., Rumrill,S. and Wood,C.L.",ACCEPTED_NAME,RECONCILED
OR228259.1,OR228259,536,DNA,linear,Polydora websteri,Polydora websteri,Polydora websteri,COX1,COI,mitochondrial_protein_coding,NORMALIZED,USA: Oregon,,,,,,,,False,NEO_10_s20,,,,,taxon:1167209,"Infestation of cultivated Pacific oysters by shell-boring polychaetes along the US West Coast: prevalence is associated with season, culture method, and pH",Unpublished,"Martinelli,J.C., Considine,M., Casendino,H., Tarpey,C.M., Jimenez-Hidalgo,I., Padilla-Gamino,J.L., King,T.L., Hauser,L., Rumrill,S. and Wood,C.L.",ACCEPTED_NAME,RECONCILED
OR228254.1,OR228254,536,DNA,linear,Polydora websteri,Polydora websteri,Polydora websteri,COX1,COI,mitochondrial_protein_coding,NORMALIZED,USA: Hawaii,,,,,,,,False,HI_19_w21,,,,,taxon:1167209,"Infestation of cultivated Pacific oysters by shell-boring polychaetes along the US West Coast: prevalence is associated with season, culture method, and pH",Unpublished,"Martinelli,J.C., Considine,M., Casendino,H., Tarpey,C.M., Jimenez-Hidalgo,I., Padilla-Gamino,J.L., King,T.L., Hauser,L., Rumrill,S. and Wood,C.L.",ACCEPTED_NAME,RECONCILED
OR228248.1,OR228248,536,DNA,linear,Polydora websteri,Polydora websteri,Polydora websteri,COX1,COI,mitochondrial_protein_coding,NORMALIZED,USA: California,,,,,,,,False,HBCA_64B_s20,,,,,taxon:1167209,"Infestation of cultivated Pacific oysters by shell-boring polychaetes along the US West Coast: prevalence is associated with season, culture method, and pH",Unpublished,"Martinelli,J.C., Considine,M., Casendino,H., Tarpey,C.M., Jimenez-Hidalgo,I., Padilla-Gamino,J.L., King,T.L., Hauser,L., Rumrill,S. and Wood,C.L.",ACCEPTED_NAME,RECONCILED
OR228247.1,OR228247,536,DNA,linear,Polydora websteri,Polydora websteri,Polydora websteri,COX1,COI,mitochondrial_protein_coding,NORMALIZED,USA: California,,,,,,,,False,HBCA_64A_s20,,,,,taxon:1167209,"Infestation of cultivated Pacific oysters by shell-boring polychaetes along the US West Coast: prevalence is associated with season, culture method, and pH",Unpublished,"Martinelli,J.C., Considine,M., Casendino,H., Tarpey,C.M., Jimenez-Hidalgo,I., Padilla-Gamino,J.L., King,T.L., Hauser,L., Rumrill,S. and Wood,C.L.",ACCEPTED_NAME,RECONCILED
OR228246.1,OR228246,536,DNA,linear,Polydora websteri,Polydora websteri,Polydora websteri,COX1,COI,mitochondrial_protein_coding,NORMALIZED,USA: California,,,,,,,,False,HBCA_1_s19,,,,,taxon:1167209,"Infestation of cultivated Pacific oysters by shell-boring polychaetes along the US West Coast: prevalence is associated with season, culture method, and pH",Unpublished,"Martinelli,J.C., Considine,M., Casendino,H., Tarpey,C.M., Jimenez-Hidalgo,I., Padilla-Gamino,J.L., King,T.L., Hauser,L., Rumrill,S. and Wood,C.L.",ACCEPTED_NAME,RECONCILED
OR430075.1,OR430075,306,DNA,linear,Polydora websteri,Polydora websteri,Polydora websteri,COX1,COI,mitochondrial_protein_coding,NORMALIZED,USA: Massachusetts,,,,30-May-2023,Andrew Davinack,Andrew Davinack,,False,BFC21,,,Black Fish Creek,,taxon:1167209,"Worms on the Cape: an integrative survey of polydorid infestation in wild and cultivated oysters (Crassostrea virginica) from Massachusetts, USA",Unpublished,"Davinack,A., Strong,M. and Brennessel,B.",ACCEPTED_NAME,RECONCILED
OR430074.1,OR430074,306,DNA,linear,Polydora websteri,Polydora websteri,Polydora websteri,COX1,COI,mitochondrial_protein_coding,NORMALIZED,USA: Massachusetts,,,,30-May-2023,Andrew Davinack,Andrew Davinack,,False,BFC12,,,Black Fish Creek,,taxon:1167209,"Worms on the Cape: an integrative survey of polydorid infestation in wild and cultivated oysters (Crassostrea virginica) from Massachusetts, USA",Unpublished,"Davinack,A., Strong,M. and Brennessel,B.",ACCEPTED_NAME,RECONCILED
OR430073.1,OR430073,306,DNA,linear,Polydora websteri,Polydora websteri,Polydora websteri,COX1,COI,mitochondrial_protein_coding,NORMALIZED,USA: Massachusetts,,,,30-May-2023,Andrew Davinack,Andrew Davinack,,False,BFC11,,,Black Fish Creek,,taxon:1167209,"Worms on the Cape: an integrative survey of polydorid infestation in wild and cultivated oysters (Crassostrea virginica) from Massachusetts, USA",Unpublished,"Davinack,A., Strong,M. and Brennessel,B.",ACCEPTED_NAME,RECONCILED
OR430072.1,OR430072,306,DNA,linear,Polydora websteri,Polydora websteri,Polydora websteri,COX1,COI,mitochondrial_protein_coding,NORMALIZED,USA: Massachusetts,,,,30-May-2023,Andrew Davinack,Andrew Davinack,,False,BFC20,,,Black Fish Creek,,taxon:1167209,"Worms on the Cape: an integrative survey of polydorid infestation in wild and cultivated oysters (Crassostrea virginica) from Massachusetts, USA",Unpublished,"Davinack,A., Strong,M. and Brennessel,B.",ACCEPTED_NAME,RECONCILED
OR430071.1,OR430071,306,DNA,linear,Polydora websteri,Polydora websteri,Polydora websteri,COX1,COI,mitochondrial_protein_coding,NORMALIZED,USA: Massachusetts,,,,30-May-2023,Andrew Davinack,Andrew Davinack,,False,BFC7,,,Black Fish Creek,,taxon:1167209,"Worms on the Cape: an integrative survey of polydorid infestation in wild and cultivated oysters (Crassostrea virginica) from Massachusetts, USA",Unpublished,"Davinack,A., Strong,M. and Brennessel,B.",ACCEPTED_NAME,RECONCILED
OR430070.1,OR430070,306,DNA,linear,Polydora websteri,Polydora websteri,Polydora websteri,COX1,COI,mitochondrial_protein_coding,NORMALIZED,USA: Massachusetts,,,,30-May-2023,Andrew Davinack,Andrew Davinack,,False,BFC1,,,Black Fish Creek,,taxon:1167209,"Worms on the Cape: an integrative survey of polydorid infestation in wild and cultivated oysters (Crassostrea virginica) from Massachusetts, USA",Unpublished,"Davinack,A., Strong,M. and Brennessel,B.",ACCEPTED_NAME,RECONCILED
OR430069.1,OR430069,306,DNA,linear,Polydora websteri,Polydora websteri,Polydora websteri,COX1,COI,mitochondrial_protein_coding,NORMALIZED,USA: Massachusetts,,,,30-May-2023,Andrew Davinack,Andrew Davinack,,False,MB11,,,Mayo Beach,,taxon:1167209,"Worms on the Cape: an integrative survey of polydorid infestation in wild and cultivated oysters (Crassostrea virginica) from Massachusetts, USA",Unpublished,"Davinack,A., Strong,M. and Brennessel,B.",ACCEPTED_NAME,RECONCILED
OR430068.1,OR430068,306,DNA,linear,Polydora websteri,Polydora websteri,Polydora websteri,COX1,COI,mitochondrial_protein_coding,NORMALIZED,USA: Massachusetts,,,,30-May-2023,Andrew Davinack,Andrew Davinack,,False,MB7,,,Mayo Beach,,taxon:1167209,"Worms on the Cape: an integrative survey of polydorid infestation in wild and cultivated oysters (Crassostrea virginica) from Massachusetts, USA",Unpublished,"Davinack,A., Strong,M. and Brennessel,B.",ACCEPTED_NAME,RECONCILED
OR430067.1,OR430067,306,DNA,linear,Polydora websteri,Polydora websteri,Polydora websteri,COX1,COI,mitochondrial_protein_coding,NORMALIZED,USA: Massachusetts,,,,30-May-2023,Andrew Davinack,Andrew Davinack,,False,MB20,,,Mayo Beach,,taxon:1167209,"Worms on the Cape: an integrative survey of polydorid infestation in wild and cultivated oysters (Crassostrea virginica) from Massachusetts, USA",Unpublished,"Davinack,A., Strong,M. and Brennessel,B.",ACCEPTED_NAME,RECONCILED
OR430066.1,OR430066,306,DNA,linear,Polydora websteri,Polydora websteri,Polydora websteri,COX1,COI,mitochondrial_protein_coding,NORMALIZED,USA: Massachusetts,,,,30-May-2023,Andrew Davinack,Andrew Davinack,,False,MB12,,,Mayo Beach,,taxon:1167209,"Worms on the Cape: an integrative survey of polydorid infestation in wild and cultivated oysters (Crassostrea virginica) from Massachusetts, USA",Unpublished,"Davinack,A., Strong,M. and Brennessel,B.",ACCEPTED_NAME,RECONCILED
OR430065.1,OR430065,306,DNA,linear,Polydora websteri,Polydora websteri,Polydora websteri,COX1,COI,mitochondrial_protein_coding,NORMALIZED,USA: Massachusetts,,,,30-May-2023,Andrew Davinack,Andrew Davinack,,False,MB8,,,Mayo Beach,,taxon:1167209,"Worms on the Cape: an integrative survey of polydorid infestation in wild and cultivated oysters (Crassostrea virginica) from Massachusetts, USA",Unpublished,"Davinack,A., Strong,M. and Brennessel,B.",ACCEPTED_NAME,RECONCILED
OR430064.1,OR430064,306,DNA,linear,Polydora websteri,Polydora websteri,Polydora websteri,COX1,COI,mitochondrial_protein_coding,NORMALIZED,USA: Massachusetts,,,,30-May-2023,Andrew Davinack,Andrew Davinack,,False,MB6,,,Mayo Beach,,taxon:1167209,"Worms on the Cape: an integrative survey of polydorid infestation in wild and cultivated oysters (Crassostrea virginica) from Massachusetts, USA",Unpublished,"Davinack,A., Strong,M. and Brennessel,B.",ACCEPTED_NAME,RECONCILED
OR430063.1,OR430063,306,DNA,linear,Polydora websteri,Polydora websteri,Polydora websteri,COX1,COI,mitochondrial_protein_coding,NORMALIZED,USA: Massachusetts,,,,30-May-2023,Andrew Davinack,Andrew Davinack,,False,HR6,,,Herring River,,taxon:1167209,"Worms on the Cape: an integrative survey of polydorid infestation in wild and cultivated oysters (Crassostrea virginica) from Massachusetts, USA",Unpublished,"Davinack,A., Strong,M. and Brennessel,B.",ACCEPTED_NAME,RECONCILED
OR430062.1,OR430062,306,DNA,linear,Polydora websteri,Polydora websteri,Polydora websteri,COX1,COI,mitochondrial_protein_coding,NORMALIZED,USA: Massachusetts,,,,30-May-2023,Andrew Davinack,Andrew Davinack,,False,HR5,,,Herring River,,taxon:1167209,"Worms on the Cape: an integrative survey of polydorid infestation in wild and cultivated oysters (Crassostrea virginica) from Massachusetts, USA",Unpublished,"Davinack,A., Strong,M. and Brennessel,B.",ACCEPTED_NAME,RECONCILED
OR430061.1,OR430061,306,DNA,linear,Polydora websteri,Polydora websteri,Polydora websteri,COX1,COI,mitochondrial_protein_coding,NORMALIZED,USA: Massachusetts,,,,30-May-2023,Andrew Davinack,Andrew Davinack,,False,HR4,,,Herring River,,taxon:1167209,"Worms on the Cape: an integrative survey of polydorid infestation in wild and cultivated oysters (Crassostrea virginica) from Massachusetts, USA",Unpublished,"Davinack,A., Strong,M. and Brennessel,B.",ACCEPTED_NAME,RECONCILED
OR430060.1,OR430060,306,DNA,linear,Polydora websteri,Polydora websteri,Polydora websteri,COX1,COI,mitochondrial_protein_coding,NORMALIZED,USA: Massachusetts,,,,30-May-2023,Andrew Davinack,Andrew Davinack,,False,HR3,,,Herring River,,taxon:1167209,"Worms on the Cape: an integrative survey of polydorid infestation in wild and cultivated oysters (Crassostrea virginica) from Massachusetts, USA",Unpublished,"Davinack,A., Strong,M. and Brennessel,B.",ACCEPTED_NAME,RECONCILED
OR430059.1,OR430059,306,DNA,linear,Polydora websteri,Polydora websteri,Polydora websteri,COX1,COI,mitochondrial_protein_coding,NORMALIZED,USA: Massachusetts,,,,30-May-2023,Andrew Davinack,Andrew Davinack,,False,HR2,,,Herring River,,taxon:1167209,"Worms on the Cape: an integrative survey of polydorid infestation in wild and cultivated oysters (Crassostrea virginica) from Massachusetts, USA",Unpublished,"Davinack,A., Strong,M. and Brennessel,B.",ACCEPTED_NAME,RECONCILED
OR430058.1,OR430058,306,DNA,linear,Polydora websteri,Polydora websteri,Polydora websteri,COX1,COI,mitochondrial_protein_coding,NORMALIZED,USA: Massachusetts,,,,30-May-2023,Andrew Davinack,Andrew Davinack,,False,HR1,,,Herring River,,taxon:1167209,"Worms on the Cape: an integrative survey of polydorid infestation in wild and cultivated oysters (Crassostrea virginica) from Massachusetts, USA",Unpublished,"Davinack,A., Strong,M. and Brennessel,B.",ACCEPTED_NAME,RECONCILED
OR335824.1,OR335824,326,DNA,linear,Polydora websteri,Polydora websteri,Polydora websteri,large subunit ribosomal RNA,,ribosomal_RNA,AMBIGUOUS,"Russia: Black Sea, North-east coast, Blue bay",,,,06-Aug-2020,Syomin Vitaliy,,bls1070,True,,,,,,taxon:1167209,"Phylogenetic position, morphological and genetic diversity of the invasive perforating polychaete Polydora websteri of the Azov-Black Sea region",Unpublished,"Ptushkin,M.",ACCEPTED_NAME,RECONCILED
OR335821.1,OR335821,298,DNA,linear,Polydora websteri,Polydora websteri,Polydora websteri,large subunit ribosomal RNA,,ribosomal_RNA,AMBIGUOUS,"Russia: Azov Sea,Taman Bay",,,,06-Apr-2021,Syomin Vitaliy,,bls1296,True,,,,,,taxon:1167209,"Phylogenetic position, morphological and genetic diversity of the invasive perforating polychaete Polydora websteri of the Azov-Black Sea region",Unpublished,"Ptushkin,M.",ACCEPTED_NAME,RECONCILED
OR335820.1,OR335820,684,DNA,linear,Polydora websteri,Polydora websteri,Polydora websteri,large subunit ribosomal RNA,,ribosomal_RNA,AMBIGUOUS,"Russia: Azov Sea, Kerch Strait",,,,30-Jan-2020,Syomin Vitaliy,,bls1089,True,,,,,,taxon:1167209,"Phylogenetic position, morphological and genetic diversity of the invasive perforating polychaete Polydora websteri of the Azov-Black Sea region",Unpublished,"Ptushkin,M.",ACCEPTED_NAME,RECONCILED
OR335819.1,OR335819,720,DNA,linear,Polydora websteri,Polydora websteri,Polydora websteri,large subunit ribosomal RNA,,ribosomal_RNA,AMBIGUOUS,"Russia: Azov Sea, Kerch Strait",,,,30-Jan-2020,Syomin Vitaliy,,bls1088,True,,,,,,taxon:1167209,"Phylogenetic position, morphological and genetic diversity of the invasive perforating polychaete Polydora websteri of the Azov-Black Sea region",Unpublished,"Ptushkin,M.",ACCEPTED_NAME,RECONCILED
OR335818.1,OR335818,688,DNA,linear,Polydora websteri,Polydora websteri,Polydora websteri,large subunit ribosomal RNA,,ribosomal_RNA,AMBIGUOUS,"Russia: Azov Sea, Kerch Strait",,,,30-Jan-2020,Syomin Vitaliy,,bls1086,True,,,,,,taxon:1167209,"Phylogenetic position, morphological and genetic diversity of the invasive perforating polychaete Polydora websteri of the Azov-Black Sea region",Unpublished,"Ptushkin,M.",ACCEPTED_NAME,RECONCILED
OR335817.1,OR335817,550,DNA,linear,Polydora websteri,Polydora websteri,Polydora websteri,large subunit ribosomal RNA,,ribosomal_RNA,AMBIGUOUS,"Russia: Azov Sea, Kerch Strait",,,,30-Jan-2020,Syomin Vitaliy,,bls1085,True,,,,,,taxon:1167209,"Phylogenetic position, morphological and genetic diversity of the invasive perforating polychaete Polydora websteri of the Azov-Black Sea region",Unpublished,"Ptushkin,M.",ACCEPTED_NAME,RECONCILED
OR335816.1,OR335816,685,DNA,linear,Polydora websteri,Polydora websteri,Polydora websteri,large subunit ribosomal RNA,,ribosomal_RNA,AMBIGUOUS,"Russia: Azov Sea, Kerch Strait",,,,30-Jan-2020,Syomin Vitaliy,,bls1084,True,,,,,,taxon:1167209,"Phylogenetic position, morphological and genetic diversity of the invasive perforating polychaete Polydora websteri of the Azov-Black Sea region",Unpublished,"Ptushkin,M.",ACCEPTED_NAME,RECONCILED
OR335815.1,OR335815,685,DNA,linear,Polydora websteri,Polydora websteri,Polydora websteri,large subunit ribosomal RNA,,ribosomal_RNA,AMBIGUOUS,"Russia: Azov Sea, Kerch Strait",,,,30-Jan-2020,Syomin Vitaliy,,bls1083,True,,,,,,taxon:1167209,"Phylogenetic position, morphological and genetic diversity of the invasive perforating polychaete Polydora websteri of the Azov-Black Sea region",Unpublished,"Ptushkin,M.",ACCEPTED_NAME,RECONCILED
OR335814.1,OR335814,685,DNA,linear,Polydora websteri,Polydora websteri,Polydora websteri,large subunit ribosomal RNA,,ribosomal_RNA,AMBIGUOUS,"Russia: Black Sea, North-east coast, Blue bay",,,,06-Aug-2020,Syomin Vitaliy,,bls1069,True,,,,,,taxon:1167209,"Phylogenetic position, morphological and genetic diversity of the invasive perforating polychaete Polydora websteri of the Azov-Black Sea region",Unpublished,"Ptushkin,M.",ACCEPTED_NAME,RECONCILED
OR304338.1,OR304338,594,DNA,linear,Polydora websteri,Polydora websteri,Polydora websteri,COX1,COI,mitochondrial_protein_coding,NORMALIZED,"Russia: Black Sea, North-east coast, Gelendjik bay",,,,21-Nov-2021,Kolyuchkina Galina,,bls1452,True,,,,,,taxon:1167209,"Phylogenetic position, morphological and genetic diversity of the invasive perforating polychaete Polydora websteri of the Azov-Black Sea region",Unpublished,"Ptushkin,M.",ACCEPTED_NAME,RECONCILED
OR304337.1,OR304337,612,DNA,linear,Polydora websteri,Polydora websteri,Polydora websteri,COX1,COI,mitochondrial_protein_coding,NORMALIZED,"Russia: Black Sea, North-east coast, Gelendjik bay",,,,21-Nov-2021,Kolyuchkina Galina,,bls1451,True,,,,,,taxon:1167209,"Phylogenetic position, morphological and genetic diversity of the invasive perforating polychaete Polydora websteri of the Azov-Black Sea region",Unpublished,"Ptushkin,M.",ACCEPTED_NAME,RECONCILED
OR304336.1,OR304336,620,DNA,linear,Polydora websteri,Polydora websteri,Polydora websteri,COX1,COI,mitochondrial_protein_coding,NORMALIZED,"Russia: Black Sea, North-east coast, Gelendjik bay",,,,21-Nov-2021,Kolyuchkina Galina,,bls1448,True,,,,,,taxon:1167209,"Phylogenetic position, morphological and genetic diversity of the invasive perforating polychaete Polydora websteri of the Azov-Black Sea region",Unpublished,"Ptushkin,M.",ACCEPTED_NAME,RECONCILED
OR304335.1,OR304335,600,DNA,linear,Polydora websteri,Polydora websteri,Polydora websteri,COX1,COI,mitochondrial_protein_coding,NORMALIZED,"Russia: Black Sea, North-east coast, Gelendjik bay",,,,21-Nov-2021,Kolyuchkina Galina,,bls1447,True,,,,,,taxon:1167209,"Phylogenetic position, morphological and genetic diversity of the invasive perforating polychaete Polydora websteri of the Azov-Black Sea region",Unpublished,"Ptushkin,M.",ACCEPTED_NAME,RECONCILED
OR304334.1,OR304334,613,DNA,linear,Polydora websteri,Polydora websteri,Polydora websteri,COX1,COI,mitochondrial_protein_coding,NORMALIZED,"Russia: Black Sea, North-east coast, Gelendjik bay",,,,21-Nov-2021,Kolyuchkina Galina,,bls1446,True,,,,,,taxon:1167209,"Phylogenetic position, morphological and genetic diversity of the invasive perforating polychaete Polydora websteri of the Azov-Black Sea region",Unpublished,"Ptushkin,M.",ACCEPTED_NAME,RECONCILED
OR304333.1,OR304333,606,DNA,linear,Polydora websteri,Polydora websteri,Polydora websteri,COX1,COI,mitochondrial_protein_coding,NORMALIZED,"Russia: Black Sea, North-east coast, Gelendjik bay",,,,21-Nov-2021,Kolyuchkina Galina,,bls1445,True,,,,,,taxon:1167209,"Phylogenetic position, morphological and genetic diversity of the invasive perforating polychaete Polydora websteri of the Azov-Black Sea region",Unpublished,"Ptushkin,M.",ACCEPTED_NAME,RECONCILED
OR304332.1,OR304332,601,DNA,linear,Polydora websteri,Polydora websteri,Polydora websteri,COX1,COI,mitochondrial_protein_coding,NORMALIZED,"Russia: Black Sea, North-east coast, Gelendjik bay",,,,21-Nov-2021,Kolyuchkina Galina,,bls1444,True,,,,,,taxon:1167209,"Phylogenetic position, morphological and genetic diversity of the invasive perforating polychaete Polydora websteri of the Azov-Black Sea region",Unpublished,"Ptushkin,M.",ACCEPTED_NAME,RECONCILED
OR304331.1,OR304331,628,DNA,linear,Polydora websteri,Polydora websteri,Polydora websteri,COX1,COI,mitochondrial_protein_coding,NORMALIZED,"Russia: Black Sea, North-east coast, Gelendjik bay",,,,21-Nov-2021,Kolyuchkina Galina,,bls1443,True,,,,,,taxon:1167209,"Phylogenetic position, morphological and genetic diversity of the invasive perforating polychaete Polydora websteri of the Azov-Black Sea region",Unpublished,"Ptushkin,M.",ACCEPTED_NAME,RECONCILED
OR304330.1,OR304330,628,DNA,linear,Polydora websteri,Polydora websteri,Polydora websteri,COX1,COI,mitochondrial_protein_coding,NORMALIZED,"Russia: Black Sea, North-east coast, Gelendjik bay",,,,21-Nov-2021,Kolyuchkina Galina,,bls1442,True,,,,,,taxon:1167209,"Phylogenetic position, morphological and genetic diversity of the invasive perforating polychaete Polydora websteri of the Azov-Black Sea region",Unpublished,"Ptushkin,M.",ACCEPTED_NAME,RECONCILED
OR304329.1,OR304329,609,DNA,linear,Polydora websteri,Polydora websteri,Polydora websteri,COX1,COI,mitochondrial_protein_coding,NORMALIZED,"Russia: Black Sea, North-east coast, Gelendjik bay",,,,21-Nov-2021,Kolyuchkina Galina,,bls1441,True,,,,,,taxon:1167209,"Phylogenetic position, morphological and genetic diversity of the invasive perforating polychaete Polydora websteri of the Azov-Black Sea region",Unpublished,"Ptushkin,M.",ACCEPTED_NAME,RECONCILED
OR304328.1,OR304328,594,DNA,linear,Polydora websteri,Polydora websteri,Polydora websteri,COX1,COI,mitochondrial_protein_coding,NORMALIZED,"Russia: Black Sea, North-east coast, Gelendjik bay",,,,21-Nov-2021,Kolyuchkina Galina,,bls1439,True,,,,,,taxon:1167209,"Phylogenetic position, morphological and genetic diversity of the invasive perforating polychaete Polydora websteri of the Azov-Black Sea region",Unpublished,"Ptushkin,M.",ACCEPTED_NAME,RECONCILED
OR304327.1,OR304327,614,DNA,linear,Polydora websteri,Polydora websteri,Polydora websteri,COX1,COI,mitochondrial_protein_coding,NORMALIZED,"Russia: Black Sea, North-east coast, Gelendjik bay",,,,21-Nov-2021,Kolyuchkina Galina,,bls1437,True,,,,,,taxon:1167209,"Phylogenetic position, morphological and genetic diversity of the invasive perforating polychaete Polydora websteri of the Azov-Black Sea region",Unpublished,"Ptushkin,M.",ACCEPTED_NAME,RECONCILED
OR304326.1,OR304326,628,DNA,linear,Polydora websteri,Polydora websteri,Polydora websteri,COX1,COI,mitochondrial_protein_coding,NORMALIZED,"Russia: Azov Sea, Kerch Strait",,,,30-Jan-2020,Syomin Vitaliy,,bls1095,True,,,,,,taxon:1167209,"Phylogenetic position, morphological and genetic diversity of the invasive perforating polychaete Polydora websteri of the Azov-Black Sea region",Unpublished,"Ptushkin,M.",ACCEPTED_NAME,RECONCILED
OR304325.1,OR304325,628,DNA,linear,Polydora websteri,Polydora websteri,Polydora websteri,COX1,COI,mitochondrial_protein_coding,NORMALIZED,"Russia: Azov Sea, Kerch Strait",,,,30-Jan-2020,Syomin Vitaliy,,bls1092,True,,,,,,taxon:1167209,"Phylogenetic position, morphological and genetic diversity of the invasive perforating polychaete Polydora websteri of the Azov-Black Sea region",Unpublished,"Ptushkin,M.",ACCEPTED_NAME,RECONCILED
OR304324.1,OR304324,628,DNA,linear,Polydora websteri,Polydora websteri,Polydora websteri,COX1,COI,mitochondrial_protein_coding,NORMALIZED,"Russia: Azov Sea, Kerch Strait",,,,30-Jan-2020,Syomin Vitaliy,,bls1091,True,,,,,,taxon:1167209,"Phylogenetic position, morphological and genetic diversity of the invasive perforating polychaete Polydora websteri of the Azov-Black Sea region",Unpublished,"Ptushkin,M.",ACCEPTED_NAME,RECONCILED
OR304323.1,OR304323,628,DNA,linear,Polydora websteri,Polydora websteri,Polydora websteri,COX1,COI,mitochondrial_protein_coding,NORMALIZED,"Russia: Azov Sea, Kerch Strait",,,,30-Jan-2020,Syomin Vitaliy,,bls1089,True,,,,,,taxon:1167209,"Phylogenetic position, morphological and genetic diversity of the invasive perforating polychaete Polydora websteri of the Azov-Black Sea region",Unpublished,"Ptushkin,M.",ACCEPTED_NAME,RECONCILED
OR304322.1,OR304322,628,DNA,linear,Polydora websteri,Polydora websteri,Polydora websteri,COX1,COI,mitochondrial_protein_coding,NORMALIZED,"Russia: Azov Sea, Kerch Strait",,,,30-Jan-2020,Syomin Vitaliy,,bls1088,True,,,,,,taxon:1167209,"Phylogenetic position, morphological and genetic diversity of the invasive perforating polychaete Polydora websteri of the Azov-Black Sea region",Unpublished,"Ptushkin,M.",ACCEPTED_NAME,RECONCILED
OR304321.1,OR304321,628,DNA,linear,Polydora websteri,Polydora websteri,Polydora websteri,COX1,COI,mitochondrial_protein_coding,NORMALIZED,"Russia: Azov Sea, Kerch Strait",,,,30-Jan-2020,Syomin Vitaliy,,bls1087,True,,,,,,taxon:1167209,"Phylogenetic position, morphological and genetic diversity of the invasive perforating polychaete Polydora websteri of the Azov-Black Sea region",Unpublished,"Ptushkin,M.",ACCEPTED_NAME,RECONCILED
OR304320.1,OR304320,628,DNA,linear,Polydora websteri,Polydora websteri,Polydora websteri,COX1,COI,mitochondrial_protein_coding,NORMALIZED,"Russia: Azov Sea, Kerch Strait",,,,30-Jan-2020,Syomin Vitaliy,,bls1086,True,,,,,,taxon:1167209,"Phylogenetic position, morphological and genetic diversity of the invasive perforating polychaete Polydora websteri of the Azov-Black Sea region",Unpublished,"Ptushkin,M.",ACCEPTED_NAME,RECONCILED
OR304319.1,OR304319,628,DNA,linear,Polydora websteri,Polydora websteri,Polydora websteri,COX1,COI,mitochondrial_protein_coding,NORMALIZED,"Russia: Azov Sea, Kerch Strait",,,,30-Jan-2020,Syomin Vitaliy,,bls1085,True,,,,,,taxon:1167209,"Phylogenetic position, morphological and genetic diversity of the invasive perforating polychaete Polydora websteri of the Azov-Black Sea region",Unpublished,"Ptushkin,M.",ACCEPTED_NAME,RECONCILED
OR304318.1,OR304318,596,DNA,linear,Polydora websteri,Polydora websteri,Polydora websteri,COX1,COI,mitochondrial_protein_coding,NORMALIZED,"Russia: Azov Sea, Kerch Strait",,,,30-Jan-2020,Syomin Vitaliy,,bls1084,True,,,,,,taxon:1167209,"Phylogenetic position, morphological and genetic diversity of the invasive perforating polychaete Polydora websteri of the Azov-Black Sea region",Unpublished,"Ptushkin,M.",ACCEPTED_NAME,RECONCILED
OR304317.1,OR304317,628,DNA,linear,Polydora websteri,Polydora websteri,Polydora websteri,COX1,COI,mitochondrial_protein_coding,NORMALIZED,"Russia: Azov Sea, Kerch Strait",,,,30-Jan-2020,Syomin Vitaliy,,bls1083,True,,,,,,taxon:1167209,"Phylogenetic position, morphological and genetic diversity of the invasive perforating polychaete Polydora websteri of the Azov-Black Sea region",Unpublished,"Ptushkin,M.",ACCEPTED_NAME,RECONCILED
OR304316.1,OR304316,628,DNA,linear,Polydora websteri,Polydora websteri,Polydora websteri,COX1,COI,mitochondrial_protein_coding,NORMALIZED,"Russia: Black Sea, North-east coast, Blue bay",,,,06-Aug-2020,Syomin Vitaliy,,bls1070,True,,,,,,taxon:1167209,"Phylogenetic position, morphological and genetic diversity of the invasive perforating polychaete Polydora websteri of the Azov-Black Sea region",Unpublished,"Ptushkin,M.",ACCEPTED_NAME,RECONCILED
OR304315.1,OR304315,617,DNA,linear,Polydora websteri,Polydora websteri,Polydora websteri,COX1,COI,mitochondrial_protein_coding,NORMALIZED,"Russia: Black Sea, North-east coast, Blue bay",,,,06-Aug-2020,Syomin Vitaliy,,bls1069,True,,,,,,taxon:1167209,"Phylogenetic position, morphological and genetic diversity of the invasive perforating polychaete Polydora websteri of the Azov-Black Sea region",Unpublished,"Ptushkin,M.",ACCEPTED_NAME,RECONCILED
OR304314.1,OR304314,628,DNA,linear,Polydora websteri,Polydora websteri,Polydora websteri,COX1,COI,mitochondrial_protein_coding,NORMALIZED,"Russia: Black Sea, North-east coast, Blue bay",,,,06-Aug-2020,Syomin Vitaliy,,bls1067,True,,,,,,taxon:1167209,"Phylogenetic position, morphological and genetic diversity of the invasive perforating polychaete Polydora websteri of the Azov-Black Sea region",Unpublished,"Ptushkin,M.",ACCEPTED_NAME,RECONCILED
OR224257.1,OR224257,524,DNA,linear,Polydora websteri,Polydora websteri,Polydora websteri,small subunit ribosomal RNA,,ribosomal_RNA,AMBIGUOUS,USA: Oregon,,,,,,,,False,WCO_7C_w20,,,,,taxon:1167209,"Infestation of cultivated Pacific oysters by shell-boring polychaetes along the US West Coast: prevalence is associated with season, culture method, and pH",Unpublished,"Martinelli,J.C., Considine,M., Casendino,H., Tarpey,C.M., Jimenez-Hidalgo,I., Padilla-Gamino,J.L., King,T.L., Hauser,L., Rumrill,S. and Wood,C.L.",ACCEPTED_NAME,RECONCILED
OR224256.1,OR224256,524,DNA,linear,Polydora websteri,Polydora websteri,Polydora websteri,small subunit ribosomal RNA,,ribosomal_RNA,AMBIGUOUS,USA: Oregon,,,,,,,,False,WCO_7B_w20,,,,,taxon:1167209,"Infestation of cultivated Pacific oysters by shell-boring polychaetes along the US West Coast: prevalence is associated with season, culture method, and pH",Unpublished,"Martinelli,J.C., Considine,M., Casendino,H., Tarpey,C.M., Jimenez-Hidalgo,I., Padilla-Gamino,J.L., King,T.L., Hauser,L., Rumrill,S. and Wood,C.L.",ACCEPTED_NAME,RECONCILED
OR224255.1,OR224255,524,DNA,linear,Polydora websteri,Polydora websteri,Polydora websteri,small subunit ribosomal RNA,,ribosomal_RNA,AMBIGUOUS,USA: Oregon,,,,,,,,False,WCO_7A_w20,,,,,taxon:1167209,"Infestation of cultivated Pacific oysters by shell-boring polychaetes along the US West Coast: prevalence is associated with season, culture method, and pH",Unpublished,"Martinelli,J.C., Considine,M., Casendino,H., Tarpey,C.M., Jimenez-Hidalgo,I., Padilla-Gamino,J.L., King,T.L., Hauser,L., Rumrill,S. and Wood,C.L.",ACCEPTED_NAME,RECONCILED
OR224253.1,OR224253,524,DNA,linear,Polydora websteri,Polydora websteri,Polydora websteri,small subunit ribosomal RNA,,ribosomal_RNA,AMBIGUOUS,USA: Oregon,,,,,,,,False,WCO_4L_w20,,,,,taxon:1167209,"Infestation of cultivated Pacific oysters by shell-boring polychaetes along the US West Coast: prevalence is associated with season, culture method, and pH",Unpublished,"Martinelli,J.C., Considine,M., Casendino,H., Tarpey,C.M., Jimenez-Hidalgo,I., Padilla-Gamino,J.L., King,T.L., Hauser,L., Rumrill,S. and Wood,C.L.",ACCEPTED_NAME,RECONCILED
OR224252.1,OR224252,524,DNA,linear,Polydora websteri,Polydora websteri,Polydora websteri,small subunit ribosomal RNA,,ribosomal_RNA,AMBIGUOUS,USA: Oregon,,,,,,,,False,WCO_4_s20,,,,,taxon:1167209,"Infestation of cultivated Pacific oysters by shell-boring polychaetes along the US West Coast: prevalence is associated with season, culture method, and pH",Unpublished,"Martinelli,J.C., Considine,M., Casendino,H., Tarpey,C.M., Jimenez-Hidalgo,I., Padilla-Gamino,J.L., King,T.L., Hauser,L., Rumrill,S. and Wood,C.L.",ACCEPTED_NAME,RECONCILED
OR224251.1,OR224251,524,DNA,linear,Polydora websteri,Polydora websteri,Polydora websteri,small subunit ribosomal RNA,,ribosomal_RNA,AMBIGUOUS,USA: Oregon,,,,,,,,False,WCO_23_w20,,,,,taxon:1167209,"Infestation of cultivated Pacific oysters by shell-boring polychaetes along the US West Coast: prevalence is associated with season, culture method, and pH",Unpublished,"Martinelli,J.C., Considine,M., Casendino,H., Tarpey,C.M., Jimenez-Hidalgo,I., Padilla-Gamino,J.L., King,T.L., Hauser,L., Rumrill,S. and Wood,C.L.",ACCEPTED_NAME,RECONCILED
OR224250.1,OR224250,524,DNA,linear,Polydora websteri,Polydora websteri,Polydora websteri,small subunit ribosomal RNA,,ribosomal_RNA,AMBIGUOUS,USA: Oregon,,,,,,,,False,WCO_22_s20,,,,,taxon:1167209,"Infestation of cultivated Pacific oysters by shell-boring polychaetes along the US West Coast: prevalence is associated with season, culture method, and pH",Unpublished,"Martinelli,J.C., Considine,M., Casendino,H., Tarpey,C.M., Jimenez-Hidalgo,I., Padilla-Gamino,J.L., King,T.L., Hauser,L., Rumrill,S. and Wood,C.L.",ACCEPTED_NAME,RECONCILED
OR224248.1,OR224248,524,DNA,linear,Polydora websteri,Polydora websteri,Polydora websteri,small subunit ribosomal RNA,,ribosomal_RNA,AMBIGUOUS,USA: Oregon,,,,,,,,False,WCO_19_s20,,,,,taxon:1167209,"Infestation of cultivated Pacific oysters by shell-boring polychaetes along the US West Coast: prevalence is associated with season, culture method, and pH",Unpublished,"Martinelli,J.C., Considine,M., Casendino,H., Tarpey,C.M., Jimenez-Hidalgo,I., Padilla-Gamino,J.L., King,T.L., Hauser,L., Rumrill,S. and Wood,C.L.",ACCEPTED_NAME,RECONCILED
OR224247.1,OR224247,524,DNA,linear,Polydora websteri,Polydora websteri,Polydora websteri,small subunit ribosomal RNA,,ribosomal_RNA,AMBIGUOUS,USA: Oregon,,,,,,,,False,WCO_18_s20,,,,,taxon:1167209,"Infestation of cultivated Pacific oysters by shell-boring polychaetes along the US West Coast: prevalence is associated with season, culture method, and pH",Unpublished,"Martinelli,J.C., Considine,M., Casendino,H., Tarpey,C.M., Jimenez-Hidalgo,I., Padilla-Gamino,J.L., King,T.L., Hauser,L., Rumrill,S. and Wood,C.L.",ACCEPTED_NAME,RECONCILED
OR224246.1,OR224246,524,DNA,linear,Polydora websteri,Polydora websteri,Polydora websteri,small subunit ribosomal RNA,,ribosomal_RNA,AMBIGUOUS,USA: Oregon,,,,,,,,False,WCO_16_s20,,,,,taxon:1167209,"Infestation of cultivated Pacific oysters by shell-boring polychaetes along the US West Coast: prevalence is associated with season, culture method, and pH",Unpublished,"Martinelli,J.C., Considine,M., Casendino,H., Tarpey,C.M., Jimenez-Hidalgo,I., Padilla-Gamino,J.L., King,T.L., Hauser,L., Rumrill,S. and Wood,C.L.",ACCEPTED_NAME,RECONCILED
OR224245.1,OR224245,524,DNA,linear,Polydora websteri,Polydora websteri,Polydora websteri,small subunit ribosomal RNA,,ribosomal_RNA,AMBIGUOUS,USA: Oregon,,,,,,,,False,WCO_13B_w20,,,,,taxon:1167209,"Infestation of cultivated Pacific oysters by shell-boring polychaetes along the US West Coast: prevalence is associated with season, culture method, and pH",Unpublished,"Martinelli,J.C., Considine,M., Casendino,H., Tarpey,C.M., Jimenez-Hidalgo,I., Padilla-Gamino,J.L., King,T.L., Hauser,L., Rumrill,S. and Wood,C.L.",ACCEPTED_NAME,RECONCILED
OR224244.1,OR224244,524,DNA,linear,Polydora websteri,Polydora websteri,Polydora websteri,small subunit ribosomal RNA,,ribosomal_RNA,AMBIGUOUS,USA: Oregon,,,,,,,,False,WCO_13_s20,,,,,taxon:1167209,"Infestation of cultivated Pacific oysters by shell-boring polychaetes along the US West Coast: prevalence is associated with season, culture method, and pH",Unpublished,"Martinelli,J.C., Considine,M., Casendino,H., Tarpey,C.M., Jimenez-Hidalgo,I., Padilla-Gamino,J.L., King,T.L., Hauser,L., Rumrill,S. and Wood,C.L.",ACCEPTED_NAME,RECONCILED
OR224243.1,OR224243,524,DNA,linear,Polydora websteri,Polydora websteri,Polydora websteri,small subunit ribosomal RNA,,ribosomal_RNA,AMBIGUOUS,USA: Oregon,,,,,,,,False,WCO_12C_s20,,,,,taxon:1167209,"Infestation of cultivated Pacific oysters by shell-boring polychaetes along the US West Coast: prevalence is associated with season, culture method, and pH",Unpublished,"Martinelli,J.C., Considine,M., Casendino,H., Tarpey,C.M., Jimenez-Hidalgo,I., Padilla-Gamino,J.L., King,T.L., Hauser,L., Rumrill,S. and Wood,C.L.",ACCEPTED_NAME,RECONCILED
OR224242.1,OR224242,524,DNA,linear,Polydora websteri,Polydora websteri,Polydora websteri,small subunit ribosomal RNA,,ribosomal_RNA,AMBIGUOUS,USA: Oregon,,,,,,,,False,WCO_12B_s20,,,,,taxon:1167209,"Infestation of cultivated Pacific oysters by shell-boring polychaetes along the US West Coast: prevalence is associated with season, culture method, and pH",Unpublished,"Martinelli,J.C., Considine,M., Casendino,H., Tarpey,C.M., Jimenez-Hidalgo,I., Padilla-Gamino,J.L., King,T.L., Hauser,L., Rumrill,S. and Wood,C.L.",ACCEPTED_NAME,RECONCILED
OR224241.1,OR224241,524,DNA,linear,Polydora websteri,Polydora websteri,Polydora websteri,small subunit ribosomal RNA,,ribosomal_RNA,AMBIGUOUS,USA: Oregon,,,,,,,,False,WCO_12A_s20,,,,,taxon:1167209,"Infestation of cultivated Pacific oysters by shell-boring polychaetes along the US West Coast: prevalence is associated with season, culture method, and pH",Unpublished,"Martinelli,J.C., Considine,M., Casendino,H., Tarpey,C.M., Jimenez-Hidalgo,I., Padilla-Gamino,J.L., King,T.L., Hauser,L., Rumrill,S. and Wood,C.L.",ACCEPTED_NAME,RECONCILED
OR224240.1,OR224240,524,DNA,linear,Polydora websteri,Polydora websteri,Polydora websteri,small subunit ribosomal RNA,,ribosomal_RNA,AMBIGUOUS,USA: Oregon,,,,,,,,False,WCO_10C_s20,,,,,taxon:1167209,"Infestation of cultivated Pacific oysters by shell-boring polychaetes along the US West Coast: prevalence is associated with season, culture method, and pH",Unpublished,"Martinelli,J.C., Considine,M., Casendino,H., Tarpey,C.M., Jimenez-Hidalgo,I., Padilla-Gamino,J.L., King,T.L., Hauser,L., Rumrill,S. and Wood,C.L.",ACCEPTED_NAME,RECONCILED
OR224239.1,OR224239,524,DNA,linear,Polydora websteri,Polydora websteri,Polydora websteri,small subunit ribosomal RNA,,ribosomal_RNA,AMBIGUOUS,USA: Oregon,,,,,,,,False,WCO_10B_s20,,,,,taxon:1167209,"Infestation of cultivated Pacific oysters by shell-boring polychaetes along the US West Coast: prevalence is associated with season, culture method, and pH",Unpublished,"Martinelli,J.C., Considine,M., Casendino,H., Tarpey,C.M., Jimenez-Hidalgo,I., Padilla-Gamino,J.L., King,T.L., Hauser,L., Rumrill,S. and Wood,C.L.",ACCEPTED_NAME,RECONCILED
OR224218.1,OR224218,524,DNA,linear,Polydora websteri,Polydora websteri,Polydora websteri,small subunit ribosomal RNA,,ribosomal_RNA,AMBIGUOUS,USA: Washington,,,,,,,,False,TNA_60_w20,,,,,taxon:1167209,"Infestation of cultivated Pacific oysters by shell-boring polychaetes along the US West Coast: prevalence is associated with season, culture method, and pH",Unpublished,"Martinelli,J.C., Considine,M., Casendino,H., Tarpey,C.M., Jimenez-Hidalgo,I., Padilla-Gamino,J.L., King,T.L., Hauser,L., Rumrill,S. and Wood,C.L.",ACCEPTED_NAME,RECONCILED
OR224203.1,OR224203,524,DNA,linear,Polydora websteri,Polydora websteri,Polydora websteri,small subunit ribosomal RNA,,ribosomal_RNA,AMBIGUOUS,USA: California,,,,,,,,False,TCA_6_s19,,,,,taxon:1167209,"Infestation of cultivated Pacific oysters by shell-boring polychaetes along the US West Coast: prevalence is associated with season, culture method, and pH",Unpublished,"Martinelli,J.C., Considine,M., Casendino,H., Tarpey,C.M., Jimenez-Hidalgo,I., Padilla-Gamino,J.L., King,T.L., Hauser,L., Rumrill,S. and Wood,C.L.",ACCEPTED_NAME,RECONCILED
OR224202.1,OR224202,524,DNA,linear,Polydora websteri,Polydora websteri,Polydora websteri,small subunit ribosomal RNA,,ribosomal_RNA,AMBIGUOUS,USA: California,,,,,,,,False,TCA_5_s19,,,,,taxon:1167209,"Infestation of cultivated Pacific oysters by shell-boring polychaetes along the US West Coast: prevalence is associated with season, culture method, and pH",Unpublished,"Martinelli,J.C., Considine,M., Casendino,H., Tarpey,C.M., Jimenez-Hidalgo,I., Padilla-Gamino,J.L., King,T.L., Hauser,L., Rumrill,S. and Wood,C.L.",ACCEPTED_NAME,RECONCILED
OR224201.1,OR224201,524,DNA,linear,Polydora websteri,Polydora websteri,Polydora websteri,small subunit ribosomal RNA,,ribosomal_RNA,AMBIGUOUS,USA: California,,,,,,,,False,TCA_4_s19,,,,,taxon:1167209,"Infestation of cultivated Pacific oysters by shell-boring polychaetes along the US West Coast: prevalence is associated with season, culture method, and pH",Unpublished,"Martinelli,J.C., Considine,M., Casendino,H., Tarpey,C.M., Jimenez-Hidalgo,I., Padilla-Gamino,J.L., King,T.L., Hauser,L., Rumrill,S. and Wood,C.L.",ACCEPTED_NAME,RECONCILED
OR224200.1,OR224200,524,DNA,linear,Polydora websteri,Polydora websteri,Polydora websteri,small subunit ribosomal RNA,,ribosomal_RNA,AMBIGUOUS,USA: California,,,,,,,,False,TCA_3_s19,,,,,taxon:1167209,"Infestation of cultivated Pacific oysters by shell-boring polychaetes along the US West Coast: prevalence is associated with season, culture method, and pH",Unpublished,"Martinelli,J.C., Considine,M., Casendino,H., Tarpey,C.M., Jimenez-Hidalgo,I., Padilla-Gamino,J.L., King,T.L., Hauser,L., Rumrill,S. and Wood,C.L.",ACCEPTED_NAME,RECONCILED
OR224199.1,OR224199,524,DNA,linear,Polydora websteri,Polydora websteri,Polydora websteri,small subunit ribosomal RNA,,ribosomal_RNA,AMBIGUOUS,USA: California,,,,,,,,False,TCA_2_s19,,,,,taxon:1167209,"Infestation of cultivated Pacific oysters by shell-boring polychaetes along the US West Coast: prevalence is associated with season, culture method, and pH",Unpublished,"Martinelli,J.C., Considine,M., Casendino,H., Tarpey,C.M., Jimenez-Hidalgo,I., Padilla-Gamino,J.L., King,T.L., Hauser,L., Rumrill,S. and Wood,C.L.",ACCEPTED_NAME,RECONCILED
OR224197.1,OR224197,524,DNA,linear,Polydora websteri,Polydora websteri,Polydora websteri,small subunit ribosomal RNA,,ribosomal_RNA,AMBIGUOUS,USA: California,,,,,,,,False,TCA_159_w21,,,,,taxon:1167209,"Infestation of cultivated Pacific oysters by shell-boring polychaetes along the US West Coast: prevalence is associated with season, culture method, and pH",Unpublished,"Martinelli,J.C., Considine,M., Casendino,H., Tarpey,C.M., Jimenez-Hidalgo,I., Padilla-Gamino,J.L., King,T.L., Hauser,L., Rumrill,S. and Wood,C.L.",ACCEPTED_NAME,RECONCILED
OR224196.1,OR224196,524,DNA,linear,Polydora websteri,Polydora websteri,Polydora websteri,small subunit ribosomal RNA,,ribosomal_RNA,AMBIGUOUS,USA: California,,,,,,,,False,TCA_15_w21,,,,,taxon:1167209,"Infestation of cultivated Pacific oysters by shell-boring polychaetes along the US West Coast: prevalence is associated with season, culture method, and pH",Unpublished,"Martinelli,J.C., Considine,M., Casendino,H., Tarpey,C.M., Jimenez-Hidalgo,I., Padilla-Gamino,J.L., King,T.L., Hauser,L., Rumrill,S. and Wood,C.L.",ACCEPTED_NAME,RECONCILED
OR224179.1,OR224179,524,DNA,linear,Polydora websteri,Polydora websteri,Polydora websteri,small subunit ribosomal RNA,,ribosomal_RNA,AMBIGUOUS,USA: Oregon,,,,,,,,False,NEO_9_s20,,,,,taxon:1167209,"Infestation of cultivated Pacific oysters by shell-boring polychaetes along the US West Coast: prevalence is associated with season, culture method, and pH",Unpublished,"Martinelli,J.C., Considine,M., Casendino,H., Tarpey,C.M., Jimenez-Hidalgo,I., Padilla-Gamino,J.L., King,T.L., Hauser,L., Rumrill,S. and Wood,C.L.",ACCEPTED_NAME,RECONCILED
OR224178.1,OR224178,524,DNA,linear,Polydora websteri,Polydora websteri,Polydora websteri,small subunit ribosomal RNA,,ribosomal_RNA,AMBIGUOUS,USA: Oregon,,,,,,,,False,NEO_8_s20,,,,,taxon:1167209,"Infestation of cultivated Pacific oysters by shell-boring polychaetes along the US West Coast: prevalence is associated with season, culture method, and pH",Unpublished,"Martinelli,J.C., Considine,M., Casendino,H., Tarpey,C.M., Jimenez-Hidalgo,I., Padilla-Gamino,J.L., King,T.L., Hauser,L., Rumrill,S. and Wood,C.L.",ACCEPTED_NAME,RECONCILED
OR224177.1,OR224177,524,DNA,linear,Polydora websteri,Polydora websteri,Polydora websteri,small subunit ribosomal RNA,,ribosomal_RNA,AMBIGUOUS,USA: Oregon,,,,,,,,False,NEO_7_w20,,,,,taxon:1167209,"Infestation of cultivated Pacific oysters by shell-boring polychaetes along the US West Coast: prevalence is associated with season, culture method, and pH",Unpublished,"Martinelli,J.C., Considine,M., Casendino,H., Tarpey,C.M., Jimenez-Hidalgo,I., Padilla-Gamino,J.L., King,T.L., Hauser,L., Rumrill,S. and Wood,C.L.",ACCEPTED_NAME,RECONCILED
OR224176.1,OR224176,524,DNA,linear,Polydora websteri,Polydora websteri,Polydora websteri,small subunit ribosomal RNA,,ribosomal_RNA,AMBIGUOUS,USA: Oregon,,,,,,,,False,NEO_6_w20,,,,,taxon:1167209,"Infestation of cultivated Pacific oysters by shell-boring polychaetes along the US West Coast: prevalence is associated with season, culture method, and pH",Unpublished,"Martinelli,J.C., Considine,M., Casendino,H., Tarpey,C.M., Jimenez-Hidalgo,I., Padilla-Gamino,J.L., King,T.L., Hauser,L., Rumrill,S. and Wood,C.L.",ACCEPTED_NAME,RECONCILED
OR224175.1,OR224175,524,DNA,linear,Polydora websteri,Polydora websteri,Polydora websteri,small subunit ribosomal RNA,,ribosomal_RNA,AMBIGUOUS,USA: Oregon,,,,,,,,False,NEO_6_s20,,,,,taxon:1167209,"Infestation of cultivated Pacific oysters by shell-boring polychaetes along the US West Coast: prevalence is associated with season, culture method, and pH",Unpublished,"Martinelli,J.C., Considine,M., Casendino,H., Tarpey,C.M., Jimenez-Hidalgo,I., Padilla-Gamino,J.L., King,T.L., Hauser,L., Rumrill,S. and Wood,C.L.",ACCEPTED_NAME,RECONCILED
OR224174.1,OR224174,524,DNA,linear,Polydora websteri,Polydora websteri,Polydora websteri,small subunit ribosomal RNA,,ribosomal_RNA,AMBIGUOUS,USA: Oregon,,,,,,,,False,NEO_5B_s20,,,,,taxon:1167209,"Infestation of cultivated Pacific oysters by shell-boring polychaetes along the US West Coast: prevalence is associated with season, culture method, and pH",Unpublished,"Martinelli,J.C., Considine,M., Casendino,H., Tarpey,C.M., Jimenez-Hidalgo,I., Padilla-Gamino,J.L., King,T.L., Hauser,L., Rumrill,S. and Wood,C.L.",ACCEPTED_NAME,RECONCILED
OR224173.1,OR224173,524,DNA,linear,Polydora websteri,Polydora websteri,Polydora websteri,small subunit ribosomal RNA,,ribosomal_RNA,AMBIGUOUS,USA: Oregon,,,,,,,,False,NEO_5A_s20,,,,,taxon:1167209,"Infestation of cultivated Pacific oysters by shell-boring polychaetes along the US West Coast: prevalence is associated with season, culture method, and pH",Unpublished,"Martinelli,J.C., Considine,M., Casendino,H., Tarpey,C.M., Jimenez-Hidalgo,I., Padilla-Gamino,J.L., King,T.L., Hauser,L., Rumrill,S. and Wood,C.L.",ACCEPTED_NAME,RECONCILED
OR224171.1,OR224171,524,DNA,linear,Polydora websteri,Polydora websteri,Polydora websteri,small subunit ribosomal RNA,,ribosomal_RNA,AMBIGUOUS,USA: Oregon,,,,,,,,False,NEO_4L_w20,,,,,taxon:1167209,"Infestation of cultivated Pacific oysters by shell-boring polychaetes along the US West Coast: prevalence is associated with season, culture method, and pH",Unpublished,"Martinelli,J.C., Considine,M., Casendino,H., Tarpey,C.M., Jimenez-Hidalgo,I., Padilla-Gamino,J.L., King,T.L., Hauser,L., Rumrill,S. and Wood,C.L.",ACCEPTED_NAME,RECONCILED
OR224169.1,OR224169,524,DNA,linear,Polydora websteri,Polydora websteri,Polydora websteri,small subunit ribosomal RNA,,ribosomal_RNA,AMBIGUOUS,USA: Oregon,,,,,,,,False,NEO_3R_w20,,,,,taxon:1167209,"Infestation of cultivated Pacific oysters by shell-boring polychaetes along the US West Coast: prevalence is associated with season, culture method, and pH",Unpublished,"Martinelli,J.C., Considine,M., Casendino,H., Tarpey,C.M., Jimenez-Hidalgo,I., Padilla-Gamino,J.L., King,T.L., Hauser,L., Rumrill,S. and Wood,C.L.",ACCEPTED_NAME,RECONCILED
OR224168.1,OR224168,524,DNA,linear,Polydora websteri,Polydora websteri,Polydora websteri,small subunit ribosomal RNA,,ribosomal_RNA,AMBIGUOUS,USA: Oregon,,,,,,,,False,NEO_3L_w20,,,,,taxon:1167209,"Infestation of cultivated Pacific oysters by shell-boring polychaetes along the US West Coast: prevalence is associated with season, culture method, and pH",Unpublished,"Martinelli,J.C., Considine,M., Casendino,H., Tarpey,C.M., Jimenez-Hidalgo,I., Padilla-Gamino,J.L., King,T.L., Hauser,L., Rumrill,S. and Wood,C.L.",ACCEPTED_NAME,RECONCILED
OR224167.1,OR224167,524,DNA,linear,Polydora websteri,Polydora websteri,Polydora websteri,small subunit ribosomal RNA,,ribosomal_RNA,AMBIGUOUS,USA: Oregon,,,,,,,,False,NEO_3A_s20,,,,,taxon:1167209,"Infestation of cultivated Pacific oysters by shell-boring polychaetes along the US West Coast: prevalence is associated with season, culture method, and pH",Unpublished,"Martinelli,J.C., Considine,M., Casendino,H., Tarpey,C.M., Jimenez-Hidalgo,I., Padilla-Gamino,J.L., King,T.L., Hauser,L., Rumrill,S. and Wood,C.L.",ACCEPTED_NAME,RECONCILED
OR224166.1,OR224166,524,DNA,linear,Polydora websteri,Polydora websteri,Polydora websteri,small subunit ribosomal RNA,,ribosomal_RNA,AMBIGUOUS,USA: Oregon,,,,,,,,False,NEO_25B_s20,,,,,taxon:1167209,"Infestation of cultivated Pacific oysters by shell-boring polychaetes along the US West Coast: prevalence is associated with season, culture method, and pH",Unpublished,"Martinelli,J.C., Considine,M., Casendino,H., Tarpey,C.M., Jimenez-Hidalgo,I., Padilla-Gamino,J.L., King,T.L., Hauser,L., Rumrill,S. and Wood,C.L.",ACCEPTED_NAME,RECONCILED
OR224165.1,OR224165,524,DNA,linear,Polydora websteri,Polydora websteri,Polydora websteri,small subunit ribosomal RNA,,ribosomal_RNA,AMBIGUOUS,USA: Oregon,,,,,,,,False,NEO_25A_s20,,,,,taxon:1167209,"Infestation of cultivated Pacific oysters by shell-boring polychaetes along the US West Coast: prevalence is associated with season, culture method, and pH",Unpublished,"Martinelli,J.C., Considine,M., Casendino,H., Tarpey,C.M., Jimenez-Hidalgo,I., Padilla-Gamino,J.L., King,T.L., Hauser,L., Rumrill,S. and Wood,C.L.",ACCEPTED_NAME,RECONCILED
OR224164.1,OR224164,524,DNA,linear,Polydora websteri,Polydora websteri,Polydora websteri,small subunit ribosomal RNA,,ribosomal_RNA,AMBIGUOUS,USA: Oregon,,,,,,,,False,NEO_24_s20,,,,,taxon:1167209,"Infestation of cultivated Pacific oysters by shell-boring polychaetes along the US West Coast: prevalence is associated with season, culture method, and pH",Unpublished,"Martinelli,J.C., Considine,M., Casendino,H., Tarpey,C.M., Jimenez-Hidalgo,I., Padilla-Gamino,J.L., King,T.L., Hauser,L., Rumrill,S. and Wood,C.L.",ACCEPTED_NAME,RECONCILED
OR224163.1,OR224163,523,DNA,linear,Polydora websteri,Polydora websteri,Polydora websteri,small subunit ribosomal RNA,,ribosomal_RNA,AMBIGUOUS,USA: Oregon,,,,,,,,False,NEO_22_w20,,,,,taxon:1167209,"Infestation of cultivated Pacific oysters by shell-boring polychaetes along the US West Coast: prevalence is associated with season, culture method, and pH",Unpublished,"Martinelli,J.C., Considine,M., Casendino,H., Tarpey,C.M., Jimenez-Hidalgo,I., Padilla-Gamino,J.L., King,T.L., Hauser,L., Rumrill,S. and Wood,C.L.",ACCEPTED_NAME,RECONCILED
OR224161.1,OR224161,524,DNA,linear,Polydora websteri,Polydora websteri,Polydora websteri,small subunit ribosomal RNA,,ribosomal_RNA,AMBIGUOUS,USA: Oregon,,,,,,,,False,NEO_20C_s20,,,,,taxon:1167209,"Infestation of cultivated Pacific oysters by shell-boring polychaetes along the US West Coast: prevalence is associated with season, culture method, and pH",Unpublished,"Martinelli,J.C., Considine,M., Casendino,H., Tarpey,C.M., Jimenez-Hidalgo,I., Padilla-Gamino,J.L., King,T.L., Hauser,L., Rumrill,S. and Wood,C.L.",ACCEPTED_NAME,RECONCILED
OR224160.1,OR224160,524,DNA,linear,Polydora websteri,Polydora websteri,Polydora websteri,small subunit ribosomal RNA,,ribosomal_RNA,AMBIGUOUS,USA: Oregon,,,,,,,,False,NEO_20B_s20,,,,,taxon:1167209,"Infestation of cultivated Pacific oysters by shell-boring polychaetes along the US West Coast: prevalence is associated with season, culture method, and pH",Unpublished,"Martinelli,J.C., Considine,M., Casendino,H., Tarpey,C.M., Jimenez-Hidalgo,I., Padilla-Gamino,J.L., King,T.L., Hauser,L., Rumrill,S. and Wood,C.L.",ACCEPTED_NAME,RECONCILED
OR224159.1,OR224159,524,DNA,linear,Polydora websteri,Polydora websteri,Polydora websteri,small subunit ribosomal RNA,,ribosomal_RNA,AMBIGUOUS,USA: Oregon,,,,,,,,False,NEO_20A_s20,,,,,taxon:1167209,"Infestation of cultivated Pacific oysters by shell-boring polychaetes along the US West Coast: prevalence is associated with season, culture method, and pH",Unpublished,"Martinelli,J.C., Considine,M., Casendino,H., Tarpey,C.M., Jimenez-Hidalgo,I., Padilla-Gamino,J.L., King,T.L., Hauser,L., Rumrill,S. and Wood,C.L.",ACCEPTED_NAME,RECONCILED
OR224157.1,OR224157,524,DNA,linear,Polydora websteri,Polydora websteri,Polydora websteri,small subunit ribosomal RNA,,ribosomal_RNA,AMBIGUOUS,USA: Oregon,,,,,,,,False,NEO_17_w20,,,,,taxon:1167209,"Infestation of cultivated Pacific oysters by shell-boring polychaetes along the US West Coast: prevalence is associated with season, culture method, and pH",Unpublished,"Martinelli,J.C., Considine,M., Casendino,H., Tarpey,C.M., Jimenez-Hidalgo,I., Padilla-Gamino,J.L., King,T.L., Hauser,L., Rumrill,S. and Wood,C.L.",ACCEPTED_NAME,RECONCILED
OR224155.1,OR224155,524,DNA,linear,Polydora websteri,Polydora websteri,Polydora websteri,small subunit ribosomal RNA,,ribosomal_RNA,AMBIGUOUS,USA: Oregon,,,,,,,,False,NEO_14B_s20,,,,,taxon:1167209,"Infestation of cultivated Pacific oysters by shell-boring polychaetes along the US West Coast: prevalence is associated with season, culture method, and pH",Unpublished,"Martinelli,J.C., Considine,M., Casendino,H., Tarpey,C.M., Jimenez-Hidalgo,I., Padilla-Gamino,J.L., King,T.L., Hauser,L., Rumrill,S. and Wood,C.L.",ACCEPTED_NAME,RECONCILED
OR224154.1,OR224154,524,DNA,linear,Polydora websteri,Polydora websteri,Polydora websteri,small subunit ribosomal RNA,,ribosomal_RNA,AMBIGUOUS,USA: Oregon,,,,,,,,False,NEO_14A_s20,,,,,taxon:1167209,"Infestation of cultivated Pacific oysters by shell-boring polychaetes along the US West Coast: prevalence is associated with season, culture method, and pH",Unpublished,"Martinelli,J.C., Considine,M., Casendino,H., Tarpey,C.M., Jimenez-Hidalgo,I., Padilla-Gamino,J.L., King,T.L., Hauser,L., Rumrill,S. and Wood,C.L.",ACCEPTED_NAME,RECONCILED
OR224153.1,OR224153,524,DNA,linear,Polydora websteri,Polydora websteri,Polydora websteri,small subunit ribosomal RNA,,ribosomal_RNA,AMBIGUOUS,USA: Oregon,,,,,,,,False,NEO_11_s20,,,,,taxon:1167209,"Infestation of cultivated Pacific oysters by shell-boring polychaetes along the US West Coast: prevalence is associated with season, culture method, and pH",Unpublished,"Martinelli,J.C., Considine,M., Casendino,H., Tarpey,C.M., Jimenez-Hidalgo,I., Padilla-Gamino,J.L., King,T.L., Hauser,L., Rumrill,S. and Wood,C.L.",ACCEPTED_NAME,RECONCILED
OR224151.1,OR224151,524,DNA,linear,Polydora websteri,Polydora websteri,Polydora websteri,small subunit ribosomal RNA,,ribosomal_RNA,AMBIGUOUS,USA: Oregon,,,,,,,,False,NEO_10_s20,,,,,taxon:1167209,"Infestation of cultivated Pacific oysters by shell-boring polychaetes along the US West Coast: prevalence is associated with season, culture method, and pH",Unpublished,"Martinelli,J.C., Considine,M., Casendino,H., Tarpey,C.M., Jimenez-Hidalgo,I., Padilla-Gamino,J.L., King,T.L., Hauser,L., Rumrill,S. and Wood,C.L.",ACCEPTED_NAME,RECONCILED
OR224134.1,OR224134,524,DNA,linear,Polydora websteri,Polydora websteri,Polydora websteri,small subunit ribosomal RNA,,ribosomal_RNA,AMBIGUOUS,USA: Hawaii,,,,,,,,False,HI_25_w21,,,,,taxon:1167209,"Infestation of cultivated Pacific oysters by shell-boring polychaetes along the US West Coast: prevalence is associated with season, culture method, and pH",Unpublished,"Martinelli,J.C., Considine,M., Casendino,H., Tarpey,C.M., Jimenez-Hidalgo,I., Padilla-Gamino,J.L., King,T.L., Hauser,L., Rumrill,S. and Wood,C.L.",ACCEPTED_NAME,RECONCILED
OR224133.1,OR224133,524,DNA,linear,Polydora websteri,Polydora websteri,Polydora websteri,small subunit ribosomal RNA,,ribosomal_RNA,AMBIGUOUS,USA: Hawaii,,,,,,,,False,HI_24_w21,,,,,taxon:1167209,"Infestation of cultivated Pacific oysters by shell-boring polychaetes along the US West Coast: prevalence is associated with season, culture method, and pH",Unpublished,"Martinelli,J.C., Considine,M., Casendino,H., Tarpey,C.M., Jimenez-Hidalgo,I., Padilla-Gamino,J.L., King,T.L., Hauser,L., Rumrill,S. and Wood,C.L.",ACCEPTED_NAME,RECONCILED
OR224132.1,OR224132,524,DNA,linear,Polydora websteri,Polydora websteri,Polydora websteri,small subunit ribosomal RNA,,ribosomal_RNA,AMBIGUOUS,USA: Hawaii,,,,,,,,False,HI_23_w21,,,,,taxon:1167209,"Infestation of cultivated Pacific oysters by shell-boring polychaetes along the US West Coast: prevalence is associated with season, culture method, and pH",Unpublished,"Martinelli,J.C., Considine,M., Casendino,H., Tarpey,C.M., Jimenez-Hidalgo,I., Padilla-Gamino,J.L., King,T.L., Hauser,L., Rumrill,S. and Wood,C.L.",ACCEPTED_NAME,RECONCILED
OR224131.1,OR224131,524,DNA,linear,Polydora websteri,Polydora websteri,Polydora websteri,small subunit ribosomal RNA,,ribosomal_RNA,AMBIGUOUS,USA: Hawaii,,,,,,,,False,HI_22_w21,,,,,taxon:1167209,"Infestation of cultivated Pacific oysters by shell-boring polychaetes along the US West Coast: prevalence is associated with season, culture method, and pH",Unpublished,"Martinelli,J.C., Considine,M., Casendino,H., Tarpey,C.M., Jimenez-Hidalgo,I., Padilla-Gamino,J.L., King,T.L., Hauser,L., Rumrill,S. and Wood,C.L.",ACCEPTED_NAME,RECONCILED
OR224130.1,OR224130,524,DNA,linear,Polydora websteri,Polydora websteri,Polydora websteri,small subunit ribosomal RNA,,ribosomal_RNA,AMBIGUOUS,USA: Hawaii,,,,,,,,False,HI_19_w21,,,,,taxon:1167209,"Infestation of cultivated Pacific oysters by shell-boring polychaetes along the US West Coast: prevalence is associated with season, culture method, and pH",Unpublished,"Martinelli,J.C., Considine,M., Casendino,H., Tarpey,C.M., Jimenez-Hidalgo,I., Padilla-Gamino,J.L., King,T.L., Hauser,L., Rumrill,S. and Wood,C.L.",ACCEPTED_NAME,RECONCILED
OR224129.1,OR224129,524,DNA,linear,Polydora websteri,Polydora websteri,Polydora websteri,small subunit ribosomal RNA,,ribosomal_RNA,AMBIGUOUS,USA: Hawaii,,,,,,,,False,HI_17_w21,,,,,taxon:1167209,"Infestation of cultivated Pacific oysters by shell-boring polychaetes along the US West Coast: prevalence is associated with season, culture method, and pH",Unpublished,"Martinelli,J.C., Considine,M., Casendino,H., Tarpey,C.M., Jimenez-Hidalgo,I., Padilla-Gamino,J.L., King,T.L., Hauser,L., Rumrill,S. and Wood,C.L.",ACCEPTED_NAME,RECONCILED
OR224128.1,OR224128,524,DNA,linear,Polydora websteri,Polydora websteri,Polydora websteri,small subunit ribosomal RNA,,ribosomal_RNA,AMBIGUOUS,USA: Hawaii,,,,,,,,False,HI_16_21w,,,,,taxon:1167209,"Infestation of cultivated Pacific oysters by shell-boring polychaetes along the US West Coast: prevalence is associated with season, culture method, and pH",Unpublished,"Martinelli,J.C., Considine,M., Casendino,H., Tarpey,C.M., Jimenez-Hidalgo,I., Padilla-Gamino,J.L., King,T.L., Hauser,L., Rumrill,S. and Wood,C.L.",ACCEPTED_NAME,RECONCILED
OR224111.1,OR224111,524,DNA,linear,Polydora websteri,Polydora websteri,Polydora websteri,small subunit ribosomal RNA,,ribosomal_RNA,AMBIGUOUS,USA: California,,,,,,,,False,HBCA_64B_s20,,,,,taxon:1167209,"Infestation of cultivated Pacific oysters by shell-boring polychaetes along the US West Coast: prevalence is associated with season, culture method, and pH",Unpublished,"Martinelli,J.C., Considine,M., Casendino,H., Tarpey,C.M., Jimenez-Hidalgo,I., Padilla-Gamino,J.L., King,T.L., Hauser,L., Rumrill,S. and Wood,C.L.",ACCEPTED_NAME,RECONCILED
OR224110.1,OR224110,524,DNA,linear,Polydora websteri,Polydora websteri,Polydora websteri,small subunit ribosomal RNA,,ribosomal_RNA,AMBIGUOUS,USA: California,,,,,,,,False,HBCA_64A_s20,,,,,taxon:1167209,"Infestation of cultivated Pacific oysters by shell-boring polychaetes along the US West Coast: prevalence is associated with season, culture method, and pH",Unpublished,"Martinelli,J.C., Considine,M., Casendino,H., Tarpey,C.M., Jimenez-Hidalgo,I., Padilla-Gamino,J.L., King,T.L., Hauser,L., Rumrill,S. and Wood,C.L.",ACCEPTED_NAME,RECONCILED
OR224109.1,OR224109,524,DNA,linear,Polydora websteri,Polydora websteri,Polydora websteri,small subunit ribosomal RNA,,ribosomal_RNA,AMBIGUOUS,USA: California,,,,,,,,False,HBCA_1_s19,,,,,taxon:1167209,"Infestation of cultivated Pacific oysters by shell-boring polychaetes along the US West Coast: prevalence is associated with season, culture method, and pH",Unpublished,"Martinelli,J.C., Considine,M., Casendino,H., Tarpey,C.M., Jimenez-Hidalgo,I., Padilla-Gamino,J.L., King,T.L., Hauser,L., Rumrill,S. and Wood,C.L.",ACCEPTED_NAME,RECONCILED
OR124968.1,OR124968,447,DNA,linear,Polydora websteri,Polydora websteri,Polydora websteri,large subunit ribosomal RNA,,ribosomal_RNA,AMBIGUOUS,"Russia: Azov Sea, Kerch Strait",,,,30-Jan-2020,Syomin Vitaliy,,bls1096,True,,,,,,taxon:1167209,"Phylogenetic position, morphological and genetic diversity of the invasive perforating polychaete Polydora websteri of the Azov-Black Sea region",Unpublished,"Ptushkin,M.",ACCEPTED_NAME,RECONCILED
OR124967.1,OR124967,445,DNA,linear,Polydora websteri,Polydora websteri,Polydora websteri,large subunit ribosomal RNA,,ribosomal_RNA,AMBIGUOUS,"Russia: Azov Sea, Kerch Strait",,,,30-Jan-2020,Syomin Vitaliy,,bls1095,True,,,,,,taxon:1167209,"Phylogenetic position, morphological and genetic diversity of the invasive perforating polychaete Polydora websteri of the Azov-Black Sea region",Unpublished,"Ptushkin,M.",ACCEPTED_NAME,RECONCILED
OR124966.1,OR124966,432,DNA,linear,Polydora websteri,Polydora websteri,Polydora websteri,large subunit ribosomal RNA,,ribosomal_RNA,AMBIGUOUS,"Russia: Azov Sea, Kerch Strait",,,,30-Jan-2020,Syomin Vitaliy,,bls1094,True,,,,,,taxon:1167209,"Phylogenetic position, morphological and genetic diversity of the invasive perforating polychaete Polydora websteri of the Azov-Black Sea region",Unpublished,"Ptushkin,M.",ACCEPTED_NAME,RECONCILED
OR124965.1,OR124965,431,DNA,linear,Polydora websteri,Polydora websteri,Polydora websteri,large subunit ribosomal RNA,,ribosomal_RNA,AMBIGUOUS,"Russia: Azov Sea, Kerch Strait",,,,30-Jan-2020,Syomin Vitaliy,,bls1092,True,,,,,,taxon:1167209,"Phylogenetic position, morphological and genetic diversity of the invasive perforating polychaete Polydora websteri of the Azov-Black Sea region",Unpublished,"Ptushkin,M.",ACCEPTED_NAME,RECONCILED
OR124964.1,OR124964,432,DNA,linear,Polydora websteri,Polydora websteri,Polydora websteri,large subunit ribosomal RNA,,ribosomal_RNA,AMBIGUOUS,"Russia: Azov Sea, Kerch Strait",,,,30-Jan-2020,Syomin Vitaliy,,bls1091,True,,,,,,taxon:1167209,"Phylogenetic position, morphological and genetic diversity of the invasive perforating polychaete Polydora websteri of the Azov-Black Sea region",Unpublished,"Ptushkin,M.",ACCEPTED_NAME,RECONCILED
OR124963.1,OR124963,446,DNA,linear,Polydora websteri,Polydora websteri,Polydora websteri,large subunit ribosomal RNA,,ribosomal_RNA,AMBIGUOUS,"Russia: Azov Sea, Kerch Strait",,,,30-Jan-2020,Syomin Vitaliy,,bls1090,True,,,,,,taxon:1167209,"Phylogenetic position, morphological and genetic diversity of the invasive perforating polychaete Polydora websteri of the Azov-Black Sea region",Unpublished,"Ptushkin,M.",ACCEPTED_NAME,RECONCILED
OR124962.1,OR124962,445,DNA,linear,Polydora websteri,Polydora websteri,Polydora websteri,large subunit ribosomal RNA,,ribosomal_RNA,AMBIGUOUS,"Russia: Azov Sea, Kerch Strait",,,,30-Jan-2020,Syomin Vitaliy,,bls1089,True,,,,,,taxon:1167209,"Phylogenetic position, morphological and genetic diversity of the invasive perforating polychaete Polydora websteri of the Azov-Black Sea region",Unpublished,"Ptushkin,M.",ACCEPTED_NAME,RECONCILED
OR124961.1,OR124961,441,DNA,linear,Polydora websteri,Polydora websteri,Polydora websteri,large subunit ribosomal RNA,,ribosomal_RNA,AMBIGUOUS,"Russia: Azov Sea, Kerch Strait",,,,30-Jan-2020,Syomin Vitaliy,,bls1088,True,,,,,,taxon:1167209,"Phylogenetic position, morphological and genetic diversity of the invasive perforating polychaete Polydora websteri of the Azov-Black Sea region",Unpublished,"Ptushkin,M.",ACCEPTED_NAME,RECONCILED
OR124960.1,OR124960,449,DNA,linear,Polydora websteri,Polydora websteri,Polydora websteri,large subunit ribosomal RNA,,ribosomal_RNA,AMBIGUOUS,"Russia: Azov Sea, Kerch Strait",,,,30-Jan-2020,Syomin Vitaliy,,bls1087,True,,,,,,taxon:1167209,"Phylogenetic position, morphological and genetic diversity of the invasive perforating polychaete Polydora websteri of the Azov-Black Sea region",Unpublished,"Ptushkin,M.",ACCEPTED_NAME,RECONCILED
OR124959.1,OR124959,448,DNA,linear,Polydora websteri,Polydora websteri,Polydora websteri,large subunit ribosomal RNA,,ribosomal_RNA,AMBIGUOUS,"Russia: Azov Sea, Kerch Strait",,,,30-Jan-2020,Syomin Vitaliy,,bls1085,True,,,,,,taxon:1167209,"Phylogenetic position, morphological and genetic diversity of the invasive perforating polychaete Polydora websteri of the Azov-Black Sea region",Unpublished,"Ptushkin,M.",ACCEPTED_NAME,RECONCILED
OR124958.1,OR124958,446,DNA,linear,Polydora websteri,Polydora websteri,Polydora websteri,large subunit ribosomal RNA,,ribosomal_RNA,AMBIGUOUS,"Russia: Azov Sea, Kerch Strait",,,,30-Jan-2020,Syomin Vitaliy,,bls1084,True,,,,,,taxon:1167209,"Phylogenetic position, morphological and genetic diversity of the invasive perforating polychaete Polydora websteri of the Azov-Black Sea region",Unpublished,"Ptushkin,M.",ACCEPTED_NAME,RECONCILED
OR124957.1,OR124957,448,DNA,linear,Polydora websteri,Polydora websteri,Polydora websteri,large subunit ribosomal RNA,,ribosomal_RNA,AMBIGUOUS,"Russia: Black Sea, North-east coast, Blue bay",,,,06-Aug-2020,Syomin Vitaliy,,bls1070,True,,,,,,taxon:1167209,"Phylogenetic position, morphological and genetic diversity of the invasive perforating polychaete Polydora websteri of the Azov-Black Sea region",Unpublished,"Ptushkin,M.",ACCEPTED_NAME,RECONCILED
OR124956.1,OR124956,444,DNA,linear,Polydora websteri,Polydora websteri,Polydora websteri,large subunit ribosomal RNA,,ribosomal_RNA,AMBIGUOUS,"Russia: Black Sea, North-east coast, Blue bay",,,,06-Aug-2020,Syomin Vitaliy,,bls1069,True,,,,,,taxon:1167209,"Phylogenetic position, morphological and genetic diversity of the invasive perforating polychaete Polydora websteri of the Azov-Black Sea region",Unpublished,"Ptushkin,M.",ACCEPTED_NAME,RECONCILED
OR124955.1,OR124955,448,DNA,linear,Polydora websteri,Polydora websteri,Polydora websteri,large subunit ribosomal RNA,,ribosomal_RNA,AMBIGUOUS,"Russia: Black Sea, North-east coast, Blue bay",,,,06-Aug-2020,Syomin Vitaliy,,bls1067,True,,,,,,taxon:1167209,"Phylogenetic position, morphological and genetic diversity of the invasive perforating polychaete Polydora websteri of the Azov-Black Sea region",Unpublished,"Ptushkin,M.",ACCEPTED_NAME,RECONCILED
OR124952.1,OR124952,468,DNA,linear,Polydora websteri,Polydora websteri,Polydora websteri,large subunit ribosomal RNA,,ribosomal_RNA,AMBIGUOUS,"Russia: Black Sea, North-east coast, Gelendjik bay",,,,21-Nov-2021,Kolyuchkina Galina,,bls1445,True,,,,,,taxon:1167209,"Phylogenetic position, morphological and genetic diversity of the invasive perforating polychaete Polydora websteri of the Azov-Black Sea region",Unpublished,"Ptushkin,M.",ACCEPTED_NAME,RECONCILED
OR124951.1,OR124951,468,DNA,linear,Polydora websteri,Polydora websteri,Polydora websteri,large subunit ribosomal RNA,,ribosomal_RNA,AMBIGUOUS,"Russia: Black Sea, North-east coast, Gelendjik bay",,,,21-Nov-2021,Kolyuchkina Galina,,bls1444,True,,,,,,taxon:1167209,"Phylogenetic position, morphological and genetic diversity of the invasive perforating polychaete Polydora websteri of the Azov-Black Sea region",Unpublished,"Ptushkin,M.",ACCEPTED_NAME,RECONCILED
OR124950.1,OR124950,430,DNA,linear,Polydora websteri,Polydora websteri,Polydora websteri,large subunit ribosomal RNA,,ribosomal_RNA,AMBIGUOUS,"Russia: Black Sea, North-east coast, Gelendjik bay",,,,21-Nov-2021,Kolyuchkina Galina,,bls1443,True,,,,,,taxon:1167209,"Phylogenetic position, morphological and genetic diversity of the invasive perforating polychaete Polydora websteri of the Azov-Black Sea region",Unpublished,"Ptushkin,M.",ACCEPTED_NAME,RECONCILED
OR124949.1,OR124949,468,DNA,linear,Polydora websteri,Polydora websteri,Polydora websteri,large subunit ribosomal RNA,,ribosomal_RNA,AMBIGUOUS,"Russia: Black Sea, North-east coast, Gelendjik bay",,,,21-Nov-2021,Kolyuchkina Galina,,bls1442,True,,,,,,taxon:1167209,"Phylogenetic position, morphological and genetic diversity of the invasive perforating polychaete Polydora websteri of the Azov-Black Sea region",Unpublished,"Ptushkin,M.",ACCEPTED_NAME,RECONCILED
OR124948.1,OR124948,468,DNA,linear,Polydora websteri,Polydora websteri,Polydora websteri,large subunit ribosomal RNA,,ribosomal_RNA,AMBIGUOUS,"Russia: Black Sea, North-east coast, Gelendjik bay",,,,21-Nov-2021,Kolyuchkina Galina,,bls1441,True,,,,,,taxon:1167209,"Phylogenetic position, morphological and genetic diversity of the invasive perforating polychaete Polydora websteri of the Azov-Black Sea region",Unpublished,"Ptushkin,M.",ACCEPTED_NAME,RECONCILED
OR124947.1,OR124947,468,DNA,linear,Polydora websteri,Polydora websteri,Polydora websteri,large subunit ribosomal RNA,,ribosomal_RNA,AMBIGUOUS,"Russia: Black Sea, North-east coast, Gelendjik bay",,,,21-Nov-2021,Kolyuchkina Galina,,bls1440,True,,,,,,taxon:1167209,"Phylogenetic position, morphological and genetic diversity of the invasive perforating polychaete Polydora websteri of the Azov-Black Sea region",Unpublished,"Ptushkin,M.",ACCEPTED_NAME,RECONCILED
OR124946.1,OR124946,445,DNA,linear,Polydora websteri,Polydora websteri,Polydora websteri,large subunit ribosomal RNA,,ribosomal_RNA,AMBIGUOUS,"Russia: Black Sea, North-east coast, Gelendjik bay",,,,21-Nov-2021,Kolyuchkina Galina,,bls1439,True,,,,,,taxon:1167209,"Phylogenetic position, morphological and genetic diversity of the invasive perforating polychaete Polydora websteri of the Azov-Black Sea region",Unpublished,"Ptushkin,M.",ACCEPTED_NAME,RECONCILED
OR124945.1,OR124945,468,DNA,linear,Polydora websteri,Polydora websteri,Polydora websteri,large subunit ribosomal RNA,,ribosomal_RNA,AMBIGUOUS,"Russia: Black Sea, North-east coast, Gelendjik bay",,,,21-Nov-2021,Kolyuchkina Galina,,bls1438,True,,,,,,taxon:1167209,"Phylogenetic position, morphological and genetic diversity of the invasive perforating polychaete Polydora websteri of the Azov-Black Sea region",Unpublished,"Ptushkin,M.",ACCEPTED_NAME,RECONCILED
OR122985.1,OR122985,909,DNA,linear,Polydora websteri,Polydora websteri,Polydora websteri,small subunit ribosomal RNA,,ribosomal_RNA,AMBIGUOUS,"Russia: Azov Sea, Kerch Strait",,,,30-Jan-2020,Syomin Vitaliy,,bls1088,True,,,,,,taxon:1167209,Direct Submission,"Submitted (12-JUN-2023) Laboratory of Ecology of Coastal Bottom Communities, Shirshov Institute of Oceanology, RAS, Nakhimovsky Prospekt, 36, Moscow 117997, Russia","Ptushkin,M. and Moskalenko,V.",ACCEPTED_NAME,RECONCILED
OR122984.1,OR122984,917,DNA,linear,Polydora websteri,Polydora websteri,Polydora websteri,small subunit ribosomal RNA,,ribosomal_RNA,AMBIGUOUS,"Russia: Azov Sea, Kerch Strait",,,,30-Jan-2020,Syomin Vitaliy,,bls1087,True,,,,,,taxon:1167209,Direct Submission,"Submitted (12-JUN-2023) Laboratory of Ecology of Coastal Bottom Communities, Shirshov Institute of Oceanology, RAS, Nakhimovsky Prospekt, 36, Moscow 117997, Russia","Ptushkin,M. and Moskalenko,V.",ACCEPTED_NAME,RECONCILED
OR122983.1,OR122983,866,DNA,linear,Polydora websteri,Polydora websteri,Polydora websteri,small subunit ribosomal RNA,,ribosomal_RNA,AMBIGUOUS,"Russia: Azov Sea, Kerch Strait",,,,30-Jan-2020,Syomin Vitaliy,,bls1086,True,,,,,,taxon:1167209,Direct Submission,"Submitted (12-JUN-2023) Laboratory of Ecology of Coastal Bottom Communities, Shirshov Institute of Oceanology, RAS, Nakhimovsky Prospekt, 36, Moscow 117997, Russia","Ptushkin,M. and Moskalenko,V.",ACCEPTED_NAME,RECONCILED
OR122982.1,OR122982,727,DNA,linear,Polydora websteri,Polydora websteri,Polydora websteri,small subunit ribosomal RNA,,ribosomal_RNA,AMBIGUOUS,"Russia: Azov Sea, Kerch Strait",,,,30-Jan-2020,Syomin Vitaliy,,bls1085,True,,,,,,taxon:1167209,Direct Submission,"Submitted (12-JUN-2023) Laboratory of Ecology of Coastal Bottom Communities, Shirshov Institute of Oceanology, RAS, Nakhimovsky Prospekt, 36, Moscow 117997, Russia","Ptushkin,M. and Moskalenko,V.",ACCEPTED_NAME,RECONCILED
OR122981.1,OR122981,725,DNA,linear,Polydora websteri,Polydora websteri,Polydora websteri,small subunit ribosomal RNA,,ribosomal_RNA,AMBIGUOUS,"Russia: Azov Sea, Kerch Strait",,,,30-Jan-2020,Syomin Vitaliy,,bls1084,True,,,,,,taxon:1167209,Direct Submission,"Submitted (12-JUN-2023) Laboratory of Ecology of Coastal Bottom Communities, Shirshov Institute of Oceanology, RAS, Nakhimovsky Prospekt, 36, Moscow 117997, Russia","Ptushkin,M. and Moskalenko,V.",ACCEPTED_NAME,RECONCILED
OR122980.1,OR122980,726,DNA,linear,Polydora websteri,Polydora websteri,Polydora websteri,small subunit ribosomal RNA,,ribosomal_RNA,AMBIGUOUS,"Russia: Black Sea, North-east coast, Blue bay",,,,06-Aug-2020,Syomin Vitaliy,,bls1070,True,,,,,,taxon:1167209,Direct Submission,"Submitted (12-JUN-2023) Laboratory of Ecology of Coastal Bottom Communities, Shirshov Institute of Oceanology, RAS, Nakhimovsky Prospekt, 36, Moscow 117997, Russia","Ptushkin,M. and Moskalenko,V.",ACCEPTED_NAME,RECONCILED
OR122979.1,OR122979,909,DNA,linear,Polydora websteri,Polydora websteri,Polydora websteri,small subunit ribosomal RNA,,ribosomal_RNA,AMBIGUOUS,"Russia: Black Sea, North-east coast, Blue bay",,,,06-Aug-2020,Syomin Vitaliy,,bls1069,True,,,,,,taxon:1167209,Direct Submission,"Submitted (12-JUN-2023) Laboratory of Ecology of Coastal Bottom Communities, Shirshov Institute of Oceanology, RAS, Nakhimovsky Prospekt, 36, Moscow 117997, Russia","Ptushkin,M. and Moskalenko,V.",ACCEPTED_NAME,RECONCILED
OR122978.1,OR122978,856,DNA,linear,Polydora websteri,Polydora websteri,Polydora websteri,small subunit ribosomal RNA,,ribosomal_RNA,AMBIGUOUS,"Russia: Black Sea, North-east coast, Blue bay",,,,06-Aug-2020,Syomin Vitaliy,,bls1068,True,,,,,,taxon:1167209,Direct Submission,"Submitted (12-JUN-2023) Laboratory of Ecology of Coastal Bottom Communities, Shirshov Institute of Oceanology, RAS, Nakhimovsky Prospekt, 36, Moscow 117997, Russia","Ptushkin,M. and Moskalenko,V.",ACCEPTED_NAME,RECONCILED
OR122977.1,OR122977,927,DNA,linear,Polydora websteri,Polydora websteri,Polydora websteri,small subunit ribosomal RNA,,ribosomal_RNA,AMBIGUOUS,"Russia: Black Sea, North-east coast, Blue bay",,,,06-Aug-2020,Syomin Vitaliy,,bls1067,True,,,,,,taxon:1167209,Direct Submission,"Submitted (12-JUN-2023) Laboratory of Ecology of Coastal Bottom Communities, Shirshov Institute of Oceanology, RAS, Nakhimovsky Prospekt, 36, Moscow 117997, Russia","Ptushkin,M. and Moskalenko,V.",ACCEPTED_NAME,RECONCILED
MW316633.1,MW316633,17673,DNA,linear,Polydora websteri,Polydora websteri,Polydora websteri,UNVERIFIED: Polydora websteri mitochondrion sequence,,unknown,UNRESOLVED,,,,,,,,,False,,,,,,taxon:1167209,Mitochondrial genomes of two Polydora (Spionidae) species provide further evidence that mitochondrial architecture in the Sedentaria (Annelida) is not conserved,"Sci Rep 11 (1), 13552 (2021)","Ye,L., Yao,T., Lu,J., Jiang,J. and Bai,C.",ACCEPTED_NAME,RECONCILED
MT880107.1,MT880107,367,DNA,linear,Polydora websteri,Polydora websteri,Polydora websteri,cytb,CytB,mitochondrial_protein_coding,NORMALIZED,South Africa: Kleinzee,,,,Nov-2012,Carol Simon,,,False,KL7,,,farmed oyster shell,,taxon:1167209,Worming its way in-Polydora websteri (Annelida: Spionidae) increases the number of non-indigenous shell-boring polydorin pests of cultured molluscs in South Africa,"Zootaxa 4969 (2), 255279 (2021)","Rodewald,N., Snyman,R. and Simon,C.A.",ACCEPTED_NAME,RECONCILED
MT880106.1,MT880106,367,DNA,linear,Polydora websteri,Polydora websteri,Polydora websteri,cytb,CytB,mitochondrial_protein_coding,NORMALIZED,South Africa: Kleinzee,,,,Nov-2012,Carol Simon,,,False,KL6,,,farmed oyster shell,,taxon:1167209,Worming its way in-Polydora websteri (Annelida: Spionidae) increases the number of non-indigenous shell-boring polydorin pests of cultured molluscs in South Africa,"Zootaxa 4969 (2), 255279 (2021)","Rodewald,N., Snyman,R. and Simon,C.A.",ACCEPTED_NAME,RECONCILED
MT880105.1,MT880105,367,DNA,linear,Polydora websteri,Polydora websteri,Polydora websteri,cytb,CytB,mitochondrial_protein_coding,NORMALIZED,South Africa: Kleinzee,,,,Nov-2012,Carol Simon,,,False,KL5,,,farmed oyster shell,,taxon:1167209,Worming its way in-Polydora websteri (Annelida: Spionidae) increases the number of non-indigenous shell-boring polydorin pests of cultured molluscs in South Africa,"Zootaxa 4969 (2), 255279 (2021)","Rodewald,N., Snyman,R. and Simon,C.A.",ACCEPTED_NAME,RECONCILED
MT880104.1,MT880104,367,DNA,linear,Polydora websteri,Polydora websteri,Polydora websteri,cytb,CytB,mitochondrial_protein_coding,NORMALIZED,South Africa: Kleinzee,,,,Nov-2012,Carol Simon,,,False,KL4,,,farmed oyster shell,,taxon:1167209,Worming its way in-Polydora websteri (Annelida: Spionidae) increases the number of non-indigenous shell-boring polydorin pests of cultured molluscs in South Africa,"Zootaxa 4969 (2), 255279 (2021)","Rodewald,N., Snyman,R. and Simon,C.A.",ACCEPTED_NAME,RECONCILED
MT880103.1,MT880103,367,DNA,linear,Polydora websteri,Polydora websteri,Polydora websteri,cytb,CytB,mitochondrial_protein_coding,NORMALIZED,South Africa: Kleinzee,,,,Nov-2012,Carol Simon,,,False,KL3,,,farmed oyster shell,,taxon:1167209,Worming its way in-Polydora websteri (Annelida: Spionidae) increases the number of non-indigenous shell-boring polydorin pests of cultured molluscs in South Africa,"Zootaxa 4969 (2), 255279 (2021)","Rodewald,N., Snyman,R. and Simon,C.A.",ACCEPTED_NAME,RECONCILED
MT880102.1,MT880102,367,DNA,linear,Polydora websteri,Polydora websteri,Polydora websteri,cytb,CytB,mitochondrial_protein_coding,NORMALIZED,South Africa: Kleinzee,,,,Nov-2012,Carol Simon,,,False,KL2,,,farmed oyster shell,,taxon:1167209,Worming its way in-Polydora websteri (Annelida: Spionidae) increases the number of non-indigenous shell-boring polydorin pests of cultured molluscs in South Africa,"Zootaxa 4969 (2), 255279 (2021)","Rodewald,N., Snyman,R. and Simon,C.A.",ACCEPTED_NAME,RECONCILED
MT880101.1,MT880101,367,DNA,linear,Polydora websteri,Polydora websteri,Polydora websteri,cytb,CytB,mitochondrial_protein_coding,NORMALIZED,South Africa: Kleinzee,,,,Nov-2012,Carol Simon,,,False,KL1,,,farmed oyster shell,,taxon:1167209,Worming its way in-Polydora websteri (Annelida: Spionidae) increases the number of non-indigenous shell-boring polydorin pests of cultured molluscs in South Africa,"Zootaxa 4969 (2), 255279 (2021)","Rodewald,N., Snyman,R. and Simon,C.A.",ACCEPTED_NAME,RECONCILED
MT880100.1,MT880100,367,DNA,linear,Polydora websteri,Polydora websteri,Polydora websteri,cytb,CytB,mitochondrial_protein_coding,NORMALIZED,South Africa: Algoa Bay,,,,Aug-2017,Carol Simon,,,False,PE26,,,farmed oyster shell,,taxon:1167209,Worming its way in-Polydora websteri (Annelida: Spionidae) increases the number of non-indigenous shell-boring polydorin pests of cultured molluscs in South Africa,"Zootaxa 4969 (2), 255279 (2021)","Rodewald,N., Snyman,R. and Simon,C.A.",ACCEPTED_NAME,RECONCILED
MT880099.1,MT880099,367,DNA,linear,Polydora websteri,Polydora websteri,Polydora websteri,cytb,CytB,mitochondrial_protein_coding,NORMALIZED,South Africa: Algoa Bay,,,,Aug-2017,Carol Simon,,,False,PE25,,,farmed oyster shell,,taxon:1167209,Worming its way in-Polydora websteri (Annelida: Spionidae) increases the number of non-indigenous shell-boring polydorin pests of cultured molluscs in South Africa,"Zootaxa 4969 (2), 255279 (2021)","Rodewald,N., Snyman,R. and Simon,C.A.",ACCEPTED_NAME,RECONCILED
MT880098.1,MT880098,367,DNA,linear,Polydora websteri,Polydora websteri,Polydora websteri,cytb,CytB,mitochondrial_protein_coding,NORMALIZED,South Africa: Algoa Bay,,,,Aug-2017,Carol Simon,,,False,PE24,,,farmed oyster shell,,taxon:1167209,Worming its way in-Polydora websteri (Annelida: Spionidae) increases the number of non-indigenous shell-boring polydorin pests of cultured molluscs in South Africa,"Zootaxa 4969 (2), 255279 (2021)","Rodewald,N., Snyman,R. and Simon,C.A.",ACCEPTED_NAME,RECONCILED
MT880097.1,MT880097,367,DNA,linear,Polydora websteri,Polydora websteri,Polydora websteri,cytb,CytB,mitochondrial_protein_coding,NORMALIZED,South Africa: Algoa Bay,,,,Aug-2017,Carol Simon,,,False,PE23,,,farmed oyster shell,,taxon:1167209,Worming its way in-Polydora websteri (Annelida: Spionidae) increases the number of non-indigenous shell-boring polydorin pests of cultured molluscs in South Africa,"Zootaxa 4969 (2), 255279 (2021)","Rodewald,N., Snyman,R. and Simon,C.A.",ACCEPTED_NAME,RECONCILED
MT880096.1,MT880096,367,DNA,linear,Polydora websteri,Polydora websteri,Polydora websteri,cytb,CytB,mitochondrial_protein_coding,NORMALIZED,South Africa: Algoa Bay,,,,Aug-2017,Carol Simon,,,False,PE22,,,farmed oyster shell,,taxon:1167209,Worming its way in-Polydora websteri (Annelida: Spionidae) increases the number of non-indigenous shell-boring polydorin pests of cultured molluscs in South Africa,"Zootaxa 4969 (2), 255279 (2021)","Rodewald,N., Snyman,R. and Simon,C.A.",ACCEPTED_NAME,RECONCILED
MT880095.1,MT880095,367,DNA,linear,Polydora websteri,Polydora websteri,Polydora websteri,cytb,CytB,mitochondrial_protein_coding,NORMALIZED,South Africa: Algoa Bay,,,,Aug-2017,Carol Simon,,,False,PE21,,,farmed oyster shell,,taxon:1167209,Worming its way in-Polydora websteri (Annelida: Spionidae) increases the number of non-indigenous shell-boring polydorin pests of cultured molluscs in South Africa,"Zootaxa 4969 (2), 255279 (2021)","Rodewald,N., Snyman,R. and Simon,C.A.",ACCEPTED_NAME,RECONCILED
MT880094.1,MT880094,367,DNA,linear,Polydora websteri,Polydora websteri,Polydora websteri,cytb,CytB,mitochondrial_protein_coding,NORMALIZED,South Africa: Algoa Bay,,,,Aug-2017,Carol Simon,,,False,PE20,,,farmed oyster shell,,taxon:1167209,Worming its way in-Polydora websteri (Annelida: Spionidae) increases the number of non-indigenous shell-boring polydorin pests of cultured molluscs in South Africa,"Zootaxa 4969 (2), 255279 (2021)","Rodewald,N., Snyman,R. and Simon,C.A.",ACCEPTED_NAME,RECONCILED
MT880093.1,MT880093,367,DNA,linear,Polydora websteri,Polydora websteri,Polydora websteri,cytb,CytB,mitochondrial_protein_coding,NORMALIZED,South Africa: Algoa Bay,,,,Aug-2017,Carol Simon,,,False,PE19,,,farmed oyster shell,,taxon:1167209,Worming its way in-Polydora websteri (Annelida: Spionidae) increases the number of non-indigenous shell-boring polydorin pests of cultured molluscs in South Africa,"Zootaxa 4969 (2), 255279 (2021)","Rodewald,N., Snyman,R. and Simon,C.A.",ACCEPTED_NAME,RECONCILED
MT880092.1,MT880092,367,DNA,linear,Polydora websteri,Polydora websteri,Polydora websteri,cytb,CytB,mitochondrial_protein_coding,NORMALIZED,South Africa: Algoa Bay,,,,Aug-2017,Carol Simon,,,False,PE18,,,farmed oyster shell,,taxon:1167209,Worming its way in-Polydora websteri (Annelida: Spionidae) increases the number of non-indigenous shell-boring polydorin pests of cultured molluscs in South Africa,"Zootaxa 4969 (2), 255279 (2021)","Rodewald,N., Snyman,R. and Simon,C.A.",ACCEPTED_NAME,RECONCILED
MT880091.1,MT880091,367,DNA,linear,Polydora websteri,Polydora websteri,Polydora websteri,cytb,CytB,mitochondrial_protein_coding,NORMALIZED,South Africa: Algoa Bay,,,,Aug-2017,Carol Simon,,,False,PE17,,,farmed oyster shell,,taxon:1167209,Worming its way in-Polydora websteri (Annelida: Spionidae) increases the number of non-indigenous shell-boring polydorin pests of cultured molluscs in South Africa,"Zootaxa 4969 (2), 255279 (2021)","Rodewald,N., Snyman,R. and Simon,C.A.",ACCEPTED_NAME,RECONCILED
MT880090.1,MT880090,367,DNA,linear,Polydora websteri,Polydora websteri,Polydora websteri,cytb,CytB,mitochondrial_protein_coding,NORMALIZED,South Africa: Algoa Bay,,,,Aug-2017,Carol Simon,,,False,PE16,,,farmed oyster shell,,taxon:1167209,Worming its way in-Polydora websteri (Annelida: Spionidae) increases the number of non-indigenous shell-boring polydorin pests of cultured molluscs in South Africa,"Zootaxa 4969 (2), 255279 (2021)","Rodewald,N., Snyman,R. and Simon,C.A.",ACCEPTED_NAME,RECONCILED
MT880089.1,MT880089,367,DNA,linear,Polydora websteri,Polydora websteri,Polydora websteri,cytb,CytB,mitochondrial_protein_coding,NORMALIZED,South Africa: Algoa Bay,,,,Aug-2017,Carol Simon,,,False,PE15,,,farmed oyster shell,,taxon:1167209,Worming its way in-Polydora websteri (Annelida: Spionidae) increases the number of non-indigenous shell-boring polydorin pests of cultured molluscs in South Africa,"Zootaxa 4969 (2), 255279 (2021)","Rodewald,N., Snyman,R. and Simon,C.A.",ACCEPTED_NAME,RECONCILED
MT880088.1,MT880088,367,DNA,linear,Polydora websteri,Polydora websteri,Polydora websteri,cytb,CytB,mitochondrial_protein_coding,NORMALIZED,South Africa: Algoa Bay,,,,Aug-2017,Carol Simon,,,False,PE14,,,farmed oyster shell,,taxon:1167209,Worming its way in-Polydora websteri (Annelida: Spionidae) increases the number of non-indigenous shell-boring polydorin pests of cultured molluscs in South Africa,"Zootaxa 4969 (2), 255279 (2021)","Rodewald,N., Snyman,R. and Simon,C.A.",ACCEPTED_NAME,RECONCILED
MT880087.1,MT880087,367,DNA,linear,Polydora websteri,Polydora websteri,Polydora websteri,cytb,CytB,mitochondrial_protein_coding,NORMALIZED,South Africa: Algoa Bay,,,,Aug-2017,Carol Simon,,,False,PE13,,,farmed oyster shell,,taxon:1167209,Worming its way in-Polydora websteri (Annelida: Spionidae) increases the number of non-indigenous shell-boring polydorin pests of cultured molluscs in South Africa,"Zootaxa 4969 (2), 255279 (2021)","Rodewald,N., Snyman,R. and Simon,C.A.",ACCEPTED_NAME,RECONCILED
MT880086.1,MT880086,367,DNA,linear,Polydora websteri,Polydora websteri,Polydora websteri,cytb,CytB,mitochondrial_protein_coding,NORMALIZED,South Africa: Algoa Bay,,,,Aug-2017,Carol Simon,,,False,PE12,,,farmed oyster shell,,taxon:1167209,Worming its way in-Polydora websteri (Annelida: Spionidae) increases the number of non-indigenous shell-boring polydorin pests of cultured molluscs in South Africa,"Zootaxa 4969 (2), 255279 (2021)","Rodewald,N., Snyman,R. and Simon,C.A.",ACCEPTED_NAME,RECONCILED
MT880085.1,MT880085,367,DNA,linear,Polydora websteri,Polydora websteri,Polydora websteri,cytb,CytB,mitochondrial_protein_coding,NORMALIZED,South Africa: Algoa Bay,,,,Aug-2017,Carol Simon,,,False,PE11,,,farmed oyster shell,,taxon:1167209,Worming its way in-Polydora websteri (Annelida: Spionidae) increases the number of non-indigenous shell-boring polydorin pests of cultured molluscs in South Africa,"Zootaxa 4969 (2), 255279 (2021)","Rodewald,N., Snyman,R. and Simon,C.A.",ACCEPTED_NAME,RECONCILED
MT880084.1,MT880084,367,DNA,linear,Polydora websteri,Polydora websteri,Polydora websteri,cytb,CytB,mitochondrial_protein_coding,NORMALIZED,South Africa: Algoa Bay,,,,Aug-2017,Carol Simon,,,False,PE10,,,farmed oyster shell,,taxon:1167209,Worming its way in-Polydora websteri (Annelida: Spionidae) increases the number of non-indigenous shell-boring polydorin pests of cultured molluscs in South Africa,"Zootaxa 4969 (2), 255279 (2021)","Rodewald,N., Snyman,R. and Simon,C.A.",ACCEPTED_NAME,RECONCILED
MT880083.1,MT880083,367,DNA,linear,Polydora websteri,Polydora websteri,Polydora websteri,cytb,CytB,mitochondrial_protein_coding,NORMALIZED,South Africa: Algoa Bay,,,,Aug-2017,Carol Simon,,,False,PE9,,,farmed oyster shell,,taxon:1167209,Worming its way in-Polydora websteri (Annelida: Spionidae) increases the number of non-indigenous shell-boring polydorin pests of cultured molluscs in South Africa,"Zootaxa 4969 (2), 255279 (2021)","Rodewald,N., Snyman,R. and Simon,C.A.",ACCEPTED_NAME,RECONCILED
MT880082.1,MT880082,367,DNA,linear,Polydora websteri,Polydora websteri,Polydora websteri,cytb,CytB,mitochondrial_protein_coding,NORMALIZED,South Africa: Algoa Bay,,,,Aug-2017,Carol Simon,,,False,PE8,,,farmed oyster shell,,taxon:1167209,Worming its way in-Polydora websteri (Annelida: Spionidae) increases the number of non-indigenous shell-boring polydorin pests of cultured molluscs in South Africa,"Zootaxa 4969 (2), 255279 (2021)","Rodewald,N., Snyman,R. and Simon,C.A.",ACCEPTED_NAME,RECONCILED
MT880081.1,MT880081,367,DNA,linear,Polydora websteri,Polydora websteri,Polydora websteri,cytb,CytB,mitochondrial_protein_coding,NORMALIZED,South Africa: Algoa Bay,,,,Aug-2017,Carol Simon,,,False,PE7,,,farmed oyster shell,,taxon:1167209,Worming its way in-Polydora websteri (Annelida: Spionidae) increases the number of non-indigenous shell-boring polydorin pests of cultured molluscs in South Africa,"Zootaxa 4969 (2), 255279 (2021)","Rodewald,N., Snyman,R. and Simon,C.A.",ACCEPTED_NAME,RECONCILED
MT880080.1,MT880080,367,DNA,linear,Polydora websteri,Polydora websteri,Polydora websteri,cytb,CytB,mitochondrial_protein_coding,NORMALIZED,South Africa: Algoa Bay,,,,Aug-2017,Carol Simon,,,False,PE6,,,farmed oyster shell,,taxon:1167209,Worming its way in-Polydora websteri (Annelida: Spionidae) increases the number of non-indigenous shell-boring polydorin pests of cultured molluscs in South Africa,"Zootaxa 4969 (2), 255279 (2021)","Rodewald,N., Snyman,R. and Simon,C.A.",ACCEPTED_NAME,RECONCILED
MT880079.1,MT880079,367,DNA,linear,Polydora websteri,Polydora websteri,Polydora websteri,cytb,CytB,mitochondrial_protein_coding,NORMALIZED,South Africa: Algoa Bay,,,,Aug-2017,Carol Simon,,,False,PE5,,,farmed oyster shell,,taxon:1167209,Worming its way in-Polydora websteri (Annelida: Spionidae) increases the number of non-indigenous shell-boring polydorin pests of cultured molluscs in South Africa,"Zootaxa 4969 (2), 255279 (2021)","Rodewald,N., Snyman,R. and Simon,C.A.",ACCEPTED_NAME,RECONCILED
MT880078.1,MT880078,367,DNA,linear,Polydora websteri,Polydora websteri,Polydora websteri,cytb,CytB,mitochondrial_protein_coding,NORMALIZED,South Africa: Algoa Bay,,,,Aug-2017,Carol Simon,,,False,PE4,,,farmed oyster shell,,taxon:1167209,Worming its way in-Polydora websteri (Annelida: Spionidae) increases the number of non-indigenous shell-boring polydorin pests of cultured molluscs in South Africa,"Zootaxa 4969 (2), 255279 (2021)","Rodewald,N., Snyman,R. and Simon,C.A.",ACCEPTED_NAME,RECONCILED
MT880077.1,MT880077,367,DNA,linear,Polydora websteri,Polydora websteri,Polydora websteri,cytb,CytB,mitochondrial_protein_coding,NORMALIZED,South Africa: Algoa Bay,,,,Aug-2017,Carol Simon,,,False,PE3,,,farmed oyster shell,,taxon:1167209,Worming its way in-Polydora websteri (Annelida: Spionidae) increases the number of non-indigenous shell-boring polydorin pests of cultured molluscs in South Africa,"Zootaxa 4969 (2), 255279 (2021)","Rodewald,N., Snyman,R. and Simon,C.A.",ACCEPTED_NAME,RECONCILED
MT880076.1,MT880076,367,DNA,linear,Polydora websteri,Polydora websteri,Polydora websteri,cytb,CytB,mitochondrial_protein_coding,NORMALIZED,South Africa: Algoa Bay,,,,Aug-2017,Carol Simon,,,False,PE2,,,farmed oyster shell,,taxon:1167209,Worming its way in-Polydora websteri (Annelida: Spionidae) increases the number of non-indigenous shell-boring polydorin pests of cultured molluscs in South Africa,"Zootaxa 4969 (2), 255279 (2021)","Rodewald,N., Snyman,R. and Simon,C.A.",ACCEPTED_NAME,RECONCILED
MT880075.1,MT880075,367,DNA,linear,Polydora websteri,Polydora websteri,Polydora websteri,cytb,CytB,mitochondrial_protein_coding,NORMALIZED,South Africa: Algoa Bay,,,,Aug-2017,Carol Simon,,,False,PE1,,,farmed oyster shell,,taxon:1167209,Worming its way in-Polydora websteri (Annelida: Spionidae) increases the number of non-indigenous shell-boring polydorin pests of cultured molluscs in South Africa,"Zootaxa 4969 (2), 255279 (2021)","Rodewald,N., Snyman,R. and Simon,C.A.",ACCEPTED_NAME,RECONCILED
MT880074.1,MT880074,367,DNA,linear,Polydora websteri,Polydora websteri,Polydora websteri,cytb,CytB,mitochondrial_protein_coding,NORMALIZED,Australia,,,,,Carol Simon,,,False,AU7,,,oyster shell,,taxon:1167209,Worming its way in-Polydora websteri (Annelida: Spionidae) increases the number of non-indigenous shell-boring polydorin pests of cultured molluscs in South Africa,"Zootaxa 4969 (2), 255279 (2021)","Rodewald,N., Snyman,R. and Simon,C.A.",ACCEPTED_NAME,RECONCILED
MT880073.1,MT880073,367,DNA,linear,Polydora websteri,Polydora websteri,Polydora websteri,cytb,CytB,mitochondrial_protein_coding,NORMALIZED,Australia,,,,,Carol Simon,,,False,AU6,,,oyster shell,,taxon:1167209,Worming its way in-Polydora websteri (Annelida: Spionidae) increases the number of non-indigenous shell-boring polydorin pests of cultured molluscs in South Africa,"Zootaxa 4969 (2), 255279 (2021)","Rodewald,N., Snyman,R. and Simon,C.A.",ACCEPTED_NAME,RECONCILED
MT880072.1,MT880072,367,DNA,linear,Polydora websteri,Polydora websteri,Polydora websteri,cytb,CytB,mitochondrial_protein_coding,NORMALIZED,Australia,,,,,Carol Simon,,,False,AU5,,,oyster shell,,taxon:1167209,Worming its way in-Polydora websteri (Annelida: Spionidae) increases the number of non-indigenous shell-boring polydorin pests of cultured molluscs in South Africa,"Zootaxa 4969 (2), 255279 (2021)","Rodewald,N., Snyman,R. and Simon,C.A.",ACCEPTED_NAME,RECONCILED
MT880071.1,MT880071,367,DNA,linear,Polydora websteri,Polydora websteri,Polydora websteri,cytb,CytB,mitochondrial_protein_coding,NORMALIZED,Australia,,,,,Carol Simon,,,False,AU4,,,oyster shell,,taxon:1167209,Worming its way in-Polydora websteri (Annelida: Spionidae) increases the number of non-indigenous shell-boring polydorin pests of cultured molluscs in South Africa,"Zootaxa 4969 (2), 255279 (2021)","Rodewald,N., Snyman,R. and Simon,C.A.",ACCEPTED_NAME,RECONCILED
MT880070.1,MT880070,367,DNA,linear,Polydora websteri,Polydora websteri,Polydora websteri,cytb,CytB,mitochondrial_protein_coding,NORMALIZED,Australia,,,,,Carol Simon,,,False,AU3,,,oyster shell,,taxon:1167209,Worming its way in-Polydora websteri (Annelida: Spionidae) increases the number of non-indigenous shell-boring polydorin pests of cultured molluscs in South Africa,"Zootaxa 4969 (2), 255279 (2021)","Rodewald,N., Snyman,R. and Simon,C.A.",ACCEPTED_NAME,RECONCILED
MT880069.1,MT880069,367,DNA,linear,Polydora websteri,Polydora websteri,Polydora websteri,cytb,CytB,mitochondrial_protein_coding,NORMALIZED,Australia,,,,,Carol Simon,,,False,AU2,,,oyster shell,,taxon:1167209,Worming its way in-Polydora websteri (Annelida: Spionidae) increases the number of non-indigenous shell-boring polydorin pests of cultured molluscs in South Africa,"Zootaxa 4969 (2), 255279 (2021)","Rodewald,N., Snyman,R. and Simon,C.A.",ACCEPTED_NAME,RECONCILED
MT880068.1,MT880068,367,DNA,linear,Polydora websteri,Polydora websteri,Polydora websteri,cytb,CytB,mitochondrial_protein_coding,NORMALIZED,Australia,,,,,Carol Simon,,,False,AU1,,,oyster shell,,taxon:1167209,Worming its way in-Polydora websteri (Annelida: Spionidae) increases the number of non-indigenous shell-boring polydorin pests of cultured molluscs in South Africa,"Zootaxa 4969 (2), 255279 (2021)","Rodewald,N., Snyman,R. and Simon,C.A.",ACCEPTED_NAME,RECONCILED
MT857804.1,MT857804,1703,DNA,linear,Polydora websteri,Polydora websteri,Polydora websteri,small subunit ribosomal RNA,,ribosomal_RNA,AMBIGUOUS,South Africa: Kleinzee,,,,Nov-2012,Carol Simon,,,False,KL7,,,farmed oyster shell,,taxon:1167209,Worming its way in-Polydora websteri (Annelida: Spionidae) increases the number of non-indigenous shell-boring polydorin pests of cultured molluscs in South Africa,"Zootaxa 4969 (2), 255279 (2021)","Rodewald,N., Snyman,R. and Simon,C.A.",ACCEPTED_NAME,RECONCILED
MT857803.1,MT857803,1703,DNA,linear,Polydora websteri,Polydora websteri,Polydora websteri,small subunit ribosomal RNA,,ribosomal_RNA,AMBIGUOUS,South Africa: Kleinzee,,,,Nov-2012,Carol Simon,,,False,KL6,,,farmed oyster shell,,taxon:1167209,Worming its way in-Polydora websteri (Annelida: Spionidae) increases the number of non-indigenous shell-boring polydorin pests of cultured molluscs in South Africa,"Zootaxa 4969 (2), 255279 (2021)","Rodewald,N., Snyman,R. and Simon,C.A.",ACCEPTED_NAME,RECONCILED
MT857802.1,MT857802,1703,DNA,linear,Polydora websteri,Polydora websteri,Polydora websteri,small subunit ribosomal RNA,,ribosomal_RNA,AMBIGUOUS,South Africa: Kleinzee,,,,Nov-2012,Carol Simon,,,False,KL5,,,farmed oyster shell,,taxon:1167209,Worming its way in-Polydora websteri (Annelida: Spionidae) increases the number of non-indigenous shell-boring polydorin pests of cultured molluscs in South Africa,"Zootaxa 4969 (2), 255279 (2021)","Rodewald,N., Snyman,R. and Simon,C.A.",ACCEPTED_NAME,RECONCILED
MT857801.1,MT857801,1703,DNA,linear,Polydora websteri,Polydora websteri,Polydora websteri,small subunit ribosomal RNA,,ribosomal_RNA,AMBIGUOUS,South Africa: Kleinzee,,,,Nov-2012,Carol Simon,,,False,KL4,,,farmed oyster shell,,taxon:1167209,Worming its way in-Polydora websteri (Annelida: Spionidae) increases the number of non-indigenous shell-boring polydorin pests of cultured molluscs in South Africa,"Zootaxa 4969 (2), 255279 (2021)","Rodewald,N., Snyman,R. and Simon,C.A.",ACCEPTED_NAME,RECONCILED
MT857800.1,MT857800,1703,DNA,linear,Polydora websteri,Polydora websteri,Polydora websteri,small subunit ribosomal RNA,,ribosomal_RNA,AMBIGUOUS,South Africa: Kleinzee,,,,Nov-2012,Carol Simon,,,False,KL3,,,farmed oyster shell,,taxon:1167209,Worming its way in-Polydora websteri (Annelida: Spionidae) increases the number of non-indigenous shell-boring polydorin pests of cultured molluscs in South Africa,"Zootaxa 4969 (2), 255279 (2021)","Rodewald,N., Snyman,R. and Simon,C.A.",ACCEPTED_NAME,RECONCILED
MT857799.1,MT857799,1703,DNA,linear,Polydora websteri,Polydora websteri,Polydora websteri,small subunit ribosomal RNA,,ribosomal_RNA,AMBIGUOUS,South Africa: Kleinzee,,,,Nov-2012,Carol Simon,,,False,KL2,,,farmed oyster shell,,taxon:1167209,Worming its way in-Polydora websteri (Annelida: Spionidae) increases the number of non-indigenous shell-boring polydorin pests of cultured molluscs in South Africa,"Zootaxa 4969 (2), 255279 (2021)","Rodewald,N., Snyman,R. and Simon,C.A.",ACCEPTED_NAME,RECONCILED
MT857798.1,MT857798,1703,DNA,linear,Polydora websteri,Polydora websteri,Polydora websteri,small subunit ribosomal RNA,,ribosomal_RNA,AMBIGUOUS,South Africa: Kleinzee,,,,Nov-2012,Carol Simon,,,False,KL1,,,farmed oyster shell,,taxon:1167209,Worming its way in-Polydora websteri (Annelida: Spionidae) increases the number of non-indigenous shell-boring polydorin pests of cultured molluscs in South Africa,"Zootaxa 4969 (2), 255279 (2021)","Rodewald,N., Snyman,R. and Simon,C.A.",ACCEPTED_NAME,RECONCILED
MT857797.1,MT857797,1703,DNA,linear,Polydora websteri,Polydora websteri,Polydora websteri,small subunit ribosomal RNA,,ribosomal_RNA,AMBIGUOUS,South Africa: Algoa Bay,,,,Aug-2017,Carol Simon,,,False,PE26,,,farmed oyster shell,,taxon:1167209,Worming its way in-Polydora websteri (Annelida: Spionidae) increases the number of non-indigenous shell-boring polydorin pests of cultured molluscs in South Africa,"Zootaxa 4969 (2), 255279 (2021)","Rodewald,N., Snyman,R. and Simon,C.A.",ACCEPTED_NAME,RECONCILED
MT857796.1,MT857796,1703,DNA,linear,Polydora websteri,Polydora websteri,Polydora websteri,small subunit ribosomal RNA,,ribosomal_RNA,AMBIGUOUS,South Africa: Algoa Bay,,,,Aug-2017,Carol Simon,,,False,PE25,,,farmed oyster shell,,taxon:1167209,Worming its way in-Polydora websteri (Annelida: Spionidae) increases the number of non-indigenous shell-boring polydorin pests of cultured molluscs in South Africa,"Zootaxa 4969 (2), 255279 (2021)","Rodewald,N., Snyman,R. and Simon,C.A.",ACCEPTED_NAME,RECONCILED
MT857795.1,MT857795,1703,DNA,linear,Polydora websteri,Polydora websteri,Polydora websteri,small subunit ribosomal RNA,,ribosomal_RNA,AMBIGUOUS,South Africa: Algoa Bay,,,,Aug-2017,Carol Simon,,,False,PE24,,,farmed oyster shell,,taxon:1167209,Worming its way in-Polydora websteri (Annelida: Spionidae) increases the number of non-indigenous shell-boring polydorin pests of cultured molluscs in South Africa,"Zootaxa 4969 (2), 255279 (2021)","Rodewald,N., Snyman,R. and Simon,C.A.",ACCEPTED_NAME,RECONCILED
MT857794.1,MT857794,1703,DNA,linear,Polydora websteri,Polydora websteri,Polydora websteri,small subunit ribosomal RNA,,ribosomal_RNA,AMBIGUOUS,South Africa: Algoa Bay,,,,Aug-2017,Carol Simon,,,False,PE23,,,farmed oyster shell,,taxon:1167209,Worming its way in-Polydora websteri (Annelida: Spionidae) increases the number of non-indigenous shell-boring polydorin pests of cultured molluscs in South Africa,"Zootaxa 4969 (2), 255279 (2021)","Rodewald,N., Snyman,R. and Simon,C.A.",ACCEPTED_NAME,RECONCILED
MT857793.1,MT857793,1703,DNA,linear,Polydora websteri,Polydora websteri,Polydora websteri,small subunit ribosomal RNA,,ribosomal_RNA,AMBIGUOUS,South Africa: Algoa Bay,,,,Aug-2017,Carol Simon,,,False,PE22,,,farmed oyster shell,,taxon:1167209,Worming its way in-Polydora websteri (Annelida: Spionidae) increases the number of non-indigenous shell-boring polydorin pests of cultured molluscs in South Africa,"Zootaxa 4969 (2), 255279 (2021)","Rodewald,N., Snyman,R. and Simon,C.A.",ACCEPTED_NAME,RECONCILED
MT857792.1,MT857792,1703,DNA,linear,Polydora websteri,Polydora websteri,Polydora websteri,small subunit ribosomal RNA,,ribosomal_RNA,AMBIGUOUS,South Africa: Algoa Bay,,,,Aug-2017,Carol Simon,,,False,PE21,,,farmed oyster shell,,taxon:1167209,Worming its way in-Polydora websteri (Annelida: Spionidae) increases the number of non-indigenous shell-boring polydorin pests of cultured molluscs in South Africa,"Zootaxa 4969 (2), 255279 (2021)","Rodewald,N., Snyman,R. and Simon,C.A.",ACCEPTED_NAME,RECONCILED
MT857791.1,MT857791,1703,DNA,linear,Polydora websteri,Polydora websteri,Polydora websteri,small subunit ribosomal RNA,,ribosomal_RNA,AMBIGUOUS,South Africa: Algoa Bay,,,,Aug-2017,Carol Simon,,,False,PE20,,,farmed oyster shell,,taxon:1167209,Worming its way in-Polydora websteri (Annelida: Spionidae) increases the number of non-indigenous shell-boring polydorin pests of cultured molluscs in South Africa,"Zootaxa 4969 (2), 255279 (2021)","Rodewald,N., Snyman,R. and Simon,C.A.",ACCEPTED_NAME,RECONCILED
MT857790.1,MT857790,1703,DNA,linear,Polydora websteri,Polydora websteri,Polydora websteri,small subunit ribosomal RNA,,ribosomal_RNA,AMBIGUOUS,South Africa: Algoa Bay,,,,Aug-2017,Carol Simon,,,False,PE19,,,farmed oyster shell,,taxon:1167209,Worming its way in-Polydora websteri (Annelida: Spionidae) increases the number of non-indigenous shell-boring polydorin pests of cultured molluscs in South Africa,"Zootaxa 4969 (2), 255279 (2021)","Rodewald,N., Snyman,R. and Simon,C.A.",ACCEPTED_NAME,RECONCILED
MT857789.1,MT857789,1703,DNA,linear,Polydora websteri,Polydora websteri,Polydora websteri,small subunit ribosomal RNA,,ribosomal_RNA,AMBIGUOUS,South Africa: Algoa Bay,,,,Aug-2017,Carol Simon,,,False,PE18,,,farmed oyster shell,,taxon:1167209,Worming its way in-Polydora websteri (Annelida: Spionidae) increases the number of non-indigenous shell-boring polydorin pests of cultured molluscs in South Africa,"Zootaxa 4969 (2), 255279 (2021)","Rodewald,N., Snyman,R. and Simon,C.A.",ACCEPTED_NAME,RECONCILED
MT857788.1,MT857788,1703,DNA,linear,Polydora websteri,Polydora websteri,Polydora websteri,small subunit ribosomal RNA,,ribosomal_RNA,AMBIGUOUS,South Africa: Algoa Bay,,,,Aug-2017,Carol Simon,,,False,PE17,,,farmed oyster shell,,taxon:1167209,Worming its way in-Polydora websteri (Annelida: Spionidae) increases the number of non-indigenous shell-boring polydorin pests of cultured molluscs in South Africa,"Zootaxa 4969 (2), 255279 (2021)","Rodewald,N., Snyman,R. and Simon,C.A.",ACCEPTED_NAME,RECONCILED
MT857787.1,MT857787,1703,DNA,linear,Polydora websteri,Polydora websteri,Polydora websteri,small subunit ribosomal RNA,,ribosomal_RNA,AMBIGUOUS,South Africa: Algoa Bay,,,,Aug-2017,Carol Simon,,,False,PE16,,,farmed oyster shell,,taxon:1167209,Worming its way in-Polydora websteri (Annelida: Spionidae) increases the number of non-indigenous shell-boring polydorin pests of cultured molluscs in South Africa,"Zootaxa 4969 (2), 255279 (2021)","Rodewald,N., Snyman,R. and Simon,C.A.",ACCEPTED_NAME,RECONCILED
MT857786.1,MT857786,1703,DNA,linear,Polydora websteri,Polydora websteri,Polydora websteri,small subunit ribosomal RNA,,ribosomal_RNA,AMBIGUOUS,South Africa: Algoa Bay,,,,Aug-2017,Carol Simon,,,False,PE15,,,farmed oyster shell,,taxon:1167209,Worming its way in-Polydora websteri (Annelida: Spionidae) increases the number of non-indigenous shell-boring polydorin pests of cultured molluscs in South Africa,"Zootaxa 4969 (2), 255279 (2021)","Rodewald,N., Snyman,R. and Simon,C.A.",ACCEPTED_NAME,RECONCILED
MT857785.1,MT857785,1703,DNA,linear,Polydora websteri,Polydora websteri,Polydora websteri,small subunit ribosomal RNA,,ribosomal_RNA,AMBIGUOUS,South Africa: Algoa Bay,,,,Aug-2017,Carol Simon,,,False,PE14,,,farmed oyster shell,,taxon:1167209,Worming its way in-Polydora websteri (Annelida: Spionidae) increases the number of non-indigenous shell-boring polydorin pests of cultured molluscs in South Africa,"Zootaxa 4969 (2), 255279 (2021)","Rodewald,N., Snyman,R. and Simon,C.A.",ACCEPTED_NAME,RECONCILED
MT857784.1,MT857784,1703,DNA,linear,Polydora websteri,Polydora websteri,Polydora websteri,small subunit ribosomal RNA,,ribosomal_RNA,AMBIGUOUS,South Africa: Algoa Bay,,,,Aug-2017,Carol Simon,,,False,PE13,,,farmed oyster shell,,taxon:1167209,Worming its way in-Polydora websteri (Annelida: Spionidae) increases the number of non-indigenous shell-boring polydorin pests of cultured molluscs in South Africa,"Zootaxa 4969 (2), 255279 (2021)","Rodewald,N., Snyman,R. and Simon,C.A.",ACCEPTED_NAME,RECONCILED
MT857783.1,MT857783,1703,DNA,linear,Polydora websteri,Polydora websteri,Polydora websteri,small subunit ribosomal RNA,,ribosomal_RNA,AMBIGUOUS,South Africa: Algoa Bay,,,,Aug-2017,Carol Simon,,,False,PE12,,,farmed oyster shell,,taxon:1167209,Worming its way in-Polydora websteri (Annelida: Spionidae) increases the number of non-indigenous shell-boring polydorin pests of cultured molluscs in South Africa,"Zootaxa 4969 (2), 255279 (2021)","Rodewald,N., Snyman,R. and Simon,C.A.",ACCEPTED_NAME,RECONCILED
MT857782.1,MT857782,1703,DNA,linear,Polydora websteri,Polydora websteri,Polydora websteri,small subunit ribosomal RNA,,ribosomal_RNA,AMBIGUOUS,South Africa: Algoa Bay,,,,Aug-2017,Carol Simon,,,False,PE11,,,farmed oyster shell,,taxon:1167209,Worming its way in-Polydora websteri (Annelida: Spionidae) increases the number of non-indigenous shell-boring polydorin pests of cultured molluscs in South Africa,"Zootaxa 4969 (2), 255279 (2021)","Rodewald,N., Snyman,R. and Simon,C.A.",ACCEPTED_NAME,RECONCILED
MT857781.1,MT857781,1703,DNA,linear,Polydora websteri,Polydora websteri,Polydora websteri,small subunit ribosomal RNA,,ribosomal_RNA,AMBIGUOUS,South Africa: Algoa Bay,,,,Aug-2017,Carol Simon,,,False,PE10,,,farmed oyster shell,,taxon:1167209,Worming its way in-Polydora websteri (Annelida: Spionidae) increases the number of non-indigenous shell-boring polydorin pests of cultured molluscs in South Africa,"Zootaxa 4969 (2), 255279 (2021)","Rodewald,N., Snyman,R. and Simon,C.A.",ACCEPTED_NAME,RECONCILED
MT857780.1,MT857780,1703,DNA,linear,Polydora websteri,Polydora websteri,Polydora websteri,small subunit ribosomal RNA,,ribosomal_RNA,AMBIGUOUS,South Africa: Algoa Bay,,,,Aug-2017,Carol Simon,,,False,PE9,,,farmed oyster shell,,taxon:1167209,Worming its way in-Polydora websteri (Annelida: Spionidae) increases the number of non-indigenous shell-boring polydorin pests of cultured molluscs in South Africa,"Zootaxa 4969 (2), 255279 (2021)","Rodewald,N., Snyman,R. and Simon,C.A.",ACCEPTED_NAME,RECONCILED
MT857779.1,MT857779,1703,DNA,linear,Polydora websteri,Polydora websteri,Polydora websteri,small subunit ribosomal RNA,,ribosomal_RNA,AMBIGUOUS,South Africa: Algoa Bay,,,,Aug-2017,Carol Simon,,,False,PE8,,,farmed oyster shell,,taxon:1167209,Worming its way in-Polydora websteri (Annelida: Spionidae) increases the number of non-indigenous shell-boring polydorin pests of cultured molluscs in South Africa,"Zootaxa 4969 (2), 255279 (2021)","Rodewald,N., Snyman,R. and Simon,C.A.",ACCEPTED_NAME,RECONCILED
MT857778.1,MT857778,1703,DNA,linear,Polydora websteri,Polydora websteri,Polydora websteri,small subunit ribosomal RNA,,ribosomal_RNA,AMBIGUOUS,South Africa: Algoa Bay,,,,Aug-2017,Carol Simon,,,False,PE7,,,farmed oyster shell,,taxon:1167209,Worming its way in-Polydora websteri (Annelida: Spionidae) increases the number of non-indigenous shell-boring polydorin pests of cultured molluscs in South Africa,"Zootaxa 4969 (2), 255279 (2021)","Rodewald,N., Snyman,R. and Simon,C.A.",ACCEPTED_NAME,RECONCILED
MT857777.1,MT857777,1703,DNA,linear,Polydora websteri,Polydora websteri,Polydora websteri,small subunit ribosomal RNA,,ribosomal_RNA,AMBIGUOUS,South Africa: Algoa Bay,,,,Aug-2017,Carol Simon,,,False,PE6,,,farmed oyster shell,,taxon:1167209,Worming its way in-Polydora websteri (Annelida: Spionidae) increases the number of non-indigenous shell-boring polydorin pests of cultured molluscs in South Africa,"Zootaxa 4969 (2), 255279 (2021)","Rodewald,N., Snyman,R. and Simon,C.A.",ACCEPTED_NAME,RECONCILED
MT857776.1,MT857776,1703,DNA,linear,Polydora websteri,Polydora websteri,Polydora websteri,small subunit ribosomal RNA,,ribosomal_RNA,AMBIGUOUS,South Africa: Algoa Bay,,,,Aug-2017,Carol Simon,,,False,PE5,,,farmed oyster shell,,taxon:1167209,Worming its way in-Polydora websteri (Annelida: Spionidae) increases the number of non-indigenous shell-boring polydorin pests of cultured molluscs in South Africa,"Zootaxa 4969 (2), 255279 (2021)","Rodewald,N., Snyman,R. and Simon,C.A.",ACCEPTED_NAME,RECONCILED
MT857775.1,MT857775,1703,DNA,linear,Polydora websteri,Polydora websteri,Polydora websteri,small subunit ribosomal RNA,,ribosomal_RNA,AMBIGUOUS,South Africa: Algoa Bay,,,,Aug-2017,Carol Simon,,,False,PE4,,,farmed oyster shell,,taxon:1167209,Worming its way in-Polydora websteri (Annelida: Spionidae) increases the number of non-indigenous shell-boring polydorin pests of cultured molluscs in South Africa,"Zootaxa 4969 (2), 255279 (2021)","Rodewald,N., Snyman,R. and Simon,C.A.",ACCEPTED_NAME,RECONCILED
MT857774.1,MT857774,1703,DNA,linear,Polydora websteri,Polydora websteri,Polydora websteri,small subunit ribosomal RNA,,ribosomal_RNA,AMBIGUOUS,South Africa: Algoa Bay,,,,Aug-2017,Carol Simon,,,False,PE3,,,farmed oyster shell,,taxon:1167209,Worming its way in-Polydora websteri (Annelida: Spionidae) increases the number of non-indigenous shell-boring polydorin pests of cultured molluscs in South Africa,"Zootaxa 4969 (2), 255279 (2021)","Rodewald,N., Snyman,R. and Simon,C.A.",ACCEPTED_NAME,RECONCILED
MT857773.1,MT857773,1703,DNA,linear,Polydora websteri,Polydora websteri,Polydora websteri,small subunit ribosomal RNA,,ribosomal_RNA,AMBIGUOUS,South Africa: Algoa Bay,,,,Aug-2017,Carol Simon,,,False,PE2,,,farmed oyster shell,,taxon:1167209,Worming its way in-Polydora websteri (Annelida: Spionidae) increases the number of non-indigenous shell-boring polydorin pests of cultured molluscs in South Africa,"Zootaxa 4969 (2), 255279 (2021)","Rodewald,N., Snyman,R. and Simon,C.A.",ACCEPTED_NAME,RECONCILED
MT857772.1,MT857772,1703,DNA,linear,Polydora websteri,Polydora websteri,Polydora websteri,small subunit ribosomal RNA,,ribosomal_RNA,AMBIGUOUS,South Africa: Algoa Bay,,,,Aug-2017,Carol Simon,,,False,PE1,,,farmed oyster shell,,taxon:1167209,Worming its way in-Polydora websteri (Annelida: Spionidae) increases the number of non-indigenous shell-boring polydorin pests of cultured molluscs in South Africa,"Zootaxa 4969 (2), 255279 (2021)","Rodewald,N., Snyman,R. and Simon,C.A.",ACCEPTED_NAME,RECONCILED
MT857771.1,MT857771,1703,DNA,linear,Polydora websteri,Polydora websteri,Polydora websteri,small subunit ribosomal RNA,,ribosomal_RNA,AMBIGUOUS,Australia,,,,,Carol Simon,,,False,AU7,,,oyster shell,,taxon:1167209,Worming its way in-Polydora websteri (Annelida: Spionidae) increases the number of non-indigenous shell-boring polydorin pests of cultured molluscs in South Africa,"Zootaxa 4969 (2), 255279 (2021)","Rodewald,N., Snyman,R. and Simon,C.A.",ACCEPTED_NAME,RECONCILED
MT857770.1,MT857770,1703,DNA,linear,Polydora websteri,Polydora websteri,Polydora websteri,small subunit ribosomal RNA,,ribosomal_RNA,AMBIGUOUS,Australia,,,,,Carol Simon,,,False,AU6,,,oyster shell,,taxon:1167209,Worming its way in-Polydora websteri (Annelida: Spionidae) increases the number of non-indigenous shell-boring polydorin pests of cultured molluscs in South Africa,"Zootaxa 4969 (2), 255279 (2021)","Rodewald,N., Snyman,R. and Simon,C.A.",ACCEPTED_NAME,RECONCILED
MT857769.1,MT857769,1703,DNA,linear,Polydora websteri,Polydora websteri,Polydora websteri,small subunit ribosomal RNA,,ribosomal_RNA,AMBIGUOUS,Australia,,,,,Carol Simon,,,False,AU5,,,oyster shell,,taxon:1167209,Worming its way in-Polydora websteri (Annelida: Spionidae) increases the number of non-indigenous shell-boring polydorin pests of cultured molluscs in South Africa,"Zootaxa 4969 (2), 255279 (2021)","Rodewald,N., Snyman,R. and Simon,C.A.",ACCEPTED_NAME,RECONCILED
MT857768.1,MT857768,1703,DNA,linear,Polydora websteri,Polydora websteri,Polydora websteri,small subunit ribosomal RNA,,ribosomal_RNA,AMBIGUOUS,Australia,,,,,Carol Simon,,,False,AU4,,,oyster shell,,taxon:1167209,Worming its way in-Polydora websteri (Annelida: Spionidae) increases the number of non-indigenous shell-boring polydorin pests of cultured molluscs in South Africa,"Zootaxa 4969 (2), 255279 (2021)","Rodewald,N., Snyman,R. and Simon,C.A.",ACCEPTED_NAME,RECONCILED
MT857767.1,MT857767,1703,DNA,linear,Polydora websteri,Polydora websteri,Polydora websteri,small subunit ribosomal RNA,,ribosomal_RNA,AMBIGUOUS,Australia,,,,,Carol Simon,,,False,AU3,,,oyster shell,,taxon:1167209,Worming its way in-Polydora websteri (Annelida: Spionidae) increases the number of non-indigenous shell-boring polydorin pests of cultured molluscs in South Africa,"Zootaxa 4969 (2), 255279 (2021)","Rodewald,N., Snyman,R. and Simon,C.A.",ACCEPTED_NAME,RECONCILED
MT857766.1,MT857766,1703,DNA,linear,Polydora websteri,Polydora websteri,Polydora websteri,small subunit ribosomal RNA,,ribosomal_RNA,AMBIGUOUS,Australia,,,,,Carol Simon,,,False,AU2,,,oyster shell,,taxon:1167209,Worming its way in-Polydora websteri (Annelida: Spionidae) increases the number of non-indigenous shell-boring polydorin pests of cultured molluscs in South Africa,"Zootaxa 4969 (2), 255279 (2021)","Rodewald,N., Snyman,R. and Simon,C.A.",ACCEPTED_NAME,RECONCILED
MT857765.1,MT857765,1703,DNA,linear,Polydora websteri,Polydora websteri,Polydora websteri,small subunit ribosomal RNA,,ribosomal_RNA,AMBIGUOUS,Australia,,,,,Carol Simon,,,False,AU1,,,oyster shell,,taxon:1167209,Worming its way in-Polydora websteri (Annelida: Spionidae) increases the number of non-indigenous shell-boring polydorin pests of cultured molluscs in South Africa,"Zootaxa 4969 (2), 255279 (2021)","Rodewald,N., Snyman,R. and Simon,C.A.",ACCEPTED_NAME,RECONCILED
MN856838.1,MN856838,794,DNA,linear,Polydora websteri,Polydora websteri,Polydora websteri,COX1,COI,mitochondrial_protein_coding,NORMALIZED,"USA: Brooksville, ME",,,44.39 N 68.70 W,10-Jul-2017,,,,False,BR17OY5W4,,,,,taxon:1167209,Detection of the Non-native Shell-boring Polychaete Polydora onagawaensis in the Northeast United States,Unpublished,"Silverbrand,S., Lindsay,S.M. and Rawson,P.D.",ACCEPTED_NAME,RECONCILED
MN856837.1,MN856837,794,DNA,linear,Polydora websteri,Polydora websteri,Polydora websteri,COX1,COI,mitochondrial_protein_coding,NORMALIZED,"USA: Brooksville, ME",,,44.39 N 68.70 W,10-Jul-2017,,,,False,BR17OY5W3,,,,,taxon:1167209,Detection of the Non-native Shell-boring Polychaete Polydora onagawaensis in the Northeast United States,Unpublished,"Silverbrand,S., Lindsay,S.M. and Rawson,P.D.",ACCEPTED_NAME,RECONCILED
MN856836.1,MN856836,794,DNA,linear,Polydora websteri,Polydora websteri,Polydora websteri,COX1,COI,mitochondrial_protein_coding,NORMALIZED,"USA: Brooksville, ME",,,44.39 N 68.70 W,10-Jul-2017,,,,False,BR17OY5W2,,,,,taxon:1167209,Detection of the Non-native Shell-boring Polychaete Polydora onagawaensis in the Northeast United States,Unpublished,"Silverbrand,S., Lindsay,S.M. and Rawson,P.D.",ACCEPTED_NAME,RECONCILED
MN856835.1,MN856835,794,DNA,linear,Polydora websteri,Polydora websteri,Polydora websteri,COX1,COI,mitochondrial_protein_coding,NORMALIZED,"USA: Brooksville, ME",,,44.39 N 68.70 W,10-Jul-2017,,,,False,BR17OY5W1,,,,,taxon:1167209,Detection of the Non-native Shell-boring Polychaete Polydora onagawaensis in the Northeast United States,Unpublished,"Silverbrand,S., Lindsay,S.M. and Rawson,P.D.",ACCEPTED_NAME,RECONCILED
MN856834.1,MN856834,794,DNA,linear,Polydora websteri,Polydora websteri,Polydora websteri,COX1,COI,mitochondrial_protein_coding,NORMALIZED,"USA: Brooksville, ME",,,44.39 N 68.70 W,10-Jul-2017,,,,False,BR17OY4W3,,,,,taxon:1167209,Detection of the Non-native Shell-boring Polychaete Polydora onagawaensis in the Northeast United States,Unpublished,"Silverbrand,S., Lindsay,S.M. and Rawson,P.D.",ACCEPTED_NAME,RECONCILED
MN856833.1,MN856833,794,DNA,linear,Polydora websteri,Polydora websteri,Polydora websteri,COX1,COI,mitochondrial_protein_coding,NORMALIZED,"USA: Brooksville, ME",,,44.39 N 68.70 W,01-Jul-2016,,,,False,BR16OY48W1,,,,,taxon:1167209,Detection of the Non-native Shell-boring Polychaete Polydora onagawaensis in the Northeast United States,Unpublished,"Silverbrand,S., Lindsay,S.M. and Rawson,P.D.",ACCEPTED_NAME,RECONCILED
MN856832.1,MN856832,794,DNA,linear,Polydora websteri,Polydora websteri,Polydora websteri,COX1,COI,mitochondrial_protein_coding,NORMALIZED,"USA: Brooksville, ME",,,44.39 N 68.70 W,01-Jul-2016,,,,False,BR16OY28W1,,,,,taxon:1167209,Detection of the Non-native Shell-boring Polychaete Polydora onagawaensis in the Northeast United States,Unpublished,"Silverbrand,S., Lindsay,S.M. and Rawson,P.D.",ACCEPTED_NAME,RECONCILED
MN856831.1,MN856831,794,DNA,linear,Polydora websteri,Polydora websteri,Polydora websteri,COX1,COI,mitochondrial_protein_coding,NORMALIZED,"USA: Brooksville, ME",,,44.39 N 68.70 W,01-Jul-2016,,,,False,BR16OY27W1,,,,,taxon:1167209,Detection of the Non-native Shell-boring Polychaete Polydora onagawaensis in the Northeast United States,Unpublished,"Silverbrand,S., Lindsay,S.M. and Rawson,P.D.",ACCEPTED_NAME,RECONCILED
MN856830.1,MN856830,592,DNA,linear,Polydora websteri,Polydora websteri,Polydora websteri,COX1,COI,mitochondrial_protein_coding,NORMALIZED,"USA: Portsmouth, NH",,,43.07 N 70.87 W,15-Nov-2018,,,,False,FDOOY7W1,,,,,taxon:1167209,Detection of the Non-native Shell-boring Polychaete Polydora onagawaensis in the Northeast United States,Unpublished,"Silverbrand,S., Lindsay,S.M. and Rawson,P.D.",ACCEPTED_NAME,RECONCILED
MN856829.1,MN856829,592,DNA,linear,Polydora websteri,Polydora websteri,Polydora websteri,COX1,COI,mitochondrial_protein_coding,NORMALIZED,"USA: Portsmouth, NH",,,43.07 N 70.87 W,15-Nov-2018,,,,False,FDOOY3W1,,,,,taxon:1167209,Detection of the Non-native Shell-boring Polychaete Polydora onagawaensis in the Northeast United States,Unpublished,"Silverbrand,S., Lindsay,S.M. and Rawson,P.D.",ACCEPTED_NAME,RECONCILED
MN856828.1,MN856828,592,DNA,linear,Polydora websteri,Polydora websteri,Polydora websteri,COX1,COI,mitochondrial_protein_coding,NORMALIZED,USA: Buzzards Bay,,,41.76 N 70.62 W,06-Oct-2018,,,,False,BBOOY6W3,,,,,taxon:1167209,Detection of the Non-native Shell-boring Polychaete Polydora onagawaensis in the Northeast United States,Unpublished,"Silverbrand,S., Lindsay,S.M. and Rawson,P.D.",ACCEPTED_NAME,RECONCILED
MN856827.1,MN856827,592,DNA,linear,Polydora websteri,Polydora websteri,Polydora websteri,COX1,COI,mitochondrial_protein_coding,NORMALIZED,USA: Buzzards Bay,,,41.76 N 70.62 W,06-Oct-2018,,,,False,BBOOY6W2,,,,,taxon:1167209,Detection of the Non-native Shell-boring Polychaete Polydora onagawaensis in the Northeast United States,Unpublished,"Silverbrand,S., Lindsay,S.M. and Rawson,P.D.",ACCEPTED_NAME,RECONCILED
MN856826.1,MN856826,592,DNA,linear,Polydora websteri,Polydora websteri,Polydora websteri,COX1,COI,mitochondrial_protein_coding,NORMALIZED,USA: Buzzards Bay,,,41.76 N 70.62 W,06-Oct-2018,,,,False,BBOOY6W1,,,,,taxon:1167209,Detection of the Non-native Shell-boring Polychaete Polydora onagawaensis in the Northeast United States,Unpublished,"Silverbrand,S., Lindsay,S.M. and Rawson,P.D.",ACCEPTED_NAME,RECONCILED
MN856825.1,MN856825,592,DNA,linear,Polydora websteri,Polydora websteri,Polydora websteri,COX1,COI,mitochondrial_protein_coding,NORMALIZED,"USA: Chatham, MA",,,41.68 N 69.97 W,25-Oct-2018,,,,False,CSOY6W2,,,,,taxon:1167209,Detection of the Non-native Shell-boring Polychaete Polydora onagawaensis in the Northeast United States,Unpublished,"Silverbrand,S., Lindsay,S.M. and Rawson,P.D.",ACCEPTED_NAME,RECONCILED
MN822031.1,MN822031,1182,DNA,linear,Polydora websteri,Polydora websteri,Polydora websteri,small subunit ribosomal RNA,,ribosomal_RNA,AMBIGUOUS,"USA: Brooksville, ME",,,44.39 N 68.70 W,10-Jul-2017,,,,False,BR17OY5W4,,,,,taxon:1167209,Detection of the Non-native Shell-boring Polychaete Polydora onagawaensis in the Northeast United States,Unpublished,"Silverbrand,S., Lindsday,S.M. and Rawson,P.D.",ACCEPTED_NAME,RECONCILED
MN822030.1,MN822030,1182,DNA,linear,Polydora websteri,Polydora websteri,Polydora websteri,small subunit ribosomal RNA,,ribosomal_RNA,AMBIGUOUS,"USA: Brooksville, ME",,,44.39 N 68.70 W,10-Jul-2017,,,,False,BR17OY5W3,,,,,taxon:1167209,Detection of the Non-native Shell-boring Polychaete Polydora onagawaensis in the Northeast United States,Unpublished,"Silverbrand,S., Lindsday,S.M. and Rawson,P.D.",ACCEPTED_NAME,RECONCILED
MN822029.1,MN822029,1182,DNA,linear,Polydora websteri,Polydora websteri,Polydora websteri,small subunit ribosomal RNA,,ribosomal_RNA,AMBIGUOUS,"USA: Brooksville, ME",,,44.39 N 68.70 W,10-Jul-2017,,,,False,BR17OY5W2,,,,,taxon:1167209,Detection of the Non-native Shell-boring Polychaete Polydora onagawaensis in the Northeast United States,Unpublished,"Silverbrand,S., Lindsday,S.M. and Rawson,P.D.",ACCEPTED_NAME,RECONCILED
MN822028.1,MN822028,1182,DNA,linear,Polydora websteri,Polydora websteri,Polydora websteri,small subunit ribosomal RNA,,ribosomal_RNA,AMBIGUOUS,"USA: Brooksville, ME",,,44.39 N 68.70 W,10-Jul-2017,,,,False,BR17OY5W1,,,,,taxon:1167209,Detection of the Non-native Shell-boring Polychaete Polydora onagawaensis in the Northeast United States,Unpublished,"Silverbrand,S., Lindsday,S.M. and Rawson,P.D.",ACCEPTED_NAME,RECONCILED
MN822027.1,MN822027,1182,DNA,linear,Polydora websteri,Polydora websteri,Polydora websteri,small subunit ribosomal RNA,,ribosomal_RNA,AMBIGUOUS,"USA: Brooksville, ME",,,44.39 N 68.70 W,10-Jul-2017,,,,False,BR17OY3W4,,,,,taxon:1167209,Detection of the Non-native Shell-boring Polychaete Polydora onagawaensis in the Northeast United States,Unpublished,"Silverbrand,S., Lindsday,S.M. and Rawson,P.D.",ACCEPTED_NAME,RECONCILED
MN822026.1,MN822026,1182,DNA,linear,Polydora websteri,Polydora websteri,Polydora websteri,small subunit ribosomal RNA,,ribosomal_RNA,AMBIGUOUS,"USA: Brooksville, ME",,,44.39 N 68.70 W,10-Jul-2017,,,,False,BR17OY3W3,,,,,taxon:1167209,Detection of the Non-native Shell-boring Polychaete Polydora onagawaensis in the Northeast United States,Unpublished,"Silverbrand,S., Lindsday,S.M. and Rawson,P.D.",ACCEPTED_NAME,RECONCILED
MN822025.1,MN822025,1182,DNA,linear,Polydora websteri,Polydora websteri,Polydora websteri,small subunit ribosomal RNA,,ribosomal_RNA,AMBIGUOUS,"USA: Brooksville, ME",,,44.39 N 68.70 W,10-Jul-2017,,,,False,BR17OY3W2,,,,,taxon:1167209,Detection of the Non-native Shell-boring Polychaete Polydora onagawaensis in the Northeast United States,Unpublished,"Silverbrand,S., Lindsday,S.M. and Rawson,P.D.",ACCEPTED_NAME,RECONCILED
MN822024.1,MN822024,1182,DNA,linear,Polydora websteri,Polydora websteri,Polydora websteri,small subunit ribosomal RNA,,ribosomal_RNA,AMBIGUOUS,"USA: Brooksville, ME",,,44.39 N 68.70 W,01-Jul-2016,,,,False,BR16OY28W1,,,,,taxon:1167209,Detection of the Non-native Shell-boring Polychaete Polydora onagawaensis in the Northeast United States,Unpublished,"Silverbrand,S., Lindsday,S.M. and Rawson,P.D.",ACCEPTED_NAME,RECONCILED
MN822023.1,MN822023,1182,DNA,linear,Polydora websteri,Polydora websteri,Polydora websteri,small subunit ribosomal RNA,,ribosomal_RNA,AMBIGUOUS,"USA: Brooksville, ME",,,44.39 N 68.70 W,01-Jul-2016,,,,False,BR16OY3W1,,,,,taxon:1167209,Detection of the Non-native Shell-boring Polychaete Polydora onagawaensis in the Northeast United States,Unpublished,"Silverbrand,S., Lindsday,S.M. and Rawson,P.D.",ACCEPTED_NAME,RECONCILED
MN822022.1,MN822022,1182,DNA,linear,Polydora websteri,Polydora websteri,Polydora websteri,small subunit ribosomal RNA,,ribosomal_RNA,AMBIGUOUS,"USA: Brooksville, ME",,,44.39 N 68.70 W,01-Jul-2014,,,,False,BROC50B,,,,,taxon:1167209,Detection of the Non-native Shell-boring Polychaete Polydora onagawaensis in the Northeast United States,Unpublished,"Silverbrand,S., Lindsday,S.M. and Rawson,P.D.",ACCEPTED_NAME,RECONCILED
MN822021.1,MN822021,1182,DNA,linear,Polydora websteri,Polydora websteri,Polydora websteri,small subunit ribosomal RNA,,ribosomal_RNA,AMBIGUOUS,"USA: Portsmouth, NH",,,43.07 N 70.87 W,15-Nov-2018,,,,False,FDOOY7W1,,,,,taxon:1167209,Detection of the Non-native Shell-boring Polychaete Polydora onagawaensis in the Northeast United States,Unpublished,"Silverbrand,S., Lindsday,S.M. and Rawson,P.D.",ACCEPTED_NAME,RECONCILED
MN822020.1,MN822020,1182,DNA,linear,Polydora websteri,Polydora websteri,Polydora websteri,small subunit ribosomal RNA,,ribosomal_RNA,AMBIGUOUS,"USA: Portsmouth, NH",,,43.07 N 70.87 W,15-Nov-2018,,,,False,FDOOY3W1,,,,,taxon:1167209,Detection of the Non-native Shell-boring Polychaete Polydora onagawaensis in the Northeast United States,Unpublished,"Silverbrand,S., Lindsday,S.M. and Rawson,P.D.",ACCEPTED_NAME,RECONCILED
MN822019.1,MN822019,1182,DNA,linear,Polydora websteri,Polydora websteri,Polydora websteri,small subunit ribosomal RNA,,ribosomal_RNA,AMBIGUOUS,USA: Buzzards Bay,,,41.76 N 70.62 W,06-Oct-2018,,,,False,BBOOY6W3,,,,,taxon:1167209,Detection of the Non-native Shell-boring Polychaete Polydora onagawaensis in the Northeast United States,Unpublished,"Silverbrand,S., Lindsday,S.M. and Rawson,P.D.",ACCEPTED_NAME,RECONCILED
MN822018.1,MN822018,1182,DNA,linear,Polydora websteri,Polydora websteri,Polydora websteri,small subunit ribosomal RNA,,ribosomal_RNA,AMBIGUOUS,USA: Buzzards Bay,,,41.76 N 70.62 W,06-Oct-2018,,,,False,BBOOY6W2,,,,,taxon:1167209,Detection of the Non-native Shell-boring Polychaete Polydora onagawaensis in the Northeast United States,Unpublished,"Silverbrand,S., Lindsday,S.M. and Rawson,P.D.",ACCEPTED_NAME,RECONCILED
MN822017.1,MN822017,1182,DNA,linear,Polydora websteri,Polydora websteri,Polydora websteri,small subunit ribosomal RNA,,ribosomal_RNA,AMBIGUOUS,USA: Buzzards Bay,,,41.76 N 70.62 W,06-Oct-2018,,,,False,BBOOY6W1,,,,,taxon:1167209,Detection of the Non-native Shell-boring Polychaete Polydora onagawaensis in the Northeast United States,Unpublished,"Silverbrand,S., Lindsday,S.M. and Rawson,P.D.",ACCEPTED_NAME,RECONCILED
MN822016.1,MN822016,1182,DNA,linear,Polydora websteri,Polydora websteri,Polydora websteri,small subunit ribosomal RNA,,ribosomal_RNA,AMBIGUOUS,"USA: Chatham, MA",,,41.68 N 69.97 W,25-Oct-2018,,,,False,CSOY6W2,,,,,taxon:1167209,Detection of the Non-native Shell-boring Polychaete Polydora onagawaensis in the Northeast United States,Unpublished,"Silverbrand,S., Lindsday,S.M. and Rawson,P.D.",ACCEPTED_NAME,RECONCILED
LC595749.1,LC595749,468,DNA,linear,Polydora websteri,Polydora websteri,Polydora websteri,16S ribosomal RNA,16S,mitochondrial_rRNA,NORMALIZED,Japan: Nakatsu tidal flat,,,,2011-07-04,Waka Sato-Okoshi,,,False,P-14,,,Shell of Magallana gigas,,taxon:1167209,"Molecular identification and larval morphology of spionid polychaetes (Annelida, Spionidae) from northeastern Japan","Zookeys 1015, 1-86 (2021)","Abe,H. and Sato-Okoshi,W.",ACCEPTED_NAME,RECONCILED
MT858705.1,MT858705,864,DNA,linear,Polydora websteri,Polydora websteri,Polydora websteri,COX1,COI,mitochondrial_protein_coding,NORMALIZED,South Africa: Kleinzee,,,,Nov-2012,Carol Simon,,,False,KL7,,,Farmed oyster shell,,taxon:1167209,Worming its way in - Polydora websteri (Annelida: Spionidae) adds to the number of non-indigenous shell-boring polydorid pests of cultured molluscs in South Africa,Zootaxa (2021) In press,"Rodewald,N., Snyman,R.G. and Simon,C.A.",ACCEPTED_NAME,RECONCILED
MT858704.1,MT858704,864,DNA,linear,Polydora websteri,Polydora websteri,Polydora websteri,COX1,COI,mitochondrial_protein_coding,NORMALIZED,South Africa: Kleinzee,,,,Nov-2012,Carol Simon,,,False,KL6,,,Farmed oyster shell,,taxon:1167209,Worming its way in - Polydora websteri (Annelida: Spionidae) adds to the number of non-indigenous shell-boring polydorid pests of cultured molluscs in South Africa,Zootaxa (2021) In press,"Rodewald,N., Snyman,R.G. and Simon,C.A.",ACCEPTED_NAME,RECONCILED
MT858703.1,MT858703,864,DNA,linear,Polydora websteri,Polydora websteri,Polydora websteri,COX1,COI,mitochondrial_protein_coding,NORMALIZED,South Africa: Kleinzee,,,,Nov-2012,Carol Simon,,,False,KL5,,,Farmed oyster shell,,taxon:1167209,Worming its way in - Polydora websteri (Annelida: Spionidae) adds to the number of non-indigenous shell-boring polydorid pests of cultured molluscs in South Africa,Zootaxa (2021) In press,"Rodewald,N., Snyman,R.G. and Simon,C.A.",ACCEPTED_NAME,RECONCILED
MT858702.1,MT858702,864,DNA,linear,Polydora websteri,Polydora websteri,Polydora websteri,COX1,COI,mitochondrial_protein_coding,NORMALIZED,South Africa: Kleinzee,,,,Nov-2012,Carol Simon,,,False,KL4,,,Farmed oyster shell,,taxon:1167209,Worming its way in - Polydora websteri (Annelida: Spionidae) adds to the number of non-indigenous shell-boring polydorid pests of cultured molluscs in South Africa,Zootaxa (2021) In press,"Rodewald,N., Snyman,R.G. and Simon,C.A.",ACCEPTED_NAME,RECONCILED
MT858701.1,MT858701,864,DNA,linear,Polydora websteri,Polydora websteri,Polydora websteri,COX1,COI,mitochondrial_protein_coding,NORMALIZED,South Africa: Kleinzee,,,,Nov-2012,Carol Simon,,,False,KL3,,,Farmed oyster shell,,taxon:1167209,Worming its way in - Polydora websteri (Annelida: Spionidae) adds to the number of non-indigenous shell-boring polydorid pests of cultured molluscs in South Africa,Zootaxa (2021) In press,"Rodewald,N., Snyman,R.G. and Simon,C.A.",ACCEPTED_NAME,RECONCILED
MT858700.1,MT858700,864,DNA,linear,Polydora websteri,Polydora websteri,Polydora websteri,COX1,COI,mitochondrial_protein_coding,NORMALIZED,South Africa: Kleinzee,,,,Nov-2012,Carol Simon,,,False,KL2,,,Farmed oyster shell,,taxon:1167209,Worming its way in - Polydora websteri (Annelida: Spionidae) adds to the number of non-indigenous shell-boring polydorid pests of cultured molluscs in South Africa,Zootaxa (2021) In press,"Rodewald,N., Snyman,R.G. and Simon,C.A.",ACCEPTED_NAME,RECONCILED
MT858699.1,MT858699,864,DNA,linear,Polydora websteri,Polydora websteri,Polydora websteri,COX1,COI,mitochondrial_protein_coding,NORMALIZED,South Africa: Algoa Bay,,,,Aug-2017,Carol Simon,,,False,PE26,,,Farmed oyster shell,,taxon:1167209,Worming its way in - Polydora websteri (Annelida: Spionidae) adds to the number of non-indigenous shell-boring polydorid pests of cultured molluscs in South Africa,Zootaxa (2021) In press,"Rodewald,N., Snyman,R.G. and Simon,C.A.",ACCEPTED_NAME,RECONCILED
MT858698.1,MT858698,864,DNA,linear,Polydora websteri,Polydora websteri,Polydora websteri,COX1,COI,mitochondrial_protein_coding,NORMALIZED,South Africa: Algoa Bay,,,,Aug-2017,Carol Simon,,,False,PE25,,,Farmed oyster shell,,taxon:1167209,Worming its way in - Polydora websteri (Annelida: Spionidae) adds to the number of non-indigenous shell-boring polydorid pests of cultured molluscs in South Africa,Zootaxa (2021) In press,"Rodewald,N., Snyman,R.G. and Simon,C.A.",ACCEPTED_NAME,RECONCILED
MT858697.1,MT858697,864,DNA,linear,Polydora websteri,Polydora websteri,Polydora websteri,COX1,COI,mitochondrial_protein_coding,NORMALIZED,South Africa: Algoa Bay,,,,Aug-2017,Carol Simon,,,False,PE24,,,Farmed oyster shell,,taxon:1167209,Worming its way in - Polydora websteri (Annelida: Spionidae) adds to the number of non-indigenous shell-boring polydorid pests of cultured molluscs in South Africa,Zootaxa (2021) In press,"Rodewald,N., Snyman,R.G. and Simon,C.A.",ACCEPTED_NAME,RECONCILED
MT858696.1,MT858696,864,DNA,linear,Polydora websteri,Polydora websteri,Polydora websteri,COX1,COI,mitochondrial_protein_coding,NORMALIZED,South Africa: Algoa Bay,,,,Aug-2017,Carol Simon,,,False,PE23,,,Farmed oyster shell,,taxon:1167209,Worming its way in - Polydora websteri (Annelida: Spionidae) adds to the number of non-indigenous shell-boring polydorid pests of cultured molluscs in South Africa,Zootaxa (2021) In press,"Rodewald,N., Snyman,R.G. and Simon,C.A.",ACCEPTED_NAME,RECONCILED
MT858695.1,MT858695,864,DNA,linear,Polydora websteri,Polydora websteri,Polydora websteri,COX1,COI,mitochondrial_protein_coding,NORMALIZED,South Africa: Algoa Bay,,,,Aug-2017,Carol Simon,,,False,PE22,,,Farmed oyster shell,,taxon:1167209,Worming its way in - Polydora websteri (Annelida: Spionidae) adds to the number of non-indigenous shell-boring polydorid pests of cultured molluscs in South Africa,Zootaxa (2021) In press,"Rodewald,N., Snyman,R.G. and Simon,C.A.",ACCEPTED_NAME,RECONCILED
MT858694.1,MT858694,864,DNA,linear,Polydora websteri,Polydora websteri,Polydora websteri,COX1,COI,mitochondrial_protein_coding,NORMALIZED,South Africa: Algoa Bay,,,,Aug-2017,Carol Simon,,,False,PE21,,,Farmed oyster shell,,taxon:1167209,Worming its way in - Polydora websteri (Annelida: Spionidae) adds to the number of non-indigenous shell-boring polydorid pests of cultured molluscs in South Africa,Zootaxa (2021) In press,"Rodewald,N., Snyman,R.G. and Simon,C.A.",ACCEPTED_NAME,RECONCILED
MT858693.1,MT858693,864,DNA,linear,Polydora websteri,Polydora websteri,Polydora websteri,COX1,COI,mitochondrial_protein_coding,NORMALIZED,South Africa: Algoa Bay,,,,Aug-2017,Carol Simon,,,False,PE19,,,Farmed oyster shell,,taxon:1167209,Worming its way in - Polydora websteri (Annelida: Spionidae) adds to the number of non-indigenous shell-boring polydorid pests of cultured molluscs in South Africa,Zootaxa (2021) In press,"Rodewald,N., Snyman,R.G. and Simon,C.A.",ACCEPTED_NAME,RECONCILED
MT858692.1,MT858692,864,DNA,linear,Polydora websteri,Polydora websteri,Polydora websteri,COX1,COI,mitochondrial_protein_coding,NORMALIZED,South Africa: Algoa Bay,,,,Aug-2017,Carol Simon,,,False,PE18,,,Farmed oyster shell,,taxon:1167209,Worming its way in - Polydora websteri (Annelida: Spionidae) adds to the number of non-indigenous shell-boring polydorid pests of cultured molluscs in South Africa,Zootaxa (2021) In press,"Rodewald,N., Snyman,R.G. and Simon,C.A.",ACCEPTED_NAME,RECONCILED
MT858691.1,MT858691,864,DNA,linear,Polydora websteri,Polydora websteri,Polydora websteri,COX1,COI,mitochondrial_protein_coding,NORMALIZED,South Africa: Algoa Bay,,,,Aug-2017,Carol Simon,,,False,PE17,,,Farmed oyster shell,,taxon:1167209,Worming its way in - Polydora websteri (Annelida: Spionidae) adds to the number of non-indigenous shell-boring polydorid pests of cultured molluscs in South Africa,Zootaxa (2021) In press,"Rodewald,N., Snyman,R.G. and Simon,C.A.",ACCEPTED_NAME,RECONCILED
MT858690.1,MT858690,864,DNA,linear,Polydora websteri,Polydora websteri,Polydora websteri,COX1,COI,mitochondrial_protein_coding,NORMALIZED,South Africa: Algoa Bay,,,,Aug-2017,Carol Simon,,,False,PE16,,,Farmed oyster shell,,taxon:1167209,Worming its way in - Polydora websteri (Annelida: Spionidae) adds to the number of non-indigenous shell-boring polydorid pests of cultured molluscs in South Africa,Zootaxa (2021) In press,"Rodewald,N., Snyman,R.G. and Simon,C.A.",ACCEPTED_NAME,RECONCILED
MT858689.1,MT858689,864,DNA,linear,Polydora websteri,Polydora websteri,Polydora websteri,COX1,COI,mitochondrial_protein_coding,NORMALIZED,South Africa: Algoa Bay,,,,Aug-2017,Carol Simon,,,False,PE15,,,Farmed oyster shell,,taxon:1167209,Worming its way in - Polydora websteri (Annelida: Spionidae) adds to the number of non-indigenous shell-boring polydorid pests of cultured molluscs in South Africa,Zootaxa (2021) In press,"Rodewald,N., Snyman,R.G. and Simon,C.A.",ACCEPTED_NAME,RECONCILED
MT858688.1,MT858688,864,DNA,linear,Polydora websteri,Polydora websteri,Polydora websteri,COX1,COI,mitochondrial_protein_coding,NORMALIZED,South Africa: Algoa Bay,,,,Aug-2017,Carol Simon,,,False,PE14,,,Farmed oyster shell,,taxon:1167209,Worming its way in - Polydora websteri (Annelida: Spionidae) adds to the number of non-indigenous shell-boring polydorid pests of cultured molluscs in South Africa,Zootaxa (2021) In press,"Rodewald,N., Snyman,R.G. and Simon,C.A.",ACCEPTED_NAME,RECONCILED
MT858687.1,MT858687,864,DNA,linear,Polydora websteri,Polydora websteri,Polydora websteri,COX1,COI,mitochondrial_protein_coding,NORMALIZED,South Africa: Algoa Bay,,,,Aug-2017,Carol Simon,,,False,PE13,,,Farmed oyster shell,,taxon:1167209,Worming its way in - Polydora websteri (Annelida: Spionidae) adds to the number of non-indigenous shell-boring polydorid pests of cultured molluscs in South Africa,Zootaxa (2021) In press,"Rodewald,N., Snyman,R.G. and Simon,C.A.",ACCEPTED_NAME,RECONCILED
MT858686.1,MT858686,864,DNA,linear,Polydora websteri,Polydora websteri,Polydora websteri,COX1,COI,mitochondrial_protein_coding,NORMALIZED,South Africa: Algoa Bay,,,,Aug-2017,Carol Simon,,,False,PE12,,,Farmed oyster shell,,taxon:1167209,Worming its way in - Polydora websteri (Annelida: Spionidae) adds to the number of non-indigenous shell-boring polydorid pests of cultured molluscs in South Africa,Zootaxa (2021) In press,"Rodewald,N., Snyman,R.G. and Simon,C.A.",ACCEPTED_NAME,RECONCILED
MT858685.1,MT858685,864,DNA,linear,Polydora websteri,Polydora websteri,Polydora websteri,COX1,COI,mitochondrial_protein_coding,NORMALIZED,South Africa: Algoa Bay,,,,Aug-2017,Carol Simon,,,False,PE11,,,Farmed oyster shell,,taxon:1167209,Worming its way in - Polydora websteri (Annelida: Spionidae) adds to the number of non-indigenous shell-boring polydorid pests of cultured molluscs in South Africa,Zootaxa (2021) In press,"Rodewald,N., Snyman,R.G. and Simon,C.A.",ACCEPTED_NAME,RECONCILED
MT858684.1,MT858684,864,DNA,linear,Polydora websteri,Polydora websteri,Polydora websteri,COX1,COI,mitochondrial_protein_coding,NORMALIZED,South Africa: Algoa Bay,,,,Aug-2017,Carol Simon,,,False,PE10,,,Farmed oyster shell,,taxon:1167209,Worming its way in - Polydora websteri (Annelida: Spionidae) adds to the number of non-indigenous shell-boring polydorid pests of cultured molluscs in South Africa,Zootaxa (2021) In press,"Rodewald,N., Snyman,R.G. and Simon,C.A.",ACCEPTED_NAME,RECONCILED
MT858683.1,MT858683,864,DNA,linear,Polydora websteri,Polydora websteri,Polydora websteri,COX1,COI,mitochondrial_protein_coding,NORMALIZED,South Africa: Algoa Bay,,,,Aug-2017,Carol Simon,,,False,PE9,,,Farmed oyster shell,,taxon:1167209,Worming its way in - Polydora websteri (Annelida: Spionidae) adds to the number of non-indigenous shell-boring polydorid pests of cultured molluscs in South Africa,Zootaxa (2021) In press,"Rodewald,N., Snyman,R.G. and Simon,C.A.",ACCEPTED_NAME,RECONCILED
MT858682.1,MT858682,864,DNA,linear,Polydora websteri,Polydora websteri,Polydora websteri,COX1,COI,mitochondrial_protein_coding,NORMALIZED,South Africa: Algoa Bay,,,,Aug-2017,Carol Simon,,,False,PE8,,,Farmed oyster shell,,taxon:1167209,Worming its way in - Polydora websteri (Annelida: Spionidae) adds to the number of non-indigenous shell-boring polydorid pests of cultured molluscs in South Africa,Zootaxa (2021) In press,"Rodewald,N., Snyman,R.G. and Simon,C.A.",ACCEPTED_NAME,RECONCILED
MT858681.1,MT858681,864,DNA,linear,Polydora websteri,Polydora websteri,Polydora websteri,COX1,COI,mitochondrial_protein_coding,NORMALIZED,South Africa: Algoa Bay,,,,Aug-2017,Carol Simon,,,False,PE7,,,Farmed oyster shell,,taxon:1167209,Worming its way in - Polydora websteri (Annelida: Spionidae) adds to the number of non-indigenous shell-boring polydorid pests of cultured molluscs in South Africa,Zootaxa (2021) In press,"Rodewald,N., Snyman,R.G. and Simon,C.A.",ACCEPTED_NAME,RECONCILED
MT858680.1,MT858680,864,DNA,linear,Polydora websteri,Polydora websteri,Polydora websteri,COX1,COI,mitochondrial_protein_coding,NORMALIZED,South Africa: Algoa Bay,,,,Aug-2017,Carol Simon,,,False,PE6,,,Farmed oyster shell,,taxon:1167209,Worming its way in - Polydora websteri (Annelida: Spionidae) adds to the number of non-indigenous shell-boring polydorid pests of cultured molluscs in South Africa,Zootaxa (2021) In press,"Rodewald,N., Snyman,R.G. and Simon,C.A.",ACCEPTED_NAME,RECONCILED
MT858679.1,MT858679,864,DNA,linear,Polydora websteri,Polydora websteri,Polydora websteri,COX1,COI,mitochondrial_protein_coding,NORMALIZED,South Africa: Algoa Bay,,,,Aug-2017,Carol Simon,,,False,PE5,,,Farmed oyster shell,,taxon:1167209,Worming its way in - Polydora websteri (Annelida: Spionidae) adds to the number of non-indigenous shell-boring polydorid pests of cultured molluscs in South Africa,Zootaxa (2021) In press,"Rodewald,N., Snyman,R.G. and Simon,C.A.",ACCEPTED_NAME,RECONCILED
MT858678.1,MT858678,864,DNA,linear,Polydora websteri,Polydora websteri,Polydora websteri,COX1,COI,mitochondrial_protein_coding,NORMALIZED,South Africa: Algoa Bay,,,,Aug-2017,Carol Simon,,,False,PE4,,,Farmed oyster shell,,taxon:1167209,Worming its way in - Polydora websteri (Annelida: Spionidae) adds to the number of non-indigenous shell-boring polydorid pests of cultured molluscs in South Africa,Zootaxa (2021) In press,"Rodewald,N., Snyman,R.G. and Simon,C.A.",ACCEPTED_NAME,RECONCILED
MT858677.1,MT858677,864,DNA,linear,Polydora websteri,Polydora websteri,Polydora websteri,COX1,COI,mitochondrial_protein_coding,NORMALIZED,South Africa: Algoa Bay,,,,Aug-2017,Carol Simon,,,False,PE3,,,Farmed oyster shell,,taxon:1167209,Worming its way in - Polydora websteri (Annelida: Spionidae) adds to the number of non-indigenous shell-boring polydorid pests of cultured molluscs in South Africa,Zootaxa (2021) In press,"Rodewald,N., Snyman,R.G. and Simon,C.A.",ACCEPTED_NAME,RECONCILED
MT858676.1,MT858676,864,DNA,linear,Polydora websteri,Polydora websteri,Polydora websteri,COX1,COI,mitochondrial_protein_coding,NORMALIZED,South Africa: Algoa Bay,,,,Aug-2017,Carol Simon,,,False,PE2,,,Farmed oyster shell,,taxon:1167209,Worming its way in - Polydora websteri (Annelida: Spionidae) adds to the number of non-indigenous shell-boring polydorid pests of cultured molluscs in South Africa,Zootaxa (2021) In press,"Rodewald,N., Snyman,R.G. and Simon,C.A.",ACCEPTED_NAME,RECONCILED
MT858675.1,MT858675,864,DNA,linear,Polydora websteri,Polydora websteri,Polydora websteri,COX1,COI,mitochondrial_protein_coding,NORMALIZED,South Africa: Algoa Bay,,,,Aug-2017,Carol Simon,,,False,PE1,,,Farmed oyster shell,,taxon:1167209,Worming its way in - Polydora websteri (Annelida: Spionidae) adds to the number of non-indigenous shell-boring polydorid pests of cultured molluscs in South Africa,Zootaxa (2021) In press,"Rodewald,N., Snyman,R.G. and Simon,C.A.",ACCEPTED_NAME,RECONCILED
MT858674.1,MT858674,864,DNA,linear,Polydora websteri,Polydora websteri,Polydora websteri,COX1,COI,mitochondrial_protein_coding,NORMALIZED,Australia,,,,,Carol Simon,,,False,AU7,,,Oyster shell,,taxon:1167209,Worming its way in - Polydora websteri (Annelida: Spionidae) adds to the number of non-indigenous shell-boring polydorid pests of cultured molluscs in South Africa,Zootaxa (2021) In press,"Rodewald,N., Snyman,R.G. and Simon,C.A.",ACCEPTED_NAME,RECONCILED
MT858673.1,MT858673,864,DNA,linear,Polydora websteri,Polydora websteri,Polydora websteri,COX1,COI,mitochondrial_protein_coding,NORMALIZED,Australia,,,,,Carol Simon,,,False,AU6,,,Oyster shell,,taxon:1167209,Worming its way in - Polydora websteri (Annelida: Spionidae) adds to the number of non-indigenous shell-boring polydorid pests of cultured molluscs in South Africa,Zootaxa (2021) In press,"Rodewald,N., Snyman,R.G. and Simon,C.A.",ACCEPTED_NAME,RECONCILED
MT858672.1,MT858672,864,DNA,linear,Polydora websteri,Polydora websteri,Polydora websteri,COX1,COI,mitochondrial_protein_coding,NORMALIZED,Australia,,,,,Carol Simon,,,False,AU4,,,Oyster shell,,taxon:1167209,Worming its way in - Polydora websteri (Annelida: Spionidae) adds to the number of non-indigenous shell-boring polydorid pests of cultured molluscs in South Africa,Zootaxa (2021) In press,"Rodewald,N., Snyman,R.G. and Simon,C.A.",ACCEPTED_NAME,RECONCILED
MT858671.1,MT858671,864,DNA,linear,Polydora websteri,Polydora websteri,Polydora websteri,COX1,COI,mitochondrial_protein_coding,NORMALIZED,Australia,,,,,Carol Simon,,,False,AU3,,,Oyster shell,,taxon:1167209,Worming its way in - Polydora websteri (Annelida: Spionidae) adds to the number of non-indigenous shell-boring polydorid pests of cultured molluscs in South Africa,Zootaxa (2021) In press,"Rodewald,N., Snyman,R.G. and Simon,C.A.",ACCEPTED_NAME,RECONCILED
MT858670.1,MT858670,864,DNA,linear,Polydora websteri,Polydora websteri,Polydora websteri,COX1,COI,mitochondrial_protein_coding,NORMALIZED,Australia,,,,,Carol Simon,,,False,AU2,,,Oyster shell,,taxon:1167209,Worming its way in - Polydora websteri (Annelida: Spionidae) adds to the number of non-indigenous shell-boring polydorid pests of cultured molluscs in South Africa,Zootaxa (2021) In press,"Rodewald,N., Snyman,R.G. and Simon,C.A.",ACCEPTED_NAME,RECONCILED
MT858669.1,MT858669,864,DNA,linear,Polydora websteri,Polydora websteri,Polydora websteri,COX1,COI,mitochondrial_protein_coding,NORMALIZED,Australia,,,,,Carol Simon,,,False,AU1,,,Oyster shell,,taxon:1167209,Worming its way in - Polydora websteri (Annelida: Spionidae) adds to the number of non-indigenous shell-boring polydorid pests of cultured molluscs in South Africa,Zootaxa (2021) In press,"Rodewald,N., Snyman,R.G. and Simon,C.A.",ACCEPTED_NAME,RECONCILED
MW270169.1,MW270169,1545,DNA,linear,Polydora websteri,Polydora websteri,Polydora websteri,COX1,COI,mitochondrial_protein_coding,NORMALIZED,,,,,25-Sep-2019,,,AUM-45709,True,,,,,,taxon:1167209,Mitochondrial genome of Polydora websteri,Unpublished,"Bogantes,V.E. and Halanych,K.M.",ACCEPTED_NAME,RECONCILED
MT269756.1,MT269756,679,DNA,linear,Polydora websteri,Polydora websteri,Polydora websteri,COX1,COI,mitochondrial_protein_coding,NORMALIZED,Germany: List auf Sylt,,,54.99 N 8.39 E,,,,,False,Pweb_b,,,Crassostrea gigas shell,,taxon:1167209,"First record of the invasive shell-boring annelid Polydora websteri (Polychaeta, Spionidae) at the European Atlantic coast",Unpublished,"Waser,A.M., Lackschewitz,D., Knol,J., Reise,K., Wegner,K.M. and Thieltges,D.W.",ACCEPTED_NAME,RECONCILED
MT269755.1,MT269755,679,DNA,linear,Polydora websteri,Polydora websteri,Polydora websteri,COX1,COI,mitochondrial_protein_coding,NORMALIZED,Germany: List auf Sylt,,,54.99 N 8.39 E,,,,,False,Pweb_a,,,Crassostrea gigas shell,,taxon:1167209,"First record of the invasive shell-boring annelid Polydora websteri (Polychaeta, Spionidae) at the European Atlantic coast",Unpublished,"Waser,A.M., Lackschewitz,D., Knol,J., Reise,K., Wegner,K.M. and Thieltges,D.W.",ACCEPTED_NAME,RECONCILED
MK696589.1,MK696589,655,DNA,linear,Polydora websteri,Polydora websteri,Polydora websteri,COI,COI,mitochondrial_protein_coding,NORMALIZED,,,,,,,,,False,Jason8_OaklandSEM,,,,,taxon:1167209,"Confirmation of the shell-boring oyster parasite Polydora websteri (Polychaeta: Spionidae) in Washington State, USA",Unpublished,"Martinelli,J., Lopes,H., Jimenez Hidalgo,I., Hauser,L., King,T., Spencer,L., Rawson,P., Williams,J., Padilla Gamino,J. and Wood,C.",ACCEPTED_NAME,RECONCILED
MK696588.1,MK696588,654,DNA,linear,Polydora websteri,Polydora websteri,Polydora websteri,COI,COI,mitochondrial_protein_coding,NORMALIZED,,,,,,,,,False,Jason6_OaklandSEM,,,,,taxon:1167209,"Confirmation of the shell-boring oyster parasite Polydora websteri (Polychaeta: Spionidae) in Washington State, USA",Unpublished,"Martinelli,J., Lopes,H., Jimenez Hidalgo,I., Hauser,L., King,T., Spencer,L., Rawson,P., Williams,J., Padilla Gamino,J. and Wood,C.",ACCEPTED_NAME,RECONCILED
MK696587.1,MK696587,653,DNA,linear,Polydora websteri,Polydora websteri,Polydora websteri,COI,COI,mitochondrial_protein_coding,NORMALIZED,,,,,,,,,False,Jason4_OaklandSEM,,,,,taxon:1167209,"Confirmation of the shell-boring oyster parasite Polydora websteri (Polychaeta: Spionidae) in Washington State, USA",Unpublished,"Martinelli,J., Lopes,H., Jimenez Hidalgo,I., Hauser,L., King,T., Spencer,L., Rawson,P., Williams,J., Padilla Gamino,J. and Wood,C.",ACCEPTED_NAME,RECONCILED
MK696586.1,MK696586,654,DNA,linear,Polydora websteri,Polydora websteri,Polydora websteri,COI,COI,mitochondrial_protein_coding,NORMALIZED,,,,,,,,,False,Jason3_OaklandSEM,,,,,taxon:1167209,"Confirmation of the shell-boring oyster parasite Polydora websteri (Polychaeta: Spionidae) in Washington State, USA",Unpublished,"Martinelli,J., Lopes,H., Jimenez Hidalgo,I., Hauser,L., King,T., Spencer,L., Rawson,P., Williams,J., Padilla Gamino,J. and Wood,C.",ACCEPTED_NAME,RECONCILED
MK696585.1,MK696585,658,DNA,linear,Polydora websteri,Polydora websteri,Polydora websteri,COI,COI,mitochondrial_protein_coding,NORMALIZED,,,,,,,,,False,LongIsland5B,,,,,taxon:1167209,"Confirmation of the shell-boring oyster parasite Polydora websteri (Polychaeta: Spionidae) in Washington State, USA",Unpublished,"Martinelli,J., Lopes,H., Jimenez Hidalgo,I., Hauser,L., Spencer,L., King,T., Rawson,P., Williams,J., Padilla Gamino,J. and Wood,C.",ACCEPTED_NAME,RECONCILED
MK696584.1,MK696584,648,DNA,linear,Polydora websteri,Polydora websteri,Polydora websteri,COI,COI,mitochondrial_protein_coding,NORMALIZED,,,,,,,,,False,LongIsland4B,,,,,taxon:1167209,"Confirmation of the shell-boring oyster parasite Polydora websteri (Polychaeta: Spionidae) in Washington State, USA",Unpublished,"Martinelli,J., Lopes,H., Jimenez Hidalgo,I., Hauser,L., Spencer,L., King,T., Rawson,P., Williams,J., Padilla Gamino,J. and Wood,C.",ACCEPTED_NAME,RECONCILED
MK696583.1,MK696583,649,DNA,linear,Polydora websteri,Polydora websteri,Polydora websteri,COI,COI,mitochondrial_protein_coding,NORMALIZED,,,,,,,,,False,LongIsland3B,,,,,taxon:1167209,"Confirmation of the shell-boring oyster parasite Polydora websteri (Polychaeta: Spionidae) in Washington State, USA",Unpublished,"Martinelli,J., Lopes,H., Jimenez Hidalgo,I., Hauser,L., Spencer,L., King,T., Rawson,P., Williams,J., Padilla Gamino,J. and Wood,C.",ACCEPTED_NAME,RECONCILED
MK696582.1,MK696582,617,DNA,linear,Polydora websteri,Polydora websteri,Polydora websteri,COI,COI,mitochondrial_protein_coding,NORMALIZED,,,,,,,,,False,LongIsland2B,,,,,taxon:1167209,"Confirmation of the shell-boring oyster parasite Polydora websteri (Polychaeta: Spionidae) in Washington State, USA",Unpublished,"Martinelli,J., Lopes,H., Jimenez Hidalgo,I., Hauser,L., Spencer,L., King,T., Rawson,P., Williams,J., Padilla Gamino,J. and Wood,C.",ACCEPTED_NAME,RECONCILED
MK369936.1,MK369936,580,DNA,linear,Polydora websteri,Polydora websteri,Polydora websteri,18S small subunit ribosomal RNA,18S,nuclear_rRNA,NORMALIZED,USA,,,,,,Jason D Williams,,False,LongIsland5B,,,,,taxon:1167209,"Confirmation of the shell-boring oyster parasite Polydora websteri (Polychaeta: Spionidae) in Washington State, USA",Unpublished,"Lopes,H., Wood,C., Jimenez,I., Hauser,L., Rawson,P., King,T., Spencer,L., Padilla-Gamino,J. and Williams,J.",ACCEPTED_NAME,RECONCILED
MK369935.1,MK369935,569,DNA,linear,Polydora websteri,Polydora websteri,Polydora websteri,18S small subunit ribosomal RNA,18S,nuclear_rRNA,NORMALIZED,USA,,,,,,Jason D Williams,,False,LongIsland4B,,,,,taxon:1167209,"Confirmation of the shell-boring oyster parasite Polydora websteri (Polychaeta: Spionidae) in Washington State, USA",Unpublished,"Lopes,H., Wood,C., Jimenez,I., Hauser,L., Rawson,P., King,T., Spencer,L., Padilla-Gamino,J. and Williams,J.",ACCEPTED_NAME,RECONCILED
MK369934.1,MK369934,625,DNA,linear,Polydora websteri,Polydora websteri,Polydora websteri,18S small subunit ribosomal RNA,18S,nuclear_rRNA,NORMALIZED,USA,,,,,,Jason D Williams,,False,LongIsland3B,,,,,taxon:1167209,"Confirmation of the shell-boring oyster parasite Polydora websteri (Polychaeta: Spionidae) in Washington State, USA",Unpublished,"Lopes,H., Wood,C., Jimenez,I., Hauser,L., Rawson,P., King,T., Spencer,L., Padilla-Gamino,J. and Williams,J.",ACCEPTED_NAME,RECONCILED
MK369933.1,MK369933,625,DNA,linear,Polydora websteri,Polydora websteri,Polydora websteri,18S small subunit ribosomal RNA,18S,nuclear_rRNA,NORMALIZED,USA,,,,,,Jason D Williams,,False,LongIsland2B,,,,,taxon:1167209,"Confirmation of the shell-boring oyster parasite Polydora websteri (Polychaeta: Spionidae) in Washington State, USA",Unpublished,"Lopes,H., Wood,C., Jimenez,I., Hauser,L., Rawson,P., King,T., Spencer,L., Padilla-Gamino,J. and Williams,J.",ACCEPTED_NAME,RECONCILED
MK188736.1,MK188736,591,DNA,linear,Polydora websteri,Polydora websteri,Polydora websteri,COI,COI,mitochondrial_protein_coding,NORMALIZED,,,,,,,,,False,Oakland_8_COI_R_D05.ab1,,,,,taxon:1167209,"First confirmation of the shell-boring oyster parasite Polydora websteri (Polychaeta: Spionidae) in Washington State, USA",PeerJ (2019) In press,"Lopes,H.M., Martinelli,J., Hauser,L., Jimenez-Hidalgo,I., King,T.L., Padilla-Gamino,J.L., Rawson,P., Spencer,L.H., Williams,J. and Wood,C.L.",ACCEPTED_NAME,RECONCILED
MK188735.1,MK188735,588,DNA,linear,Polydora websteri,Polydora websteri,Polydora websteri,COI,COI,mitochondrial_protein_coding,NORMALIZED,,,,,,,,,False,Oakland_7_COI_R_C08.ab1,,,,,taxon:1167209,"First confirmation of the shell-boring oyster parasite Polydora websteri (Polychaeta: Spionidae) in Washington State, USA",PeerJ (2019) In press,"Lopes,H.M., Martinelli,J., Hauser,L., Jimenez-Hidalgo,I., King,T.L., Padilla-Gamino,J.L., Rawson,P., Spencer,L.H., Williams,J. and Wood,C.L.",ACCEPTED_NAME,RECONCILED
MK188734.1,MK188734,587,DNA,linear,Polydora websteri,Polydora websteri,Polydora websteri,COI,COI,mitochondrial_protein_coding,NORMALIZED,,,,,,,,,False,Oakland_5_COI_R_H05.ab1,,,,,taxon:1167209,"First confirmation of the shell-boring oyster parasite Polydora websteri (Polychaeta: Spionidae) in Washington State, USA",PeerJ (2019) In press,"Lopes,H.M., Martinelli,J., Hauser,L., Jimenez-Hidalgo,I., King,T.L., Padilla-Gamino,J.L., Rawson,P., Spencer,L.H., Williams,J. and Wood,C.L.",ACCEPTED_NAME,RECONCILED
MK188733.1,MK188733,607,DNA,linear,Polydora websteri,Polydora websteri,Polydora websteri,COI,COI,mitochondrial_protein_coding,NORMALIZED,,,,,,,,,False,Oakland_4_COI_F_H02.ab1,,,,,taxon:1167209,"First confirmation of the shell-boring oyster parasite Polydora websteri (Polychaeta: Spionidae) in Washington State, USA",PeerJ (2019) In press,"Lopes,H.M., Martinelli,J., Hauser,L., Jimenez-Hidalgo,I., King,T.L., Padilla-Gamino,J.L., Rawson,P., Spencer,L.H., Williams,J. and Wood,C.L.",ACCEPTED_NAME,RECONCILED
MK188732.1,MK188732,574,DNA,linear,Polydora websteri,Polydora websteri,Polydora websteri,COI,COI,mitochondrial_protein_coding,NORMALIZED,,,,,,,,,False,Oakland_3_COI_R_E08.ab1,,,,,taxon:1167209,"First confirmation of the shell-boring oyster parasite Polydora websteri (Polychaeta: Spionidae) in Washington State, USA",PeerJ (2019) In press,"Lopes,H.M., Martinelli,J., Hauser,L., Jimenez-Hidalgo,I., King,T.L., Padilla-Gamino,J.L., Rawson,P., Spencer,L.H., Williams,J. and Wood,C.L.",ACCEPTED_NAME,RECONCILED
MK188731.1,MK188731,577,DNA,linear,Polydora websteri,Polydora websteri,Polydora websteri,COI,COI,mitochondrial_protein_coding,NORMALIZED,,,,,,,,,False,Oakland_2_COI_F_F04.ab1,,,,,taxon:1167209,"First confirmation of the shell-boring oyster parasite Polydora websteri (Polychaeta: Spionidae) in Washington State, USA",PeerJ (2019) In press,"Lopes,H.M., Martinelli,J., Hauser,L., Jimenez-Hidalgo,I., King,T.L., Padilla-Gamino,J.L., Rawson,P., Spencer,L.H., Williams,J. and Wood,C.L.",ACCEPTED_NAME,RECONCILED
MK188730.1,MK188730,598,DNA,linear,Polydora websteri,Polydora websteri,Polydora websteri,COI,COI,mitochondrial_protein_coding,NORMALIZED,,,,,,,,,False,Oakland_1_COI_F_G03.ab1,,,,,taxon:1167209,"First confirmation of the shell-boring oyster parasite Polydora websteri (Polychaeta: Spionidae) in Washington State, USA",PeerJ (2019) In press,"Lopes,H.M., Martinelli,J., Hauser,L., Jimenez-Hidalgo,I., King,T.L., Padilla-Gamino,J.L., Rawson,P., Spencer,L.H., Williams,J. and Wood,C.L.",ACCEPTED_NAME,RECONCILED
MK696004.1,MK696004,626,DNA,linear,Polydora websteri,Polydora websteri,Polydora websteri,small subunit ribosomal RNA,,ribosomal_RNA,AMBIGUOUS,,,,,,,,7Jason18S_Oakland,True,,,,,,taxon:1167209,"Confirmation of the shell-boring oyster parasite Polydora websteri (Polychaeta: Spionidae) in Washington State, USA",Unpublished,"Martinelli,J.C., Lopes,H.M., Spencer,L.H., King,T., Jimenez Hidalgo,I., Hauser,L., Rawson,P., Williams,J., Padilla Gamino,J. and Wood,C.",ACCEPTED_NAME,RECONCILED
MK696003.1,MK696003,624,DNA,linear,Polydora websteri,Polydora websteri,Polydora websteri,small subunit ribosomal RNA,,ribosomal_RNA,AMBIGUOUS,,,,,,,,6Jason18S_Oakland,True,,,,,,taxon:1167209,"Confirmation of the shell-boring oyster parasite Polydora websteri (Polychaeta: Spionidae) in Washington State, USA",Unpublished,"Martinelli,J.C., Lopes,H.M., Spencer,L.H., King,T., Jimenez Hidalgo,I., Hauser,L., Rawson,P., Williams,J., Padilla Gamino,J. and Wood,C.",ACCEPTED_NAME,RECONCILED
MK696002.1,MK696002,628,DNA,linear,Polydora websteri,Polydora websteri,Polydora websteri,small subunit ribosomal RNA,,ribosomal_RNA,AMBIGUOUS,,,,,,,,5Jason18S_Oakland,True,,,,,,taxon:1167209,"Confirmation of the shell-boring oyster parasite Polydora websteri (Polychaeta: Spionidae) in Washington State, USA",Unpublished,"Martinelli,J.C., Lopes,H.M., Spencer,L.H., King,T., Jimenez Hidalgo,I., Hauser,L., Rawson,P., Williams,J., Padilla Gamino,J. and Wood,C.",ACCEPTED_NAME,RECONCILED
MK696001.1,MK696001,625,DNA,linear,Polydora websteri,Polydora websteri,Polydora websteri,small subunit ribosomal RNA,,ribosomal_RNA,AMBIGUOUS,,,,,,,,4Jason18S_Oakland,True,,,,,,taxon:1167209,"Confirmation of the shell-boring oyster parasite Polydora websteri (Polychaeta: Spionidae) in Washington State, USA",Unpublished,"Martinelli,J.C., Lopes,H.M., Spencer,L.H., King,T., Jimenez Hidalgo,I., Hauser,L., Rawson,P., Williams,J., Padilla Gamino,J. and Wood,C.",ACCEPTED_NAME,RECONCILED
MK696000.1,MK696000,625,DNA,linear,Polydora websteri,Polydora websteri,Polydora websteri,small subunit ribosomal RNA,,ribosomal_RNA,AMBIGUOUS,,,,,,,,3Jason18S_Oakland,True,,,,,,taxon:1167209,"Confirmation of the shell-boring oyster parasite Polydora websteri (Polychaeta: Spionidae) in Washington State, USA",Unpublished,"Martinelli,J.C., Lopes,H.M., Spencer,L.H., King,T., Jimenez Hidalgo,I., Hauser,L., Rawson,P., Williams,J., Padilla Gamino,J. and Wood,C.",ACCEPTED_NAME,RECONCILED
MK695999.1,MK695999,619,DNA,linear,Polydora websteri,Polydora websteri,Polydora websteri,small subunit ribosomal RNA,,ribosomal_RNA,AMBIGUOUS,,,,,,,,2Jason18S_Oakland,True,,,,,,taxon:1167209,"Confirmation of the shell-boring oyster parasite Polydora websteri (Polychaeta: Spionidae) in Washington State, USA",Unpublished,"Martinelli,J.C., Lopes,H.M., Spencer,L.H., King,T., Jimenez Hidalgo,I., Hauser,L., Rawson,P., Williams,J., Padilla Gamino,J. and Wood,C.",ACCEPTED_NAME,RECONCILED
MG977714.1,MG977714,794,DNA,linear,Polydora websteri,Polydora websteri,Polydora websteri,COI,COI,mitochondrial_protein_coding,NORMALIZED,"USA: Kualoa Ranch, Kanoehe Bay, HI",,,,,,,,False,,,,,,taxon:1167209,Genetic homogeneity among geographically distant populations of the blister worm Polydora websteri,"Aquac Environ Interact 10, 437-446 (2018)","Rice,L., Lindsay,S. and Rawson,P.",ACCEPTED_NAME,RECONCILED
MG977713.1,MG977713,794,DNA,linear,Polydora websteri,Polydora websteri,Polydora websteri,COI,COI,mitochondrial_protein_coding,NORMALIZED,"USA: Bagaduce River, Brooksville, ME",,,,,,,,False,,,,,,taxon:1167209,Genetic homogeneity among geographically distant populations of the blister worm Polydora websteri,"Aquac Environ Interact 10, 437-446 (2018)","Rice,L., Lindsay,S. and Rawson,P.",ACCEPTED_NAME,RECONCILED
MG977712.1,MG977712,794,DNA,linear,Polydora websteri,Polydora websteri,Polydora websteri,COI,COI,mitochondrial_protein_coding,NORMALIZED,"USA: Fishing Creek, Hoopers Island, MD",,,,,,,,False,,,,,,taxon:1167209,Genetic homogeneity among geographically distant populations of the blister worm Polydora websteri,"Aquac Environ Interact 10, 437-446 (2018)","Rice,L., Lindsay,S. and Rawson,P.",ACCEPTED_NAME,RECONCILED
MG977711.1,MG977711,794,DNA,linear,Polydora websteri,Polydora websteri,Polydora websteri,COI,COI,mitochondrial_protein_coding,NORMALIZED,"USA: Fishing Creek, Hoopers Island, MD",,,,,,,,False,,,,,,taxon:1167209,Genetic homogeneity among geographically distant populations of the blister worm Polydora websteri,"Aquac Environ Interact 10, 437-446 (2018)","Rice,L., Lindsay,S. and Rawson,P.",ACCEPTED_NAME,RECONCILED
MG977710.1,MG977710,794,DNA,linear,Polydora websteri,Polydora websteri,Polydora websteri,COI,COI,mitochondrial_protein_coding,NORMALIZED,"USA: Fishing Creek, Hoopers Island, MD",,,,,,,,False,,,,,,taxon:1167209,Genetic homogeneity among geographically distant populations of the blister worm Polydora websteri,"Aquac Environ Interact 10, 437-446 (2018)","Rice,L., Lindsay,S. and Rawson,P.",ACCEPTED_NAME,RECONCILED
MG977709.1,MG977709,794,DNA,linear,Polydora websteri,Polydora websteri,Polydora websteri,COI,COI,mitochondrial_protein_coding,NORMALIZED,"USA: Portersville Bay, Coden, AL",,,,,,,,False,,,,,,taxon:1167209,Genetic homogeneity among geographically distant populations of the blister worm Polydora websteri,"Aquac Environ Interact 10, 437-446 (2018)","Rice,L., Lindsay,S. and Rawson,P.",ACCEPTED_NAME,RECONCILED
MG977708.1,MG977708,794,DNA,linear,Polydora websteri,Polydora websteri,Polydora websteri,COI,COI,mitochondrial_protein_coding,NORMALIZED,"USA: Portersville Bay, Coden, AL",,,,,,,,False,,,,,,taxon:1167209,Genetic homogeneity among geographically distant populations of the blister worm Polydora websteri,"Aquac Environ Interact 10, 437-446 (2018)","Rice,L., Lindsay,S. and Rawson,P.",ACCEPTED_NAME,RECONCILED
MG977707.1,MG977707,794,DNA,linear,Polydora websteri,Polydora websteri,Polydora websteri,COI,COI,mitochondrial_protein_coding,NORMALIZED,"USA: Bagaduce River, Brooksville, ME",,,,,,,,False,,,,,,taxon:1167209,Genetic homogeneity among geographically distant populations of the blister worm Polydora websteri,"Aquac Environ Interact 10, 437-446 (2018)","Rice,L., Lindsay,S. and Rawson,P.",ACCEPTED_NAME,RECONCILED
MG977706.1,MG977706,794,DNA,linear,Polydora websteri,Polydora websteri,Polydora websteri,COI,COI,mitochondrial_protein_coding,NORMALIZED,"USA: Bagaduce River, Brooksville, ME",,,,,,,,False,,,,,,taxon:1167209,Genetic homogeneity among geographically distant populations of the blister worm Polydora websteri,"Aquac Environ Interact 10, 437-446 (2018)","Rice,L., Lindsay,S. and Rawson,P.",ACCEPTED_NAME,RECONCILED
MG977705.1,MG977705,794,DNA,linear,Polydora websteri,Polydora websteri,Polydora websteri,COI,COI,mitochondrial_protein_coding,NORMALIZED,"USA: Portersville Bay, Coden, AL",,,,,,,,False,,,,,,taxon:1167209,Genetic homogeneity among geographically distant populations of the blister worm Polydora websteri,"Aquac Environ Interact 10, 437-446 (2018)","Rice,L., Lindsay,S. and Rawson,P.",ACCEPTED_NAME,RECONCILED
MG977704.1,MG977704,794,DNA,linear,Polydora websteri,Polydora websteri,Polydora websteri,COI,COI,mitochondrial_protein_coding,NORMALIZED,"USA: Portersville Bay, Coden, AL",,,,,,,,False,,,,,,taxon:1167209,Genetic homogeneity among geographically distant populations of the blister worm Polydora websteri,"Aquac Environ Interact 10, 437-446 (2018)","Rice,L., Lindsay,S. and Rawson,P.",ACCEPTED_NAME,RECONCILED
MG977703.1,MG977703,794,DNA,linear,Polydora websteri,Polydora websteri,Polydora websteri,COI,COI,mitochondrial_protein_coding,NORMALIZED,"USA: Portersville Bay, Coden, AL",,,,,,,,False,,,,,,taxon:1167209,Genetic homogeneity among geographically distant populations of the blister worm Polydora websteri,"Aquac Environ Interact 10, 437-446 (2018)","Rice,L., Lindsay,S. and Rawson,P.",ACCEPTED_NAME,RECONCILED
MG977702.1,MG977702,794,DNA,linear,Polydora websteri,Polydora websteri,Polydora websteri,COI,COI,mitochondrial_protein_coding,NORMALIZED,"USA: Bagaduce River, Brooksville, ME",,,,,,,,False,,,,,,taxon:1167209,Genetic homogeneity among geographically distant populations of the blister worm Polydora websteri,"Aquac Environ Interact 10, 437-446 (2018)","Rice,L., Lindsay,S. and Rawson,P.",ACCEPTED_NAME,RECONCILED
KR337472.1,KR337472,853,DNA,linear,Polydora websteri,Polydora websteri,Polydora websteri,COI,COI,mitochondrial_protein_coding,NORMALIZED,"China: Yangxi county, Guangdong province",,,,,"Ye, LT",,,False,A38-pw9,,,,,taxon:1167209,"Morphological and Molecular Characterization of Polydora websteri (Annelida: Spionidae), with Remarks on Relationship of Adult Worms and Larvae using Mitochondrial COI Gene as a Molecular Marker","Pak J Zool 49 (2), 699-710 (2017)","Ye,L., Cao,C., Tang,B., Yao,T., Wang,R. and Wang,J.",ACCEPTED_NAME,RECONCILED
KR337471.1,KR337471,853,DNA,linear,Polydora websteri,Polydora websteri,Polydora websteri,COI,COI,mitochondrial_protein_coding,NORMALIZED,"China: Yangxi county, Guangdong province",,,,,"Ye, LT",,,False,A29-pw7,,,,,taxon:1167209,"Morphological and Molecular Characterization of Polydora websteri (Annelida: Spionidae), with Remarks on Relationship of Adult Worms and Larvae using Mitochondrial COI Gene as a Molecular Marker","Pak J Zool 49 (2), 699-710 (2017)","Ye,L., Cao,C., Tang,B., Yao,T., Wang,R. and Wang,J.",ACCEPTED_NAME,RECONCILED
KR337470.1,KR337470,853,DNA,linear,Polydora websteri,Polydora websteri,Polydora websteri,COI,COI,mitochondrial_protein_coding,NORMALIZED,"China: Yangxi county, Guangdong province",,,,,"Ye, LT",,,False,A16-pw5,,,,,taxon:1167209,"Morphological and Molecular Characterization of Polydora websteri (Annelida: Spionidae), with Remarks on Relationship of Adult Worms and Larvae using Mitochondrial COI Gene as a Molecular Marker","Pak J Zool 49 (2), 699-710 (2017)","Ye,L., Cao,C., Tang,B., Yao,T., Wang,R. and Wang,J.",ACCEPTED_NAME,RECONCILED
KR337469.1,KR337469,853,DNA,linear,Polydora websteri,Polydora websteri,Polydora websteri,COI,COI,mitochondrial_protein_coding,NORMALIZED,"China: Yangxi county, Guangdong province",,,,,"Ye, LT",,,False,A8-pw3,,,,,taxon:1167209,"Morphological and Molecular Characterization of Polydora websteri (Annelida: Spionidae), with Remarks on Relationship of Adult Worms and Larvae using Mitochondrial COI Gene as a Molecular Marker","Pak J Zool 49 (2), 699-710 (2017)","Ye,L., Cao,C., Tang,B., Yao,T., Wang,R. and Wang,J.",ACCEPTED_NAME,RECONCILED
KR337468.1,KR337468,853,DNA,linear,Polydora websteri,Polydora websteri,Polydora websteri,COI,COI,mitochondrial_protein_coding,NORMALIZED,"China: Yangxi county, Guangdong province",,,,,"Ye, LT",,,False,A5-pw1,,,,,taxon:1167209,"Morphological and Molecular Characterization of Polydora websteri (Annelida: Spionidae), with Remarks on Relationship of Adult Worms and Larvae using Mitochondrial COI Gene as a Molecular Marker","Pak J Zool 49 (2), 699-710 (2017)","Ye,L., Cao,C., Tang,B., Yao,T., Wang,R. and Wang,J.",ACCEPTED_NAME,RECONCILED
KR337467.1,KR337467,853,DNA,linear,Polydora websteri,Polydora websteri,Polydora websteri,COI,COI,mitochondrial_protein_coding,NORMALIZED,"China: Yangxi county, Guangdong province",,,,,"Ye, LT",,,False,F10-pw10,,,,,taxon:1167209,"Morphological and Molecular Characterization of Polydora websteri (Annelida: Spionidae), with Remarks on Relationship of Adult Worms and Larvae using Mitochondrial COI Gene as a Molecular Marker","Pak J Zool 49 (2), 699-710 (2017)","Ye,L., Cao,C., Tang,B., Yao,T., Wang,R. and Wang,J.",ACCEPTED_NAME,RECONCILED
KR337466.1,KR337466,853,DNA,linear,Polydora websteri,Polydora websteri,Polydora websteri,COI,COI,mitochondrial_protein_coding,NORMALIZED,"China: Yangxi county, Guangdong province",,,,,"Ye, LT",,,False,F9-pw8,,,,,taxon:1167209,"Morphological and Molecular Characterization of Polydora websteri (Annelida: Spionidae), with Remarks on Relationship of Adult Worms and Larvae using Mitochondrial COI Gene as a Molecular Marker","Pak J Zool 49 (2), 699-710 (2017)","Ye,L., Cao,C., Tang,B., Yao,T., Wang,R. and Wang,J.",ACCEPTED_NAME,RECONCILED
KR337465.1,KR337465,853,DNA,linear,Polydora websteri,Polydora websteri,Polydora websteri,COI,COI,mitochondrial_protein_coding,NORMALIZED,"China: Yangxi county, Guangdong province",,,,,"Ye, LT",,,False,F7-pw6,,,,,taxon:1167209,"Morphological and Molecular Characterization of Polydora websteri (Annelida: Spionidae), with Remarks on Relationship of Adult Worms and Larvae using Mitochondrial COI Gene as a Molecular Marker","Pak J Zool 49 (2), 699-710 (2017)","Ye,L., Cao,C., Tang,B., Yao,T., Wang,R. and Wang,J.",ACCEPTED_NAME,RECONCILED
KR337464.1,KR337464,853,DNA,linear,Polydora websteri,Polydora websteri,Polydora websteri,COI,COI,mitochondrial_protein_coding,NORMALIZED,"China: Yangxi county, Guangdong province",,,,,"Ye, LT",,,False,F6-pw4,,,,,taxon:1167209,"Morphological and Molecular Characterization of Polydora websteri (Annelida: Spionidae), with Remarks on Relationship of Adult Worms and Larvae using Mitochondrial COI Gene as a Molecular Marker","Pak J Zool 49 (2), 699-710 (2017)","Ye,L., Cao,C., Tang,B., Yao,T., Wang,R. and Wang,J.",ACCEPTED_NAME,RECONCILED
KR337463.1,KR337463,853,DNA,linear,Polydora websteri,Polydora websteri,Polydora websteri,COI,COI,mitochondrial_protein_coding,NORMALIZED,"China: Yangxi county, Guangdong province",,,,,"Ye, LT",,,False,F3-pw3,,,,,taxon:1167209,"Morphological and Molecular Characterization of Polydora websteri (Annelida: Spionidae), with Remarks on Relationship of Adult Worms and Larvae using Mitochondrial COI Gene as a Molecular Marker","Pak J Zool 49 (2), 699-710 (2017)","Ye,L., Cao,C., Tang,B., Yao,T., Wang,R. and Wang,J.",ACCEPTED_NAME,RECONCILED
KR337462.1,KR337462,853,DNA,linear,Polydora websteri,Polydora websteri,Polydora websteri,COI,COI,mitochondrial_protein_coding,NORMALIZED,"China: Yangxi county, Guangdong province",,,,,"Ye, LT",,,False,F2-pw2,,,,,taxon:1167209,"Morphological and Molecular Characterization of Polydora websteri (Annelida: Spionidae), with Remarks on Relationship of Adult Worms and Larvae using Mitochondrial COI Gene as a Molecular Marker","Pak J Zool 49 (2), 699-710 (2017)","Ye,L., Cao,C., Tang,B., Yao,T., Wang,R. and Wang,J.",ACCEPTED_NAME,RECONCILED
KR337461.1,KR337461,853,DNA,linear,Polydora websteri,Polydora websteri,Polydora websteri,COI,COI,mitochondrial_protein_coding,NORMALIZED,"China: Yangxi county, Guangdong province",,,,,"Ye, LT",,,False,F1-pw1,,,,,taxon:1167209,"Morphological and Molecular Characterization of Polydora websteri (Annelida: Spionidae), with Remarks on Relationship of Adult Worms and Larvae using Mitochondrial COI Gene as a Molecular Marker","Pak J Zool 49 (2), 699-710 (2017)","Ye,L., Cao,C., Tang,B., Yao,T., Wang,R. and Wang,J.",ACCEPTED_NAME,RECONCILED
KP231331.1,KP231331,939,DNA,linear,Polydora websteri,Polydora websteri,Polydora websteri,COI,COI,mitochondrial_protein_coding,NORMALIZED,China,,,,,Ling Tong Ye,,,False,NB1-1,,,,,taxon:1167209,Patinopecten yessoensis infested by Polydora brevipalpa,Unpublished,"Ye,L.T. and Wang,J.Y.",ACCEPTED_NAME,RECONCILED
KP231318.1,KP231318,547,DNA,linear,Polydora websteri,Polydora websteri,Polydora websteri,cytb,CytB,mitochondrial_protein_coding,NORMALIZED,China,,,,,,,,False,NB1-1,,,,,taxon:1167209,Patinopecten yessoensis infested by Polydora brevipalpa,Unpublished,"Ye,L.T. and Wang,J.Y.",ACCEPTED_NAME,RECONCILED
KP231302.1,KP231302,1706,DNA,linear,Polydora websteri,Polydora websteri,Polydora websteri,18S ribosomal RNA,18S,nuclear_rRNA,NORMALIZED,China,,,,,Ling Tong Ye,,,False,NB1-1,,,,,taxon:1167209,Patinopecten yessoensis infested by Polydora brevipalpa,Unpublished,"Ye,L.T. and Wang,J.Y.",ACCEPTED_NAME,RECONCILED
